street,suburb,government_area,market,country,country_code,location.type,location.coordinates,location.is_location_exact,airbnb_id
"Porto, Porto, Portugal",,"Cedofeita, Ildefonso, Sé, Miragaia, Nicolau, Vitória",Porto,Portugal,PT,Point,"[-8.61308, 41.1413]",False,10006546
"Rio de Janeiro, Rio de Janeiro, Brazil",Jardim Botânico,Jardim Botânico,Rio De Janeiro,Brazil,BR,Point,"[-43.23074991429229, -22.966253551739655]",True,10009999
"Honolulu, HI, United States",Oʻahu,Primary Urban Center,Oahu,United States,US,Point,"[-157.83919, 21.28634]",True,1001265
"Brooklyn, NY, United States",Brooklyn,Bushwick,New York,United States,US,Point,"[-73.93615, 40.69791]",True,10021707
"Rio de Janeiro, Rio de Janeiro, Brazil",Lagoa,Lagoa,Rio De Janeiro,Brazil,BR,Point,"[-43.205047082633435, -22.971950988341874]",True,10030955
"New York, NY, United States",Manhattan,Upper West Side,New York,United States,US,Point,"[-73.96523, 40.79962]",False,1003530
"Rio de Janeiro, Rio de Janeiro, Brazil",Copacabana,Copacabana,Rio De Janeiro,Brazil,BR,Point,"[-43.190849194463404, -22.984339360067814]",False,10038496
"Kadıköy, İstanbul, Turkey",Moda,Kadikoy,Istanbul,Turkey,TR,Point,"[29.03133, 40.98585]",True,10047964
"Rio de Janeiro, Rio de Janeiro, Brazil",Catete,Catete,Rio De Janeiro,Brazil,BR,Point,"[-43.18015675229857, -22.92638234778768]",True,10051164
"Montréal, Québec, Canada",Mile End,Le Plateau-Mont-Royal,Montreal,Canada,CA,Point,"[-73.59111, 45.51889]",True,10057447
"Brooklyn, NY, United States",Greenpoint,Greenpoint,New York,United States,US,Point,"[-73.94472, 40.72778]",True,10057826
"Montréal, Québec, Canada",Hochelaga-Maisonneuve,Mercier-Hochelaga-Maisonneuve,Montreal,Canada,CA,Point,"[-73.54949, 45.54548]",False,10059244
"Hong Kong, Hong Kong Island, Hong Kong",Central & Western District,Central & Western,Hong Kong,Hong Kong,HK,Point,"[114.15027, 22.28158]",True,10059872
"Montréal, Québec, Canada",Le Plateau-Mont-Royal,Le Plateau-Mont-Royal,Montreal,Canada,CA,Point,"[-73.57383, 45.52233]",True,10066928
"Rio de Janeiro, Rio de Janeiro, Brazil",Recreio dos Bandeirantes,Recreio dos Bandeirantes,Rio De Janeiro,Brazil,BR,Point,"[-43.4311123147628, -23.00035792660916]",False,10069642
"Hong Kong, Kowloon, Hong Kong",Yau Tsim Mong,Yau Tsim Mong,Hong Kong,Hong Kong,HK,Point,"[114.17158, 22.30469]",True,10082307
"Barcelona, Catalunya, Spain",Eixample,la Dreta de l'Eixample,Barcelona,Spain,ES,Point,"[2.16942, 41.40082]",True,10082422
"Porto, Porto, Portugal",,"Cedofeita, Ildefonso, Sé, Miragaia, Nicolau, Vitória",Porto,Portugal,PT,Point,"[-8.61123, 41.15225]",False,10083468
"Hong Kong , 九龍, Hong Kong",Sham Shui Po District,Sham Shui Po,Hong Kong,Hong Kong,HK,Point,"[114.1669, 22.3314]",True,10084023
"Surry Hills, NSW, Australia",Darlinghurst,Sydney,Sydney,Australia,AU,Point,"[151.21554, -33.88029]",True,10091713
"Beyoğlu, İstanbul, Turkey",Beyoglu,Beyoglu,Istanbul,Turkey,TR,Point,"[28.95825, 41.03777]",False,10092679
"New York, NY, United States",Manhattan,Chelsea,New York,United States,US,Point,"[-74.00074, 40.74577]",True,10096773
"Darlinghurst, NSW, Australia",Darlinghurst,Sydney,Sydney,Australia,AU,Point,"[151.21346, -33.87603]",False,10108388
"Rozelle, NSW, Australia",Lilyfield/Rozelle,Leichhardt,Sydney,Australia,AU,Point,"[151.17956, -33.86296]",True,10109896
"Porto, Porto, Portugal",,"Cedofeita, Ildefonso, Sé, Miragaia, Nicolau, Vitória",Porto,Portugal,PT,Point,"[-8.60867, 41.1543]",False,10112159
"Şişli, İstanbul, Turkey",Şişli,Sisli,Istanbul,Turkey,TR,Point,"[28.98713, 41.04841]",False,10115921
"Şişli, İstanbul, Turkey",Şişli,Sisli,Istanbul,Turkey,TR,Point,"[28.98818, 41.04772]",False,10116256
"Rio de Janeiro, Rio de Janeiro, Brazil",Laranjeiras,Laranjeiras,Rio De Janeiro,Brazil,BR,Point,"[-43.1825954762751, -22.930541460367934]",False,10116578
"Vila do Conde, Porto, Portugal",,Vila do Conde,Porto,Portugal,PT,Point,"[-8.75383, 41.3596]",False,10117617
"New York, NY, United States",Manhattan,Lower East Side,New York,United States,US,Point,"[-73.98944, 40.72063]",False,10120414
"New York, NY, United States",Upper East Side,Upper East Side,New York,United States,US,Point,"[-73.95854, 40.7664]",False,10133350
"Fatih , İstanbul, Turkey",Fatih,Fatih,Istanbul,Turkey,TR,Point,"[28.98009, 41.0062]",False,10133554
"Queens, NY, United States",Queens,Jackson Heights,New York,United States,US,Point,"[-73.88025, 40.74953]",True,10138784
"Queens, NY, United States",Queens,Briarwood,New York,United States,US,Point,"[-73.82257, 40.71485]",True,10140368
"Hong Kong, Hong Kong Island, Hong Kong",Central & Western District,Central & Western,Hong Kong,Hong Kong,HK,Point,"[114.15007, 22.28422]",True,10141950
"New York, NY, United States",Manhattan,East Harlem,New York,United States,US,Point,"[-73.93943, 40.79805]",True,10166883
"Brooklyn, NY, United States",Williamsburg,Williamsburg,New York,United States,US,Point,"[-73.93869, 40.71552]",True,10166986
"Coogee, NSW, Australia",Coogee,Randwick,Sydney,Australia,AU,Point,"[151.25541, -33.92398]",True,1016739
"Rio de Janeiro, Rio de Janeiro, Brazil",Vila Isabel,Vila Isabel,Rio De Janeiro,Brazil,BR,Point,"[-43.24277868091869, -22.915009354482486]",False,10184012
"Istanbul, İstanbul, Turkey",,Sariyer,Istanbul,Turkey,TR,Point,"[29.03693, 41.12452]",False,10186755
"Montreal, QC, Canada",Le Plateau-Mont-Royal,Le Plateau-Mont-Royal,Montreal,Canada,CA,Point,"[-73.58774, 45.52028]",True,1019168
"Zeytinburnu, İstanbul, Turkey",,Zeytinburnu,Istanbul,Turkey,TR,Point,"[28.89964, 40.99667]",False,10199760
"Rio de Janeiro, Rio de Janeiro, Brazil",,Ipanema,Rio De Janeiro,Brazil,BR,Point,"[-43.1998455458952, -22.980051683700506]",False,10201975
"Fairlight, NSW, Australia",Fairlight,Manly,Sydney,Australia,AU,Point,"[151.26969, -33.79629]",False,10209136
"Narrabeen, NSW, Australia",,Warringah,Sydney,Australia,AU,Point,"[151.29792, -33.71472]",True,10213499
"Hong Kong, Kowloon, Hong Kong",Yau Tsim Mong,Yau Tsim Mong,Hong Kong,Hong Kong,HK,Point,"[114.17034, 22.31655]",True,10215858
"Rio de Janeiro, Rio de Janeiro, Brazil",Recreio dos Bandeirantes,Recreio dos Bandeirantes,Rio De Janeiro,Brazil,BR,Point,"[-43.45296045334386, -23.008710784460312]",True,10220130
"Kailua-Kona, HI, United States",Kailua/Kona,North Kona,The Big Island,United States,US,Point,"[-155.96445, 19.5702]",True,1022200
"Lahaina, HI, United States",Maui,Lahaina,Maui,United States,US,Point,"[-156.68012, 20.96996]",True,10227000
"Rio de Janeiro, Rio de Janeiro, Brazil",Tijuca,Tijuca,Rio De Janeiro,Brazil,BR,Point,"[-43.247421907135774, -22.936203246553816]",False,10228731
"Hong Kong, Kowloon, Hong Kong",Mong Kok,Yau Tsim Mong,Hong Kong,Hong Kong,HK,Point,"[114.17073, 22.31723]",True,10233856
"Hong Kong, New Territories, Hong Kong",,Islands,Hong Kong,Hong Kong,HK,Point,"[113.92823, 22.27671]",False,10240767
"Rio de Janeiro, Rio de Janeiro, Brazil",Copacabana,Copacabana,Rio De Janeiro,Brazil,BR,Point,"[-43.17714541632985, -22.96270793328072]",False,10264100
"Waianae, HI, United States",Leeward Side,Waianae,Oahu,United States,US,Point,"[-158.20291, 21.4818]",True,10266175
"Rio de Janeiro, Rio de Janeiro, Brazil",Ipanema,Ipanema,Rio De Janeiro,Brazil,BR,Point,"[-43.20056249420509, -22.98034625363379]",True,10267144
"Porto, Porto, Portugal",,"Cedofeita, Ildefonso, Sé, Miragaia, Nicolau, Vitória",Porto,Portugal,PT,Point,"[-8.61205, 41.14404]",False,10269320
"Volcano, HI, United States",Island of Hawaiʻi,Puna,The Big Island,United States,US,Point,"[-155.21763, 19.42151]",False,10280433
"Rio de Janeiro, Rio de Janeiro, Brazil",Ipanema,Ipanema,Rio De Janeiro,Brazil,BR,Point,"[-43.20465630892734, -22.983108745795256]",False,10295352
"Rio de Janeiro, Rio de Janeiro, Brazil",Flamengo,Flamengo,Rio De Janeiro,Brazil,BR,Point,"[-43.17645081249057, -22.93848268819496]",False,10299095
"New York, NY, United States",Upper West Side,Upper West Side,New York,United States,US,Point,"[-73.9696, 40.78558]",True,102995
"Rio de Janeiro, Rio de Janeiro, Brazil",Barra da Tijuca,Barra da Tijuca,Rio De Janeiro,Brazil,BR,Point,"[-43.36831676949888, -23.011117008024065]",True,10306879
"Brooklyn, NY, United States",Williamsburg,Williamsburg,New York,United States,US,Point,"[-73.96053, 40.71577]",True,103161
"Laie, HI, United States",Ko'olauloa,Koolauloa,Oahu,United States,US,Point,"[-157.91952, 21.63549]",True,10317142
"Rio de Janeiro, Rio de Janeiro, Brazil",,Anil,Rio De Janeiro,Brazil,BR,Point,"[-43.33496705036137, -22.948365490450556]",True,10324377
"Bronx, NY, United States",Tremont,Fordham,New York,United States,US,Point,"[-73.90052, 40.85598]",True,10332161
"Hong Kong, Kowloon, Hong Kong",Tsim Sha Tsui,Yau Tsim Mong,Hong Kong,Hong Kong,HK,Point,"[114.17088, 22.29663]",True,10343118
"Şişli, İstanbul, Turkey",Kadıköy,Kadikoy,Istanbul,Turkey,TR,Point,"[29.06064, 40.98837]",False,10354347
"Istanbul, İstanbul, Turkey",Beşiktaş,Sariyer,Istanbul,Turkey,TR,Point,"[29.05108, 41.08835]",False,10359729
"Porto, Porto District, Portugal",,Bonfim,Porto,Portugal,PT,Point,"[-8.60069, 41.16246]",True,1036027
"Rio de Janeiro, Rio de Janeiro, Brazil",Catete,Catete,Rio De Janeiro,Brazil,BR,Point,"[-43.178886292069244, -22.931715899178695]",False,10373872
"Istanbul, Istanbul Province, Turkey",Cihangir,Beyoglu,Istanbul,Turkey,TR,Point,"[28.98538, 41.03326]",True,1038163
"Rio de Janeiro, Rio de Janeiro, Brazil",Barra da Tijuca,Barra da Tijuca,Rio De Janeiro,Brazil,BR,Point,"[-43.3089745798612, -23.004633399469007]",False,10381879
"Rio de Janeiro, Rio de Janeiro, Brazil",,Tanque,Rio De Janeiro,Brazil,BR,Point,"[-43.37035220190699, -22.91636184358952]",True,10383490
"Waialua, HI, United States",Oʻahu,North Shore Oahu,Oahu,United States,US,Point,"[-158.1602, 21.57561]",False,10392282
"Rio de Janeiro, Rio de Janeiro, Brazil",Ipanema,Ipanema,Rio De Janeiro,Brazil,BR,Point,"[-43.20577175003696, -22.982557305257775]",False,10411341
"Rio de Janeiro, Rio de Janeiro, Brazil",Barra da Tijuca,Barra da Tijuca,Rio De Janeiro,Brazil,BR,Point,"[-43.353970672578306, -23.008991691724663]",False,10415637
"Balgowlah, NSW, Australia",Balgowlah,Manly,Sydney,Australia,AU,Point,"[151.26108, -33.7975]",True,10416859
"Bondi Beach, NSW, Australia",Bondi Beach,Waverley,Sydney,Australia,AU,Point,"[151.27448, -33.8872]",False,10423504
"Kihei, HI, United States",Maui,Kihei-Makena,Maui,United States,US,Point,"[-156.46881, 20.78621]",True,1042446
"Rio de Janeiro, Rio de Janeiro, Brazil",Copacabana,Copacabana,Rio De Janeiro,Brazil,BR,Point,"[-43.177948896979196, -22.963149303022142]",True,10431455
"Matosinhos, Porto, Portugal",,Matosinhos e Leça da Palmeira,Porto,Portugal,PT,Point,"[-8.68887, 41.17544]",False,10448594
"Rio de Janeiro, State of Rio de Janeiro, Brazil",São Conrado,São Conrado,Rio De Janeiro,Brazil,BR,Point,"[-43.27502007153333, -22.99391888061395]",False,10449328
"Mongkok, Kowloon, Hong Kong",Yau Tsim Mong,Yau Tsim Mong,Hong Kong,Hong Kong,HK,Point,"[114.17094, 22.32074]",False,10458796
"Greenwich, NSW, Australia",Greenwich,Lane Cove,Sydney,Australia,AU,Point,"[151.18563, -33.8289]",True,10459480
"Marrickville, NSW, Australia",Marrickville,Marrickville,Sydney,Australia,AU,Point,"[151.15036, -33.90318]",False,1047087
"Rio de Janeiro, Rio de Janeiro, Brazil",Botafogo,Botafogo,Rio De Janeiro,Brazil,BR,Point,"[-43.17933175178738, -22.941321220162784]",False,10471178
"Beyoğlu, İstanbul, Turkey",Beyoglu,Beyoglu,Istanbul,Turkey,TR,Point,"[28.97477, 41.03735]",False,10486984
"Porto, Porto, Portugal",,Bonfim,Porto,Portugal,PT,Point,"[-8.59275, 41.1462]",True,10487917
"Beşiktaş, İstanbul, Turkey",Beşiktaş,Besiktas,Istanbul,Turkey,TR,Point,"[29.02519, 41.05197]",True,10488837
"Rio de Janeiro, Rio de Janeiro, Brazil",Barra da Tijuca,Barra da Tijuca,Rio De Janeiro,Brazil,BR,Point,"[-43.32231287289854, -23.009702689174244]",True,10519173
"Sham Shui Po, Kowloon, Hong Kong",Sham Shui Po,Sham Shui Po,Hong Kong,Hong Kong,HK,Point,"[114.16262, 22.32733]",False,10527212
"Hilo, HI, United States",Island of Hawaiʻi,South Hilo,The Big Island,United States,US,Point,"[-155.09259, 19.73108]",True,10527243
"Brooklyn, NY, United States",Fort Greene,Fort Greene,New York,United States,US,Point,"[-73.98102, 40.69406]",True,10542174
"Barcelona, Catalunya, Spain",Eixample,el Fort Pienc,Barcelona,Spain,ES,Point,"[2.17963, 41.40087]",True,10545725
"Brooklyn, NY, United States",Williamsburg,Williamsburg,New York,United States,US,Point,"[-73.93981, 40.70687]",True,10545815
"Kailua-Kona, HI, United States",Island of Hawaiʻi,North Kona,The Big Island,United States,US,Point,"[-155.97349, 19.61318]",False,10548991
"Rushcutters Bay, NSW, Australia",Elizabeth Bay/Rushcutters Bay,Sydney,Sydney,Australia,AU,Point,"[151.22559, -33.87604]",True,10552362
"Barcelona, Catalunya, Spain",Can Baro,Can Baró,Barcelona,Spain,ES,Point,"[2.15836, 41.41582]",True,10558807
"Porto, Porto, Portugal",,"Cedofeita, Ildefonso, Sé, Miragaia, Nicolau, Vitória",Porto,Portugal,PT,Point,"[-8.6114, 41.16093]",True,10560325
"Rio de Janeiro, RJ, Brazil",Jardim Botânico,Jardim Botânico,Rio De Janeiro,Brazil,BR,Point,"[-43.22076222600562, -22.96448811710617]",False,10570041
"Brooklyn, NY, United States",Brooklyn,South Slope,New York,United States,US,Point,"[-73.98307, 40.6651]",True,10573225
"Honolulu, HI, United States",Oʻahu,Primary Urban Center,Oahu,United States,US,Point,"[-157.78578, 21.29561]",True,10578580
"Barcelona, Catalunya, Spain",el Fort Pienc,el Fort Pienc,Barcelona,Spain,ES,Point,"[2.18146, 41.39716]",True,10581101
"Taksim, Cihangir, Istanbul , Beyoğlu, Turkey",Beyoglu,Beyoglu,Istanbul,Turkey,TR,Point,"[28.98648, 41.03376]",True,1058555
"Rio de Janeiro, Rio de Janeiro, Brazil",Laranjeiras,Laranjeiras,Rio De Janeiro,Brazil,BR,Point,"[-43.17974071338275, -22.9313871086666]",False,10596036
"New York, NY, United States",Manhattan,Harlem,New York,United States,US,Point,"[-73.95211, 40.80708]",True,10612199
"Shatin , Hong Kong, Hong Kong",,Tsuen Wan,Hong Kong,Hong Kong,HK,Point,"[114.12074, 22.40547]",False,10624493
"Porto, Porto, Portugal",,"Cedofeita, Ildefonso, Sé, Miragaia, Nicolau, Vitória",Porto,Portugal,PT,Point,"[-8.61602, 41.14295]",False,10628126
"Rio de Janeiro, Rio de Janeiro, Brazil",Copacabana,Copacabana,Rio De Janeiro,Brazil,BR,Point,"[-43.175966118975914, -22.964922391816017]",True,1063491
"Rio de Janeiro, Rio de Janeiro, Brazil",Barra da Tijuca,Barra da Tijuca,Rio De Janeiro,Brazil,BR,Point,"[-43.32984175609327, -23.011124595436097]",True,10635276
"Kadıköy, İstanbul, Turkey",Kadıköy,Kadikoy,Istanbul,Turkey,TR,Point,"[29.02588, 40.98825]",True,10639317
"Rio de Janeiro, Rio de Janeiro, Brazil",Leblon,Leblon,Rio De Janeiro,Brazil,BR,Point,"[-43.22120070184858, -22.984162872106157]",False,10648267
"Sheung Wan, Hong Kong Island, Hong Kong",Central & Western District,Central & Western,Hong Kong,Hong Kong,HK,Point,"[114.15241, 22.28351]",True,10659534
"Porto, Porto, Portugal",,"Cedofeita, Ildefonso, Sé, Miragaia, Nicolau, Vitória",Porto,Portugal,PT,Point,"[-8.61279, 41.14106]",False,10664888
"Rio de Janeiro, Rio de Janeiro, Brazil",Santa Teresa,Santa Teresa,Rio De Janeiro,Brazil,BR,Point,"[-43.178234025801544, -22.917475613135107]",True,1066648
"Keaau, HI, United States",Island of Hawaiʻi,Puna,The Big Island,United States,US,Point,"[-155.02503, 19.56081]",True,1067052
"Rio de Janeiro, Rio de Janeiro, Brazil",Barra da Tijuca,Barra da Tijuca,Rio De Janeiro,Brazil,BR,Point,"[-43.43656065280531, -23.01216083013239]",False,10671783
"Montréal, Québec, Canada",Le Plateau-Mont-Royal,Le Plateau-Mont-Royal,Montreal,Canada,CA,Point,"[-73.60137, 45.52517]",True,10675315
"Barcelona, Catalunya, Spain",Sant Martí,el Clot,Barcelona,Spain,ES,Point,"[2.19057, 41.41254]",True,10677883
"Brooklyn, NY, United States",Brooklyn,Crown Heights,New York,United States,US,Point,"[-73.95667, 40.67414]",True,1068505
"Princeville, HI, United States",Kauaʻi,North Shore Kauai,Kauai,United States,US,Point,"[-159.48653, 22.22739]",True,1069531
"Barcelona, Catalonia, Spain",Gràcia,la Vila de Gràcia,Barcelona,Spain,ES,Point,"[2.15533, 41.40686]",True,1070322
"Rio de Janeiro, Rio de Janeiro, Brazil",Barra da Tijuca,Barra da Tijuca,Rio De Janeiro,Brazil,BR,Point,"[-43.343027190397, -23.00878356989572]",True,10706900
"Barcelona, Catalunya, Spain",Eixample,la Sagrada Família,Barcelona,Spain,ES,Point,"[2.17519, 41.41035]",True,10716793
"Petersham, NSW, Australia",Petersham,Marrickville,Sydney,Australia,AU,Point,"[151.15851, -33.89931]",True,1073607
"Istanbul, Istanbul Province, Turkey",Beyoglu,Beyoglu,Istanbul,Turkey,TR,Point,"[28.97994, 41.03406]",False,1074008
"Şişli, İstanbul, Turkey",Şişli,Sisli,Istanbul,Turkey,TR,Point,"[28.99363, 41.05261]",False,10742116
"Porto, Porto, Portugal",,Bonfim,Porto,Portugal,PT,Point,"[-8.60106, 41.14684]",True,10751153
"New York, NY, United States",Lower East Side,Lower East Side,New York,United States,US,Point,"[-73.98319, 40.71823]",True,10752737
"Istanbul, Istanbul, Turkey",Fatih,Fatih,Istanbul,Turkey,TR,Point,"[28.94457, 41.03301]",True,1077686
"Beyoğlu, İstanbul, Turkey",Taksim,Beyoglu,Istanbul,Turkey,TR,Point,"[28.98789, 41.03445]",True,10782351
"Barcelona, Catalonia, Spain",Eixample,la Nova Esquerra de l'Eixample,Barcelona,Spain,ES,Point,"[2.14596, 41.38475]",True,1079887
"Barcelona, Catalunya, Spain",El Gòtic,el Barri Gòtic,Barcelona,Spain,ES,Point,"[2.17778, 41.38049]",True,10802909
"Brooklyn, NY, United States",Brooklyn,Williamsburg,New York,United States,US,Point,"[-73.94384, 40.70528]",True,10812136
"Hong Kong, Hong Kong Island, Hong Kong",Mid-Levels,Central & Western,Hong Kong,Hong Kong,HK,Point,"[114.15315, 22.28028]",True,10816768
"Üsküdar, İstanbul, Turkey",Üsküdar,Uskudar,Istanbul,Turkey,TR,Point,"[29.08565, 41.01499]",False,10819035
"Rio de Janeiro, Rio de Janeiro, Brazil",Copacabana,Copacabana,Rio De Janeiro,Brazil,BR,Point,"[-43.189916447135005, -22.976504206582874]",False,10828339
"Quarry Bay, Hong Kong Island, Hong Kong",Quarry Bay,Eastern,Hong Kong,Hong Kong,HK,Point,"[114.20854, 22.29099]",False,10839801
"Hong Kong, Kowloon, Hong Kong",Yau Tsim Mong,Yau Tsim Mong,Hong Kong,Hong Kong,HK,Point,"[114.16558, 22.308]",True,10839973
"Hong Kong, Hong Kong Island, Hong Kong",Sheung Wan,Central & Western,Hong Kong,Hong Kong,HK,Point,"[114.15202, 22.28582]",True,10840938
"New York, NY, United States",Morningside Heights,Morningside Heights,New York,United States,US,Point,"[-73.9648, 40.80732]",True,10850008
"Rio de Janeiro, RJ, Brazil",Laranjeiras,Laranjeiras,Rio De Janeiro,Brazil,BR,Point,"[-43.1838890521465, -22.938257466286093]",False,10852990
"Rio de Janeiro, Rio de Janeiro, Brazil",Bonsucesso,Bonsucesso,Rio De Janeiro,Brazil,BR,Point,"[-43.24972983198035, -22.862647394041378]",True,10855800
"Brooklyn, NY, United States",Fort Greene,Fort Greene,New York,United States,US,Point,"[-73.97527, 40.6884]",True,10857454
"Rio de Janeiro, Rio de Janeiro, Brazil",São Cristóvão,São Cristóvão,Rio De Janeiro,Brazil,BR,Point,"[-43.21872245840377, -22.89142169593252]",True,10862541
"New York, NY, United States",Midtown,Hell's Kitchen,New York,United States,US,Point,"[-73.99482, 40.76438]",True,10887852
"Sheung Wan, Hong Kong Island, Hong Kong",Central & Western District,Central & Western,Hong Kong,Hong Kong,HK,Point,"[114.14881, 22.28354]",False,10893326
"Brooklyn, NY, United States",Flatbush,East Flatbush,New York,United States,US,Point,"[-73.94883, 40.6536]",True,1089542
"Newport, NSW, Australia",,Pittwater,Sydney,Australia,AU,Point,"[151.31572, -33.65212]",True,1090153
"Rio de Janeiro, Rio de Janeiro, Brazil",Ipanema,Ipanema,Rio De Janeiro,Brazil,BR,Point,"[-43.19841687233581, -22.98376501071312]",False,10908640
"铜锣湾, 香港岛, Hong Kong",Eastern District,Wan Chai,Hong Kong,Hong Kong,HK,Point,"[114.18651, 22.28186]",True,10911771
"Brooklyn, NY, United States",Brooklyn,Bedford-Stuyvesant,New York,United States,US,Point,"[-73.95321, 40.69034]",True,1092760
"Kailua, HI, United States",Kailua,Koolaupoko,Oahu,United States,US,Point,"[-157.74147, 21.37812]",True,10932304
"Honolulu, HI, United States",Oʻahu,Primary Urban Center,Oahu,United States,US,Point,"[-157.83937, 21.2837]",True,10948197
"Captain Cook, HI, United States",Island of Hawaiʻi,South Kona,The Big Island,United States,US,Point,"[-155.89926, 19.20636]",True,1095174
"九龍, 九龍, Hong Kong",Jordan,Yau Tsim Mong,Hong Kong,Hong Kong,HK,Point,"[114.17127, 22.30549]",False,10977704
"Darlinghurst, NSW, Australia",Darlinghurst,Sydney,Sydney,Australia,AU,Point,"[151.22133, -33.87521]",True,1098211
"büyükada, İstanbul, Turkey",,Adalar,Istanbul,Turkey,TR,Point,"[29.11608, 40.862]",False,10985735
"Jamaica , NY, United States",Jamaica,Jamaica,New York,United States,US,Point,"[-73.77835, 40.68135]",False,10990260
"Volcano, HI, United States",Island of Hawaiʻi,Puna,The Big Island,United States,US,Point,"[-155.2403, 19.43344]",True,10992286
"Brooklyn, NY, United States",Brooklyn,Bay Ridge,New York,United States,US,Point,"[-74.02972, 40.63199]",True,10992671
"New York, NY, United States",East Village,East Village,New York,United States,US,Point,"[-73.98763, 40.72808]",True,11005300
"Barcelona, Catalunya, Spain",Ciutat Vella,el Barri Gòtic,Barcelona,Spain,ES,Point,"[2.17831, 41.37724]",True,11006512
"Barcelona, Catalunya, Spain",El Gòtic,el Barri Gòtic,Barcelona,Spain,ES,Point,"[2.17774, 41.37783]",True,11007058
"Kadıköy, İstanbul, Turkey",Kadıköy,Kadikoy,Istanbul,Turkey,TR,Point,"[29.03075, 40.99459]",False,11007542
"Brooklyn, NY, United States",Brooklyn,Boerum Hill,New York,United States,US,Point,"[-73.98517, 40.68779]",True,1101035
"Barcelona, Catalunya, Spain",Vila de Gràcia,la Vila de Gràcia,Barcelona,Spain,ES,Point,"[2.15759, 41.40349]",True,11012484
"Honolulu, HI, United States",Waikiki,Primary Urban Center,Oahu,United States,US,Point,"[-157.82696, 21.27971]",True,1104768
"Hong Kong, Kowloon, Hong Kong",Yau Tsim Mong,Yau Tsim Mong,Hong Kong,Hong Kong,HK,Point,"[114.17237, 22.30612]",True,11055163
"Montréal, Québec, Canada",Downtown Montreal,Ville-Marie,Montreal,Canada,CA,Point,"[-73.58595, 45.49039]",True,11080033
"香港, 九龍, Hong Kong",Tsim Sha Tsui,Yau Tsim Mong,Hong Kong,Hong Kong,HK,Point,"[114.17545, 22.29643]",False,11093339
"Hong Kong, Kowloon, Hong Kong",Yau Tsim Mong,Yau Tsim Mong,Hong Kong,Hong Kong,HK,Point,"[114.17242, 22.30515]",True,11095139
"New York, NY, United States",Manhattan,East Harlem,New York,United States,US,Point,"[-73.93955, 40.79733]",True,11097962
"九龍, 九龍, Hong Kong",Jordan,Yau Tsim Mong,Hong Kong,Hong Kong,HK,Point,"[114.17106, 22.30692]",False,11098708
"Barcelona, Catalunya, Spain",Sants-Montjuïc,el Poble Sec,Barcelona,Spain,ES,Point,"[2.16622, 41.3719]",True,11108923
"İstanbul, İstanbul, Turkey",Beşiktaş,Besiktas,Istanbul,Turkey,TR,Point,"[29.00425, 41.04095]",False,11113983
"Barcelona, Catalunya, Spain",Sants-Montjuïc,el Poble Sec,Barcelona,Spain,ES,Point,"[2.15573, 41.37249]",True,1111410
"Barcelona, Catalonia, Spain",Ciutat Vella,"Sant Pere, Santa Caterina i la Ribera",Barcelona,Spain,ES,Point,"[2.17561, 41.38701]",True,11115528
"Barcelona, Catalunya, Spain",Sants-Montjuïc,el Poble Sec,Barcelona,Spain,ES,Point,"[2.15566, 41.37479]",True,1112838
"Fatih, İstanbul, Turkey",Sultanahmet,Fatih,Istanbul,Turkey,TR,Point,"[28.977, 41.01001]",True,11130156
"Rio de Janeiro, Rio de Janeiro, Brazil",Santa Teresa,Santa Teresa,Rio De Janeiro,Brazil,BR,Point,"[-43.1899284846398, -22.920478977773982]",True,11131495
"Barcelona, Catalunya, Spain",La Nova Esquerra de l'Eixample,la Nova Esquerra de l'Eixample,Barcelona,Spain,ES,Point,"[2.15395, 41.38005]",True,11136898
"TR, Turkey",,Adalar,Istanbul,Turkey,TR,Point,"[29.06648, 40.87794]",False,11144250
"Sai Kung District, New Territories, Hong Kong",,Sai Kung,Hong Kong,Hong Kong,HK,Point,"[114.25746, 22.31752]",False,11145180
"Şişli, İstanbul, Turkey",Şişli,Sisli,Istanbul,Turkey,TR,Point,"[28.98352, 41.04902]",False,11146498
"Barcelona, Catalunya, Spain",L'Antiga Esquerra de l'Eixample,l'Antiga Esquerra de l'Eixample,Barcelona,Spain,ES,Point,"[2.15255, 41.39193]",True,11153910
"New York, NY, United States",Manhattan,Two Bridges,New York,United States,US,Point,"[-73.99442, 40.7113]",True,11157167
"Brooklyn, NY, United States",Brooklyn,Williamsburg,New York,United States,US,Point,"[-73.96216, 40.71353]",True,1117706
"New York, NY, United States",Manhattan,Gramercy,New York,United States,US,Point,"[-73.98161, 40.73598]",True,11191242
"Barcelona, Catalunya, Spain",Sant Martí,la Verneda i la Pau,Barcelona,Spain,ES,Point,"[2.20085, 41.42112]",False,11193311
"Hong Kong, Hong Kong, Hong Kong",Wan Chai District,Wan Chai,Hong Kong,Hong Kong,HK,Point,"[114.18233, 22.27681]",True,11194486
"Fatih, İstanbul, Turkey",Sultanahmet,Fatih,Istanbul,Turkey,TR,Point,"[28.98018, 41.00404]",False,11194788
"Rio de Janeiro, Rio de Janeiro, Brazil",Copacabana,Copacabana,Rio De Janeiro,Brazil,BR,Point,"[-43.192297491066334, -22.985816199811516]",True,11197217
"Wailuku, HI, United States",Maui,Kihei-Makena,Maui,United States,US,Point,"[-156.5039, 20.79664]",True,11207193
"New York, NY, United States",Manhattan,Midtown,New York,United States,US,Point,"[-73.96776, 40.75482]",True,11223389
"Koloa, HI, United States",Kauaʻi,Koloa-Poipu,Kauai,United States,US,Point,"[-159.47554, 21.88234]",True,11242147
"Hong Kong, Kowloon, Hong Kong",Yau Tsim Mong,Yau Tsim Mong,Hong Kong,Hong Kong,HK,Point,"[114.16984, 22.31915]",True,11264406
"Hong Kong, Hong Kong Island, Hong Kong",Central & Western District,Central & Western,Hong Kong,Hong Kong,HK,Point,"[114.15076, 22.28352]",True,1127954
"Honolulu, HI, United States",Honolulu,Primary Urban Center,Oahu,United States,US,Point,"[-157.83857, 21.28572]",True,1129061
"HK, Hong Kong Island, Hong Kong",Central & Western District,Central & Western,Hong Kong,Hong Kong,HK,Point,"[114.14238, 22.28737]",True,11305966
"Woollahra, NSW, Australia",Woollahra,Woollahra,Sydney,Australia,AU,Point,"[151.23526, -33.88944]",True,1131054
"Kihei, HI, United States",Maui,Kihei-Makena,Maui,United States,US,Point,"[-156.46697, 20.78484]",True,11319047
"New York, NY, United States",Upper West Side,Upper West Side,New York,United States,US,Point,"[-73.97589, 40.78898]",False,1132409
"New York, NY, United States",Manhattan,East Harlem,New York,United States,US,Point,"[-73.94429, 40.78626]",True,11335874
"New York, NY, United States",Manhattan,Nolita,New York,United States,US,Point,"[-73.99529, 40.72404]",True,1136399
"Montréal, Québec, Canada",Le Plateau,Ville-Marie,Montreal,Canada,CA,Point,"[-73.55985, 45.53481]",True,11364106
"Şişli, İstanbul, Turkey",Şişli,Sisli,Istanbul,Turkey,TR,Point,"[28.98641, 41.06018]",False,11378656
"Captain Cook, HI, United States",Island of Hawaiʻi,South Kona,The Big Island,United States,US,Point,"[-155.87508, 19.26787]",True,11379251
"Bundeena, NSW, Australia",Cronulla,Sutherland Shire,Sydney,Australia,AU,Point,"[151.15761, -34.08087]",True,1138483
"Sisli, İstanbul, Turkey",Şişli,Sisli,Istanbul,Turkey,TR,Point,"[28.98361, 41.04768]",False,11387183
"Beaconsfield, NSW, Australia",Beaconsfield,Sydney,Sydney,Australia,AU,Point,"[151.2009, -33.90987]",False,11396243
"Barcelona, Catalonia, Spain",El Raval,el Raval,Barcelona,Spain,ES,Point,"[2.16851, 41.3791]",True,1139810
"Rio de Janeiro, Rio de Janeiro, Brazil",Leblon,Leblon,Rio De Janeiro,Brazil,BR,Point,"[-43.21889444085009, -22.980690335847203]",True,11406680
"Fatih, İstanbul, Turkey",Fatih,Fatih,Istanbul,Turkey,TR,Point,"[28.97622, 41.00359]",True,11409841
"Porto, Porto District, Portugal",,"Cedofeita, Ildefonso, Sé, Miragaia, Nicolau, Vitória",Porto,Portugal,PT,Point,"[-8.61825, 41.14366]",False,11413023
"Montréal, Québec, Canada",Downtown Montreal,Ville-Marie,Montreal,Canada,CA,Point,"[-73.55495, 45.51625]",True,11420459
"North Sydney, NSW, Australia",Neutral Bay,North Sydney,Sydney,Australia,AU,Point,"[151.21478, -33.84297]",True,1143151
"Porto, Porto District, Portugal",,"Cedofeita, Ildefonso, Sé, Miragaia, Nicolau, Vitória",Porto,Portugal,PT,Point,"[-8.61504, 41.14736]",True,1144090
"Montréal, Québec, Canada",Saint-Henri,Le Sud-Ouest,Montreal,Canada,CA,Point,"[-73.58664, 45.47348]",True,11442936
"Hong Kong, Kowloon, Hong Kong",Yau Tsim Mong,Yau Tsim Mong,Hong Kong,Hong Kong,HK,Point,"[114.17082, 22.31871]",True,11444539
"Porto, Porto, Portugal",,"Cedofeita, Ildefonso, Sé, Miragaia, Nicolau, Vitória",Porto,Portugal,PT,Point,"[-8.61655, 41.14507]",True,11447743
"Sydney , NSW, Australia",Lilyfield/Rozelle,Leichhardt,Sydney,Australia,AU,Point,"[151.16994, -33.86771]",True,1145567
"Rio de Janeiro, Rio de Janeiro, Brazil",Ipanema,Ipanema,Rio De Janeiro,Brazil,BR,Point,"[-43.20246232850196, -22.985703885018637]",False,11459525
"Kailua-Kona, HI, United States",Kailua/Kona,North Kona,The Big Island,United States,US,Point,"[-155.97975, 19.61171]",False,11464859
"New York, NY, United States",Manhattan,Upper West Side,New York,United States,US,Point,"[-73.96482, 40.79208]",True,1146653
"Rio de Janeiro, Rio de Janeiro, Brazil",Barra da Tijuca,Barra da Tijuca,Rio De Janeiro,Brazil,BR,Point,"[-43.42564904825581, -23.00273936515431]",False,11472884
"Brooklyn, NY, United States",Brooklyn,Bushwick,New York,United States,US,Point,"[-73.92081, 40.70017]",True,11480835
"İstanbul, İstanbul, Turkey",Kadıköy,Kadikoy,Istanbul,Turkey,TR,Point,"[29.04503, 40.98909]",False,11488558
"New York, NY, United States",Manhattan,Washington Heights,New York,United States,US,Point,"[-73.93957, 40.83307]",True,1148978
"Porto, Porto, Portugal",,"Aldoar, Foz do Douro e Nevogilde",Porto,Portugal,PT,Point,"[-8.67643, 41.15171]",True,11510109
"Tai Hang (Causeway Bay), Hong Kong Island, Hong Kong",Causeway Bay,Wan Chai,Hong Kong,Hong Kong,HK,Point,"[114.19243, 22.27928]",True,11533406
"Barcelona, Catalonia, Spain",Gràcia,la Vila de Gràcia,Barcelona,Spain,ES,Point,"[2.15884, 41.40462]",True,1153834
"Mecidiyekoy, İstanbul, Turkey",Şişli,Sisli,Istanbul,Turkey,TR,Point,"[28.99911, 41.06422]",False,11552866
"Haleiwa, HI, United States",North Shore,North Shore Oahu,Oahu,United States,US,Point,"[-158.08687, 21.61601]",True,11553333
"Brooklyn, NY, United States",Brooklyn,Bedford-Stuyvesant,New York,United States,US,Point,"[-73.91365, 40.68174]",True,11553357
"Brooklyn, NY, United States",Fort Greene,Fort Greene,New York,United States,US,Point,"[-73.97713, 40.68675]",True,1155475
"Tsim Sha Tsui, Kowloon, Hong Kong",Tsim Sha Tsui,Yau Tsim Mong,Hong Kong,Hong Kong,HK,Point,"[114.17366, 22.2982]",True,11557363
"Brooklyn, NY, United States",Bedford-Stuyvesant,Bedford-Stuyvesant,New York,United States,US,Point,"[-73.92922, 40.68683]",True,1155885
"Montréal, Québec, Canada",Le Plateau-Mont-Royal,Le Plateau-Mont-Royal,Montreal,Canada,CA,Point,"[-73.57179, 45.51028]",True,11566403
"Queens, NY, United States",Ridgewood,Ridgewood,New York,United States,US,Point,"[-73.91932, 40.71112]",True,11567179
"Queens, NY, United States",Astoria,Astoria,New York,United States,US,Point,"[-73.92117, 40.76964]",True,11567815
"Kailua-Kona, HI, United States",Kailua/Kona,North Kona,The Big Island,United States,US,Point,"[-155.9943, 19.67155]",False,11567997
"Barcelona, Catalunya, Spain",Ciutat Vella,el Barri Gòtic,Barcelona,Spain,ES,Point,"[2.17877, 41.37903]",True,11568230
"New York, NY, United States",Manhattan,Upper East Side,New York,United States,US,Point,"[-73.95735, 40.78465]",True,11602050
"Queens, NY, United States",Queens,Long Island City,New York,United States,US,Point,"[-73.93959, 40.76485]",True,11603201
"Volcano, HI, United States",Island of Hawaiʻi,Puna,The Big Island,United States,US,Point,"[-155.22212, 19.43327]",True,11610598
"Rio, Rio de Janeiro, Brazil",Leblon,Leblon,Rio De Janeiro,Brazil,BR,Point,"[-43.2285561930115, -22.984126941422254]",True,1163119
"Barcelona, Catalunya, Spain",Gràcia,la Dreta de l'Eixample,Barcelona,Spain,ES,Point,"[2.16126, 41.39796]",True,11648362
"Montréal, Québec, Canada",Villeray-Saint-Michel-Parc-Extension,Villeray-Saint-Michel-Parc-Extension,Montreal,Canada,CA,Point,"[-73.60386, 45.55264]",True,11648810
"Brooklyn, NY, United States",Greenpoint,Greenpoint,New York,United States,US,Point,"[-73.95646, 40.72804]",True,11656239
"Hong Kong, Hong Kong Island, Hong Kong",Central & Western District,Central & Western,Hong Kong,Hong Kong,HK,Point,"[114.13508, 22.28491]",True,11667313
"Rio de Janeiro, State of Rio de Janeiro, Brazil",Leblon,Leblon,Rio De Janeiro,Brazil,BR,Point,"[-43.230457787230115, -22.986550485203637]",False,11679012
"Rio de Janeiro, Rio de Janeiro, Brazil",Botafogo,Botafogo,Rio De Janeiro,Brazil,BR,Point,"[-43.179580196689336, -22.941799837438328]",False,11679106
"Hong Kong, Hong Kong Island, Hong Kong",Central & Western District,Central & Western,Hong Kong,Hong Kong,HK,Point,"[114.15037, 22.28515]",True,11688660
"Rio de Janeiro, Rio de Janeiro, Brazil",Catete,Catete,Rio De Janeiro,Brazil,BR,Point,"[-43.178454975194995, -22.926541739219996]",True,11690230
"Barcelona, Catalunya, Spain",Eixample,Sant Antoni,Barcelona,Spain,ES,Point,"[2.15375, 41.37587]",True,1169088
"Montreal, QC, Canada",Le Plateau-Mont-Royal,Le Plateau-Mont-Royal,Montreal,Canada,CA,Point,"[-73.58677, 45.52572]",True,116931
"Brooklyn, NY, United States",Williamsburg,Williamsburg,New York,United States,US,Point,"[-73.94854, 40.70998]",True,11693193
"Rio de Janeiro, Rio de Janeiro, Brazil",,Centro,Rio De Janeiro,Brazil,BR,Point,"[-43.182736348008305, -22.9106385343457]",True,11695437
"Rio de Janeiro, Rio de Janeiro, Brazil",Barra da Tijuca,Jacarepaguá,Rio De Janeiro,Brazil,BR,Point,"[-43.398422063779684, -22.970523926945454]",True,11695637
"Kihei, HI, United States",Kihei/Wailea,Kihei-Makena,Maui,United States,US,Point,"[-156.44917, 20.73013]",True,11695887
"Porto, Porto, Portugal",,"Cedofeita, Ildefonso, Sé, Miragaia, Nicolau, Vitória",Porto,Portugal,PT,Point,"[-8.61181, 41.14464]",True,11703559
"Brooklyn, NY, United States",Bushwick,Bushwick,New York,United States,US,Point,"[-73.92745, 40.70186]",True,11708
"Montréal, Québec, Canada",Anjou,Anjou,Montreal,Canada,CA,Point,"[-73.55486, 45.5993]",False,11715762
"Rio de Janeiro, Rio de Janeiro, Brazil",Copacabana,Copacabana,Rio De Janeiro,Brazil,BR,Point,"[-43.18908543651725, -22.980722086375625]",False,11716047
"Bondi Beach, NSW, Australia",Bondi Beach,Waverley,Sydney,Australia,AU,Point,"[151.26826, -33.89172]",True,11719579
"Harris Park, NSW, Australia",,Parramatta,Sydney,Australia,AU,Point,"[151.00818, -33.81861]",True,11727255
"Göztepe, İstanbul, Turkey",Kadıköy,Kadikoy,Istanbul,Turkey,TR,Point,"[29.06318, 40.97602]",False,11737940
"Rio de Janeiro, Rio de Janeiro, Brazil",Laranjeiras,Laranjeiras,Rio De Janeiro,Brazil,BR,Point,"[-43.19177327893577, -22.93691870901323]",True,11740322
"Brooklyn, NY, United States",Brooklyn,Brooklyn Heights,New York,United States,US,Point,"[-73.99438, 40.69263]",False,117425
"Brooklyn , NY, United States",Brooklyn,Crown Heights,New York,United States,US,Point,"[-73.94247, 40.672]",False,11753116
"Rio de janeiro, Rio de janeiro, Brazil",Encantado,Encantado,Rio De Janeiro,Brazil,BR,Point,"[-43.30213630920409, -22.89369868524118]",False,11757719
"Barcelona, Catalunya, Spain",Eixample,el Parc i la Llacuna del Poblenou,Barcelona,Spain,ES,Point,"[2.183, 41.39142]",True,11764681
"Causeway Bay, Hong Kong",Wan Chai District,Wan Chai,Hong Kong,Hong Kong,HK,Point,"[114.18445, 22.27878]",True,1176693
"Hong Kong, Kowloon, Hong Kong",Yau Tsim Mong,Yau Tsim Mong,Hong Kong,Hong Kong,HK,Point,"[114.17308, 22.30039]",False,11778475
"Darlington, NSW, Australia",Darlington,Sydney,Sydney,Australia,AU,Point,"[151.1965, -33.88848]",True,11778959
"Hong Kong, Kowloon, Hong Kong",Yau Tsim Mong,Yau Tsim Mong,Hong Kong,Hong Kong,HK,Point,"[114.17546, 22.29937]",True,11779701
"Montréal, Québec, Canada",Rosemont-La Petite-Patrie,Rosemont-La Petite-Patrie,Montreal,Canada,CA,Point,"[-73.5824, 45.54904]",True,11792238
"Istanbul, İstanbul, Turkey",Şişli,Sisli,Istanbul,Turkey,TR,Point,"[28.98327, 41.05766]",False,11796483
"Woolloomooloo, NSW, Australia",Woolloomooloo,Sydney,Sydney,Australia,AU,Point,"[151.21842, -33.86943]",True,11806776
"Queens, NY, United States",Queens,Long Island City,New York,United States,US,Point,"[-73.93215, 40.76079]",True,11816864
"Kihei, HI, United States",Maui,Kihei-Makena,Maui,United States,US,Point,"[-156.4409, 20.69735]",True,11817249
"Mongkok, Kowloon, Hong Kong",Mong Kok,Yau Tsim Mong,Hong Kong,Hong Kong,HK,Point,"[114.16885, 22.31463]",True,1182474
"Beyoğlu, Istanbul, Turkey",Taksim,Beyoglu,Istanbul,Turkey,TR,Point,"[28.97483, 41.03746]",True,1182475
"Vila Nova de Gaia, Porto, Portugal",,Santa Marinha e São Pedro da Afurada,Porto,Portugal,PT,Point,"[-8.60605, 41.13534]",False,11834359
"Barcelona, Catalunya, Spain",Eixample,la Dreta de l'Eixample,Barcelona,Spain,ES,Point,"[2.16424, 41.39139]",True,11835169
"Beyoğlu, İstanbul, Turkey",Cihangir,Beyoglu,Istanbul,Turkey,TR,Point,"[28.98378, 41.0344]",False,11835516
"Rio de Janeiro, Rio de Janeiro, Brazil",Barra da Tijuca,Barra da Tijuca,Rio De Janeiro,Brazil,BR,Point,"[-43.38281341435767, -22.98369162798043]",True,11840338
"Montréal, Québec, Canada",Griffintown,Le Sud-Ouest,Montreal,Canada,CA,Point,"[-73.55863, 45.49665]",True,11841749
"Montréal, Québec, Canada",Le Plateau,Le Plateau-Mont-Royal,Montreal,Canada,CA,Point,"[-73.57981, 45.51702]",True,11846549
"Waterloo, NSW, Australia",Waterloo,Sydney,Sydney,Australia,AU,Point,"[151.21181, -33.90087]",True,11848397
"New York, NY, United States",Manhattan,Nolita,New York,United States,US,Point,"[-73.99449, 40.72182]",True,1185644
"Rio de Janeiro, RJ, Brazil",,Recreio dos Bandeirantes,Rio De Janeiro,Brazil,BR,Point,"[-43.47716330794789, -23.030647771247256]",False,11860047
"Montréal, Québec, Canada",Mile End,Le Plateau-Mont-Royal,Montreal,Canada,CA,Point,"[-73.58715, 45.5221]",True,11860692
"Montréal, QC, Canada",Rosemont-La Petite-Patrie,Rosemont-La Petite-Patrie,Montreal,Canada,CA,Point,"[-73.59462, 45.54566]",False,11863943
"Kapaa, HI, United States",Kauaʻi,Kapaa-Wailua,Kauai,United States,US,Point,"[-159.32835, 22.05273]",False,11871088
"Barcelona, Catalonia, Spain",Gràcia,la Vila de Gràcia,Barcelona,Spain,ES,Point,"[2.15761, 41.39922]",True,1188839
"Rio de Janeiro, Rio de Janeiro, Brazil",Botafogo,Botafogo,Rio De Janeiro,Brazil,BR,Point,"[-43.19254931342515, -22.95295957541284]",True,11890476
"Bondi, NSW, Australia",Bondi,Waverley,Sydney,Australia,AU,Point,"[151.26907, -33.89605]",True,11894971
"Porto, Portugal",,Lordelo do Ouro e Massarelos,Porto,Portugal,PT,Point,"[-8.63001, 41.1455]",True,11902059
"Newport Beach, NSW, Australia",,Pittwater,Sydney,Australia,AU,Point,"[151.32223, -33.662]",True,11914814
"Wailea-Makena, HI, United States",Kihei/Wailea,Kihei-Makena,Maui,United States,US,Point,"[-156.43546, 20.69055]",True,11918738
"Rio de Janeiro, Rio de Janeiro, Brazil",Barra da Tijuca,Barra da Tijuca,Rio De Janeiro,Brazil,BR,Point,"[-43.364530263111185, -23.008791637258927]",True,11921637
"Pyrmont, NSW, Australia",Pyrmont,Sydney,Sydney,Australia,AU,Point,"[151.1943, -33.87351]",True,11933497
"Brooklyn, NY, United States",Park Slope,Park Slope,New York,United States,US,Point,"[-73.98057, 40.67549]",True,11935301
"Montréal, Québec, Canada",Le Plateau-Mont-Royal,Le Plateau-Mont-Royal,Montreal,Canada,CA,Point,"[-73.57711, 45.5084]",True,11936451
"Rio de Janeiro, Rio de Janeiro, Brazil",Barra da Tijuca,Barra da Tijuca,Rio De Janeiro,Brazil,BR,Point,"[-43.32809919833523, -23.011657136740638]",False,11939367
"Rio de Janeiro, Rio de Janeiro, Brazil",,Pechincha,Rio De Janeiro,Brazil,BR,Point,"[-43.356043748726336, -22.93881029842621]",False,11945972
"Rio de Janeiro, Rio de Janeiro, Brazil",Recreio dos Bandeirantes,Recreio dos Bandeirantes,Rio De Janeiro,Brazil,BR,Point,"[-43.49085154894161, -23.02338692141779]",False,11948645
"Rio de Janeiro, RJ, Brazil",Copacabana,Copacabana,Rio De Janeiro,Brazil,BR,Point,"[-43.182415799103794, -22.9680008638951]",False,11948705
"Barcelona, CT, Spain",Vilapicina i la Torre Llobeta,Porta,Barcelona,Spain,ES,Point,"[2.17935, 41.43038]",True,11953606
"Pedrouços, Porto District, Portugal",,Pedrouços,Porto,Portugal,PT,Point,"[-8.58364, 41.18877]",True,1195977
"Rio de Janeiro, RJ, Brazil",Recreio dos Bandeirantes,Recreio dos Bandeirantes,Rio De Janeiro,Brazil,BR,Point,"[-43.45405770602672, -23.015910719795656]",False,11963985
"Barcelona, Catalunya, Spain",Eixample,la Dreta de l'Eixample,Barcelona,Spain,ES,Point,"[2.17434, 41.39137]",True,1198074
"Porto, Porto, Portugal",,Bonfim,Porto,Portugal,PT,Point,"[-8.60033, 41.14543]",True,11987001
"Koloa, HI, United States",Kauaʻi,Koloa-Poipu,Kauai,United States,US,Point,"[-159.46122, 21.87821]",False,11993586
"HK, Hong Kong",,Tuen Mun,Hong Kong,Hong Kong,HK,Point,"[113.99074, 22.38087]",False,12003707
"Rio de Janeiro, Rio de Janeiro, Brazil",Ipanema,Ipanema,Rio De Janeiro,Brazil,BR,Point,"[-43.207314073514915, -22.98217661277284]",True,12004365
"Brooklyn, NY, United States",Bushwick,Bushwick,New York,United States,US,Point,"[-73.93285, 40.70126]",True,1200438
"Şişli, İstanbul, Turkey",Şişli,Sisli,Istanbul,Turkey,TR,Point,"[28.97895, 41.04747]",False,12007662
"Rio de Janeiro, Rio de Janeiro, Brazil",Barra da Tijuca,Barra da Tijuca,Rio De Janeiro,Brazil,BR,Point,"[-43.34951832545693, -23.004059877448853]",True,12008712
"Vila Nova de Gaia, Porto District, Portugal",,Santa Marinha e São Pedro da Afurada,Porto,Portugal,PT,Point,"[-8.60906, 41.13469]",True,12010910
"Hong Kong, New Territories, Hong Kong",,Tuen Mun,Hong Kong,Hong Kong,HK,Point,"[113.9801, 22.40435]",True,12014026
"Barcelona, Catalonia, Spain",Sarrià-Sant Gervasi,Sant Gervasi - Galvany,Barcelona,Spain,ES,Point,"[2.14733, 41.39932]",True,1201871
"Hawaii County, HI, United States",Island of Hawaiʻi,North Hilo,The Big Island,United States,US,Point,"[-155.22848, 19.9732]",False,12027124
"Porto, Porto, Portugal",,"Cedofeita, Ildefonso, Sé, Miragaia, Nicolau, Vitória",Porto,Portugal,PT,Point,"[-8.61302, 41.15292]",True,12046370
"Mountain View, HI, United States",Island of Hawaiʻi,Puna,The Big Island,United States,US,Point,"[-155.10302, 19.48649]",True,1206363
"Rio de Janeiro, RJ, Brazil",Barra da Tijuca,Barra da Tijuca,Rio De Janeiro,Brazil,BR,Point,"[-43.358437016600945, -22.98839563811481]",False,12068078
"Barcelona, CT, Spain",Les Corts,les Corts,Barcelona,Spain,ES,Point,"[2.12933, 41.38665]",True,1206820
"Montréal, Québec, Canada",Gay Village,Ville-Marie,Montreal,Canada,CA,Point,"[-73.55889, 45.51891]",True,12080961
"Barcelona, Spain",Dreta de l'Eixample,la Dreta de l'Eixample,Barcelona,Spain,ES,Point,"[2.16963, 41.39726]",False,12083780
"Rio de Janeiro, Rio de Janeiro, Brazil",,Praça Seca,Rio De Janeiro,Brazil,BR,Point,"[-43.34708354191269, -22.89507854707165]",False,12088301
"Rio de Janeiro, Rio de Janeiro, Brazil",Ipanema,Ipanema,Rio De Janeiro,Brazil,BR,Point,"[-43.19423588543599, -22.984148254337534]",True,12091894
"Porto, Porto, Portugal",,"Cedofeita, Ildefonso, Sé, Miragaia, Nicolau, Vitória",Porto,Portugal,PT,Point,"[-8.61184, 41.14791]",True,12091977
"Porto, Porto District, Portugal",,"Cedofeita, Ildefonso, Sé, Miragaia, Nicolau, Vitória",Porto,Portugal,PT,Point,"[-8.61628, 41.14364]",True,1209353
"Fatih, İstanbul, Turkey",Sultanahmet,Fatih,Istanbul,Turkey,TR,Point,"[28.97218, 41.00755]",False,12097507
"Tamarama, NSW, Australia",Tamarama,Waverley,Sydney,Australia,AU,Point,"[151.26982, -33.89741]",False,12098138
"Rio de Janeiro, Rio de Janeiro, Brazil",Barra da Tijuca,Barra da Tijuca,Rio De Janeiro,Brazil,BR,Point,"[-43.33422634714254, -23.007563334386806]",True,12104860
"Barcelona, Catalonia, Spain",Eixample,la Dreta de l'Eixample,Barcelona,Spain,ES,Point,"[2.16365, 41.39416]",True,1211274
"Şişli, İstanbul, Turkey",Şişli,Sisli,Istanbul,Turkey,TR,Point,"[28.98542, 41.04478]",False,12112834
"Sydney, NSW, Australia",Bondi Junction,Waverley,Sydney,Australia,AU,Point,"[151.25656, -33.89333]",True,1211285
"Bondi Beach, NSW, Australia",Bondi Beach,Waverley,Sydney,Australia,AU,Point,"[151.27247, -33.88875]",False,12117514
"Kadıköy, İstanbul, Turkey",Kadıköy Merkezi,Kadikoy,Istanbul,Turkey,TR,Point,"[29.02769, 40.99743]",False,12120988
"Honolulu, HI, United States",Honolulu,Primary Urban Center,Oahu,United States,US,Point,"[-157.82262, 21.27567]",True,12135865
"Honolulu, HI, United States",Oʻahu,Primary Urban Center,Oahu,United States,US,Point,"[-157.82302, 21.27551]",True,12136725
"Montréal, Québec, Canada",Downtown Montreal,Ville-Marie,Montreal,Canada,CA,Point,"[-73.58022, 45.48979]",True,12137640
"Fatih, İstanbul, Turkey",Fatih,Fatih,Istanbul,Turkey,TR,Point,"[28.93254, 41.00164]",False,12139024
"Fatih, İstanbul, Turkey",Sultanahmet,Fatih,Istanbul,Turkey,TR,Point,"[28.98026, 41.00733]",True,12142163
"Barcelona, Catalonia, Spain",La Sagrada Família,la Sagrada Família,Barcelona,Spain,ES,Point,"[2.17502, 41.40995]",True,1215049
"Istanbul, Istanbul, Turkey",Beyoglu,Beyoglu,Istanbul,Turkey,TR,Point,"[28.98247, 41.03652]",True,1215226
"Waimea, HI, United States",Island of Hawaiʻi,South Kohala,The Big Island,United States,US,Point,"[-155.62344, 20.03697]",False,12156307
"Honolulu, HI, United States",Honolulu,Primary Urban Center,Oahu,United States,US,Point,"[-157.83818, 21.28172]",False,12157453
"Barra da Tijuca - Rio de Janeiro, RJ, Brazil",,Barra da Tijuca,Rio De Janeiro,Brazil,BR,Point,"[-43.30252917595476, -23.01558513917358]",True,12181533
"Hong Kong, Hong Kong Island, Hong Kong",Wan Chai District,Wan Chai,Hong Kong,Hong Kong,HK,Point,"[114.18542, 22.26824]",True,12183522
"Brooklyn, NY, United States",Brooklyn,Park Slope,New York,United States,US,Point,"[-73.98082, 40.67644]",True,121861
"Rio de Janeiro, Rio de Janeiro, Brazil",Humaitá,Humaitá,Rio De Janeiro,Brazil,BR,Point,"[-43.20086736218796, -22.95565763906539]",True,12188601
"Rio de Janeiro, Rio de Janeiro, Brazil",Vila Isabel,Vila Isabel,Rio De Janeiro,Brazil,BR,Point,"[-43.24013084767151, -22.921763042153437]",False,12188649
"Brooklyn, NY, United States",Brooklyn,Flatlands,New York,United States,US,Point,"[-73.94586, 40.62883]",True,12189083
"Vila Nova de Gaia, Porto, Portugal",,Canidelo,Porto,Portugal,PT,Point,"[-8.65161, 41.14143]",False,12196285
"Porto, Porto, Portugal",,Bonfim,Porto,Portugal,PT,Point,"[-8.59399, 41.15757]",True,12200176
"Lahaina, HI, United States",Westside,Lahaina,Maui,United States,US,Point,"[-156.69236, 20.93646]",True,12211157
"Honolulu, HI, United States",Oʻahu,Primary Urban Center,Oahu,United States,US,Point,"[-157.82776, 21.28133]",True,12214471
"Istanbul, İstanbul, Turkey",Şişli,Sisli,Istanbul,Turkey,TR,Point,"[28.9985, 41.06309]",False,12215468
"Porto, Porto, Portugal",,"Cedofeita, Ildefonso, Sé, Miragaia, Nicolau, Vitória",Porto,Portugal,PT,Point,"[-8.6311, 41.16087]",True,12216115
"Cihangir-Beyoglu , İstanbul, Turkey",Cihangir,Beyoglu,Istanbul,Turkey,TR,Point,"[28.98381, 41.03154]",False,12220612
"Kihei, HI, United States",Kihei/Wailea,Kihei-Makena,Maui,United States,US,Point,"[-156.44365, 20.71322]",True,12222943
"Lahaina, HI, United States",Maui,Lahaina,Maui,United States,US,Point,"[-156.6917, 20.93792]",True,12223067
"Rio de Janeiro, Rio de Janeiro, Brazil",Botafogo,Botafogo,Rio De Janeiro,Brazil,BR,Point,"[-43.175214261015086, -22.95162577090241]",True,12234922
"Kihei, HI, United States",Maui,Kihei-Makena,Maui,United States,US,Point,"[-156.44392, 20.70799]",True,1223747
"Üsküdar, İstanbul, Turkey",Üsküdar,Uskudar,Istanbul,Turkey,TR,Point,"[29.01992, 41.03087]",False,12247133
"Beyoğlu, İstanbul, Turkey",Taksim,Beyoglu,Istanbul,Turkey,TR,Point,"[28.98224, 41.03832]",True,12247516
"Rio de Janeiro, Rio de Janeiro, Brazil",Ipanema,Ipanema,Rio De Janeiro,Brazil,BR,Point,"[-43.2023558879285, -22.98352041283106]",False,12253016
"Montréal, Québec, Canada",Quartier des Spectacles,Ville-Marie,Montreal,Canada,CA,Point,"[-73.56526, 45.51424]",True,12253386
"Redfern, NSW, Australia",Redfern,Sydney,Sydney,Australia,AU,Point,"[151.21378, -33.89373]",True,12256344
"sydney, NSW, Australia",Central Business District,Sydney,Sydney,Australia,AU,Point,"[151.20677, -33.8671]",False,12259367
"Rio de Janeiro, Rio de Janeiro, Brazil",Ipanema,Ipanema,Rio De Janeiro,Brazil,BR,Point,"[-43.202238135410624, -22.9813700874583]",False,12270044
"Montreal, QC, Canada",Cote-des-Neiges-Notre-Dame-de-Grace,Côte-des-Neiges-Notre-Dame-de-Grâce,Montreal,Canada,CA,Point,"[-73.62797, 45.50286]",True,1227759
"Beyoğlu, İstanbul, Turkey",Beyoglu,Beyoglu,Istanbul,Turkey,TR,Point,"[28.9739, 41.02655]",False,12288463
"Rio de Janeiro, Rio de Janeiro, Brazil",Barra da Tijuca,Jacarepaguá,Rio De Janeiro,Brazil,BR,Point,"[-43.393534232339206, -22.969013331100093]",False,12290090
"Honolulu, HI, United States",Honolulu,Primary Urban Center,Oahu,United States,US,Point,"[-157.8266, 21.28084]",True,1229106
"Rio de Janeiro, Rio de Janeiro, Brazil",Lapa,Centro,Rio De Janeiro,Brazil,BR,Point,"[-43.18471637510573, -22.913416062054356]",False,12291906
"Kihei, HI, United States",Maui,Kihei-Makena,Maui,United States,US,Point,"[-156.45205, 20.76124]",True,12296622
"Alexandria, NSW, Australia",Waterloo,Sydney,Sydney,Australia,AU,Point,"[151.20377, -33.90017]",True,1229797
"Hong Kong, Hong Kong Island, Hong Kong",Southern District,Southern,Hong Kong,Hong Kong,HK,Point,"[114.21303, 22.21846]",True,1229847
"Hauula, HI, United States",Oʻahu,Koolauloa,Oahu,United States,US,Point,"[-157.90285, 21.59125]",True,12310597
"New York, NY, United States",Midtown East,Midtown,New York,United States,US,Point,"[-73.9666, 40.75489]",True,12317903
"Waterloo, NSW, Australia",Waterloo,Sydney,Sydney,Australia,AU,Point,"[151.20691, -33.89836]",True,12349607
"Rio de Janeiro, RJ, Brazil",,Jacarepaguá,Rio De Janeiro,Brazil,BR,Point,"[-43.4186896742968, -22.96840021041473]",False,12354373
"Rio de Janeiro, Rio de Janeiro, Brazil",Botafogo,Botafogo,Rio De Janeiro,Brazil,BR,Point,"[-43.181236294754925, -22.950189284501313]",True,12355178
"Barcelona, Catalunya, Spain",Vila de Gràcia,la Vila de Gràcia,Barcelona,Spain,ES,Point,"[2.15413, 41.39982]",True,12357386
"Manly, NSW, Australia",Manly,Manly,Sydney,Australia,AU,Point,"[151.29282, -33.80031]",True,12370710
"Kihei, HI, United States",Maui,Kihei-Makena,Maui,United States,US,Point,"[-156.45649, 20.76438]",True,12373208
"Barcelona, Catalonia, Spain",Eixample,Sant Antoni,Barcelona,Spain,ES,Point,"[2.16663, 41.37513]",True,12378302
"Rio de Janeiro, Rio de Janeiro, Brazil",Tijuca,Tijuca,Rio De Janeiro,Brazil,BR,Point,"[-43.2533524829868, -22.944292537938367]",True,12380012
"Rio de Janeiro, Rio de Janeiro, Brazil",,Taquara,Rio De Janeiro,Brazil,BR,Point,"[-43.36534968594563, -22.930049818012783]",False,12380299
"Barcelona, CT, Spain",Ciutat Vella,"Sant Pere, Santa Caterina i la Ribera",Barcelona,Spain,ES,Point,"[2.18116, 41.38719]",False,12396367
"Porto, Porto, Portugal",,"Cedofeita, Ildefonso, Sé, Miragaia, Nicolau, Vitória",Porto,Portugal,PT,Point,"[-8.61297, 41.14655]",False,12400621
"Porto, Porto, Portugal",,"Cedofeita, Ildefonso, Sé, Miragaia, Nicolau, Vitória",Porto,Portugal,PT,Point,"[-8.6127, 41.14557]",False,12401124
"Rio de Janeiro, Rio de Janeiro, Brazil",Botafogo,Botafogo,Rio De Janeiro,Brazil,BR,Point,"[-43.19321647887779, -22.957538646861146]",False,12403784
"Kihei, HI, United States",Kihei/Wailea,Kihei-Makena,Maui,United States,US,Point,"[-156.44864, 20.7264]",False,12407601
"Waiʻanae, HI, United States",Waianae Coast,Waianae,Oahu,United States,US,Point,"[-158.20257, 21.48382]",True,12409013
"Porto, Porto, Portugal",,"Cedofeita, Ildefonso, Sé, Miragaia, Nicolau, Vitória",Porto,Portugal,PT,Point,"[-8.61318, 41.14107]",False,12421800
"Barcelona, Catalunya, Spain",Gràcia,el Camp d'en Grassot i Gràcia Nova,Barcelona,Spain,ES,Point,"[2.1643, 41.40211]",False,12430621
"Hawaii Volcanoes National Park, HI, United States",Island of Hawaiʻi,Kau,The Big Island,United States,US,Point,"[-155.26935, 19.44148]",False,12433727
"Arouca, Aveiro, Portugal",,Mansores,Porto,Portugal,PT,Point,"[-8.36356, 40.93334]",False,12448766
"Rio de Janeiro, Rio de Janeiro, Brazil",Barra da Tijuca,Barra da Tijuca,Rio De Janeiro,Brazil,BR,Point,"[-43.31720122256538, -23.01212481214021]",True,12452082
"Beyoğlu, İstanbul, Turkey",Taksim,Beyoglu,Istanbul,Turkey,TR,Point,"[28.98179, 41.03828]",False,12462076
"Bondi Beach, NSW, Australia",Bondi Beach,Waverley,Sydney,Australia,AU,Point,"[151.27036, -33.89275]",True,12473031
"Porto, Porto, Portugal",,"Cedofeita, Ildefonso, Sé, Miragaia, Nicolau, Vitória",Porto,Portugal,PT,Point,"[-8.60898, 41.14234]",False,12479743
"Montréal, Québec, Canada",Downtown Montreal,Ville-Marie,Montreal,Canada,CA,Point,"[-73.58208, 45.49165]",True,12486648
"Rio de Janeiro, Rio de Janeiro, Brazil",Recreio dos Bandeirantes,Recreio dos Bandeirantes,Rio De Janeiro,Brazil,BR,Point,"[-43.46594355883066, -23.019530104675333]",True,12489523
"New York, NY, United States",Manhattan,Upper West Side,New York,United States,US,Point,"[-73.96511, 40.80302]",False,12494415
"Pāhoa, HI, United States",Island of Hawaiʻi,Puna,The Big Island,United States,US,Point,"[-154.81946, 19.50157]",False,12507567
"Rio de Janeiro, Rio de Janeiro, Brazil",Barra da Tijuca,Barra da Tijuca,Rio De Janeiro,Brazil,BR,Point,"[-43.32235641855684, -23.008260973065372]",False,12509339
"Barcelona, Catalunya, Spain",Eixample,la Sagrada Família,Barcelona,Spain,ES,Point,"[2.175, 41.40604]",True,12514918
"Barcelona, Catalunya, Spain",Ciutat Vella,el Raval,Barcelona,Spain,ES,Point,"[2.16666, 41.38432]",True,12531055
"Porto, Porto, Portugal",,"Aldoar, Foz do Douro e Nevogilde",Porto,Portugal,PT,Point,"[-8.68676, 41.17074]",True,12544539
"Beşiktaş, İstanbul, Turkey",Beşiktaş,Besiktas,Istanbul,Turkey,TR,Point,"[28.99838, 41.04908]",True,12550465
"Kennedy Town, Hong Kong Island, Hong Kong",Central & Western District,Central & Western,Hong Kong,Hong Kong,HK,Point,"[114.13005, 22.28392]",True,12551469
"Porto, Porto, Portugal",,"Cedofeita, Ildefonso, Sé, Miragaia, Nicolau, Vitória",Porto,Portugal,PT,Point,"[-8.60827, 41.14542]",True,12552675
"Rio de Janeiro, Rio de Janeiro, Brazil",Ipanema,Ipanema,Rio De Janeiro,Brazil,BR,Point,"[-43.1990101137809, -22.982413191528178]",True,1255979
"Porto, Porto, Portugal",,"St. Tirso, Couto (S. Cristina e S. Miguel) e Burgães",Porto,Portugal,PT,Point,"[-8.44815, 41.35459]",False,12561397
"Rio de Janeiro, Rio de Janeiro, Brazil",Tijuca,Tijuca,Rio De Janeiro,Brazil,BR,Point,"[-43.24723543198432, -22.935874631596256]",False,12561925
"Rio de Janeiro, Rio de Janeiro, Brazil",Copacabana,Copacabana,Rio De Janeiro,Brazil,BR,Point,"[-43.18822800527058, -22.97000440296209]",True,125656
"Honolulu, HI, United States",Oʻahu,Primary Urban Center,Oahu,United States,US,Point,"[-157.82437, 21.27608]",False,12586942
"Rio de Janeiro, Rio de Janeiro, Brazil",Barra da Tijuca,Barra da Tijuca,Rio De Janeiro,Brazil,BR,Point,"[-43.32005231206098, -23.010668604567265]",False,12591225
"Rio de Janeiro, Rio de Janeiro, Brazil",Copacabana,Copacabana,Rio De Janeiro,Brazil,BR,Point,"[-43.188744533153184, -22.975598903669955]",True,12601609
"Kihei, HI, United States",Kihei/Wailea,Kihei-Makena,Maui,United States,US,Point,"[-156.45891, 20.76387]",True,12604062
"Porto, Porto, Portugal",,"Cedofeita, Ildefonso, Sé, Miragaia, Nicolau, Vitória",Porto,Portugal,PT,Point,"[-8.60559, 41.14586]",False,12607396
"Şişli, İstanbul, Turkey",Şişli,Sisli,Istanbul,Turkey,TR,Point,"[28.99037, 41.05407]",True,12628177
"Rio de Janeiro, Rio de Janeiro, Brazil",Flamengo,Flamengo,Rio De Janeiro,Brazil,BR,Point,"[-43.177902111552875, -22.934426116531974]",True,12639342
"Beyoğlu, İstanbul, Turkey",Karaköy,Beyoglu,Istanbul,Turkey,TR,Point,"[28.97084, 41.02535]",False,12647072
"Rio, Rio de Janeiro, Brazil",Flamengo,Catete,Rio De Janeiro,Brazil,BR,Point,"[-43.176743158890424, -22.927408121823476]",False,1264811
"Rio de Janeiro, Rio de Janeiro, Brazil",,Jardim Guanabara,Rio De Janeiro,Brazil,BR,Point,"[-43.201524243404165, -22.816717211926136]",False,12651199
"Rio de Janeiro, Rio de Janeiro, Brazil",,Copacabana,Rio De Janeiro,Brazil,BR,Point,"[-43.192410876968225, -22.982475758445254]",True,12653230
"Tai Wo, N.T, Hong Kong",,Tai Po,Hong Kong,Hong Kong,HK,Point,"[114.1631, 22.4483]",True,12654770
"Pyrmont, Australia",Pyrmont,Sydney,Sydney,Australia,AU,Point,"[151.1971, -33.8708]",True,12655535
"Rio de Janeiro, Rio de Janeiro, Brazil",Barra da Tijuca,Barra da Tijuca,Rio De Janeiro,Brazil,BR,Point,"[-43.31345955372205, -23.013440373155003]",True,12657285
"Barcelona, Catalonia, Spain",Guinardó,el Guinardó,Barcelona,Spain,ES,Point,"[2.16896, 41.417]",True,1266425
"İstanbul, İstanbul, Turkey",Beşiktaş,Besiktas,Istanbul,Turkey,TR,Point,"[29.01941, 41.06255]",True,12667749
"Porto, Porto, Portugal",,Lordelo do Ouro e Massarelos,Porto,Portugal,PT,Point,"[-8.6495, 41.1555]",False,12680743
"Rio, Rio de Janeiro, Brazil",Catete,Catete,Rio De Janeiro,Brazil,BR,Point,"[-43.177426080553545, -22.927577252718976]",True,1268297
"Lahaina, HI, United States",Westside,Lahaina,Maui,United States,US,Point,"[-156.64867, 21.00432]",False,12713962
"Porto, Porto, Portugal",,Campanhã,Porto,Portugal,PT,Point,"[-8.59097, 41.1541]",True,127208
"Rio, Rio de Janeiro, Brazil",Barra da Tijuca,Barra da Tijuca,Rio De Janeiro,Brazil,BR,Point,"[-43.32473578931987, -23.001941778015905]",False,1273526
"Mona Vale, NSW, Australia",,Pittwater,Sydney,Australia,AU,Point,"[151.30735, -33.6907]",True,12740176
"Hong Kong, Hong Kong Island, Hong Kong",Causeway Bay,Wan Chai,Hong Kong,Hong Kong,HK,Point,"[114.1918, 22.282]",True,12742947
"Oliveira do Douro, Porto, Portugal",,Oliveira do Douro,Porto,Portugal,PT,Point,"[-8.5906, 41.11846]",True,12752708
"Mont-Royal, Québec, Canada",Mont-Royal,Mont-Royal,Montreal,Canada,CA,Point,"[-73.65637, 45.5169]",True,12757761
"Barcelona, Catalunya, Spain",El Gòtic,el Barri Gòtic,Barcelona,Spain,ES,Point,"[2.17534, 41.3843]",False,12758910
"Rio de Janeiro, Rio de Janeiro, Brazil",,Taquara,Rio De Janeiro,Brazil,BR,Point,"[-43.381851403866335, -22.911389514649397]",True,12761564
"Porto, Porto, Portugal",,"Cedofeita, Ildefonso, Sé, Miragaia, Nicolau, Vitória",Porto,Portugal,PT,Point,"[-8.61492, 41.14228]",False,12762087
"Lahaina, HI, United States",Maui,Lahaina,Maui,United States,US,Point,"[-156.69171, 20.936890000000002]",True,12762350
"Montréal, Québec, Canada",Lachine,Lachine,Montreal,Canada,CA,Point,"[-73.69275, 45.44423]",True,12774820
"Rio de Janeiro, Rio de Janeiro, Brazil",Barra da Tijuca,Jacarepaguá,Rio De Janeiro,Brazil,BR,Point,"[-43.38976309270332, -22.96986618034955]",False,12778795
"Honolulu, HI, United States",Oʻahu,Primary Urban Center,Oahu,United States,US,Point,"[-157.8238, 21.2743]",True,12782638
"Barcelona, Catalunya, Spain",La Sagrera,la Sagrera,Barcelona,Spain,ES,Point,"[2.19001, 41.42083]",False,12788675
"Montréal, Québec, Canada",Le Plateau-Mont-Royal,Le Plateau-Mont-Royal,Montreal,Canada,CA,Point,"[-73.57605, 45.53617]",True,12790958
"Montreal, QC, Canada",Old Montreal,Ville-Marie,Montreal,Canada,CA,Point,"[-73.55591, 45.50488]",False,12791827
"Captain Cook, HI, United States",Island of Hawaiʻi,South Kona,The Big Island,United States,US,Point,"[-155.88241, 19.31372]",True,12797051
"Hong Kong, Kowloon, Hong Kong",Jordan,Yau Tsim Mong,Hong Kong,Hong Kong,HK,Point,"[114.1714, 22.30635]",True,12800556
"Hong Kong, Kowloon, Hong Kong",Yau Tsim Mong,Yau Tsim Mong,Hong Kong,Hong Kong,HK,Point,"[114.17296, 22.30547]",True,12800628
"Şişli, İstanbul, Turkey",Şişli,Sisli,Istanbul,Turkey,TR,Point,"[28.9814, 41.0457]",False,12805730
"Honolulu, HI, United States",Ala Moana/Kakaako,Primary Urban Center,Oahu,United States,US,Point,"[-157.83768, 21.29013]",True,12810796
"Waialua, HI, United States",North Shore,North Shore Oahu,Oahu,United States,US,Point,"[-158.11176, 21.57105]",True,12812425
"Hong Kong , Causeway Bay, Hong Kong",Wan Chai District,Wan Chai,Hong Kong,Hong Kong,HK,Point,"[114.18976, 22.27983]",True,12814401
"Ocean view, HI, United States",Island of Hawaiʻi,Kau,The Big Island,United States,US,Point,"[-155.77167, 19.13933]",True,12814643
"Kihei, HI, United States",Kihei/Wailea,Kihei-Makena,Maui,United States,US,Point,"[-156.4587, 20.76445]",True,12815927
"Barcelona, Catalunya, Spain",Eixample,l'Antiga Esquerra de l'Eixample,Barcelona,Spain,ES,Point,"[2.15128, 41.39294]",True,12824656
"Porto, Porto District, Portugal",,"Cedofeita, Ildefonso, Sé, Miragaia, Nicolau, Vitória",Porto,Portugal,PT,Point,"[-8.61825, 41.14739]",True,1284759
"Rio de Janeiro, Rio de Janeiro, Brazil",Copacabana,Copacabana,Rio De Janeiro,Brazil,BR,Point,"[-43.18949500971648, -22.971126460836576]",False,1284892
"Captain Cook, HI, United States",Island of Hawaiʻi,South Kona,The Big Island,United States,US,Point,"[-155.88096, 19.39935]",True,12857433
"faith, blue mosque area, İstanbul, Turkey",Sultanahmet,Fatih,Istanbul,Turkey,TR,Point,"[28.97362, 41.00493]",False,12857841
"Hong Kong, Hong Kong Island, Hong Kong",Sheung Wan,Central & Western,Hong Kong,Hong Kong,HK,Point,"[114.15234, 22.28572]",True,12857887
"Montréal, Québec, Canada",Downtown Montreal,Ville-Marie,Montreal,Canada,CA,Point,"[-73.56223, 45.52406]",True,12872819
"Honolulu, HI, United States",Oʻahu,Primary Urban Center,Oahu,United States,US,Point,"[-157.82357, 21.27638]",True,12873224
"Honolulu, HI, United States",Honolulu,Primary Urban Center,Oahu,United States,US,Point,"[-157.82463, 21.27472]",True,12874040
"Lahaina, HI, United States",Westside,Lahaina,Maui,United States,US,Point,"[-156.67924, 20.971]",True,12874776
"Lahaina, HI, United States",Maui,Lahaina,Maui,United States,US,Point,"[-156.69268, 20.93999]",True,12886223
"Montréal, Québec, Canada",Le Plateau-Mont-Royal,Le Plateau-Mont-Royal,Montreal,Canada,CA,Point,"[-73.58359, 45.52143]",True,12887643
"Kadıköy, İstanbul, Turkey",Kadıköy,Kadikoy,Istanbul,Turkey,TR,Point,"[29.03163, 40.9939]",False,12889319
"Kailua-Kona, HI, United States",Kailua/Kona,North Kona,The Big Island,United States,US,Point,"[-155.99708, 19.64393]",False,12893035
"Beyoğlu, İstanbul, Turkey",Beyoglu,Beyoglu,Istanbul,Turkey,TR,Point,"[28.97776, 41.03165]",False,12895982
"Fatih , İstanbul, Turkey",Sultanahmet,Fatih,Istanbul,Turkey,TR,Point,"[28.97325, 41.00353]",False,12896435
"Istanbul, Istanbul, Turkey",Sultanahmet,Fatih,Istanbul,Turkey,TR,Point,"[28.96508, 41.00339]",False,1290112
"Montreal, QC, Canada",Le Plateau,Le Plateau-Mont-Royal,Montreal,Canada,CA,Point,"[-73.58256, 45.51664]",True,12902610
"Brooklyn, NY, United States",Brooklyn,Windsor Terrace,New York,United States,US,Point,"[-73.97227, 40.64933]",True,12902975
"Hauula, HI, United States",Windward Side,Koolauloa,Oahu,United States,US,Point,"[-157.91711, 21.6217]",False,12906000
"Tai Kok Tsui, Kowloon, Hong Kong",Yau Tsim Mong,Yau Tsim Mong,Hong Kong,Hong Kong,HK,Point,"[114.15992, 22.32324]",True,12906100
"Honolulu, HI, United States",Makiki/Lower Punchbowl/Tantalus,Primary Urban Center,Oahu,United States,US,Point,"[-157.84343, 21.30852]",False,12906431
"Hong Kong, Hong Kong Island, Hong Kong",Mid-Levels,Central & Western,Hong Kong,Hong Kong,HK,Point,"[114.14919, 22.28174]",True,12923454
"Rio de Janeiro, Rio de Janeiro, Brazil",Leme,Leme,Rio De Janeiro,Brazil,BR,Point,"[-43.16826706478497, -22.962808973823606]",True,12924287
"Lahaina, HI, United States",Westside,Lahaina,Maui,United States,US,Point,"[-156.66885, 20.86114]",True,12929092
"Porto, Grande Porto, Portugal",,"Cedofeita, Ildefonso, Sé, Miragaia, Nicolau, Vitória",Porto,Portugal,PT,Point,"[-8.60849, 41.14186]",True,12933623
"Queens, NY, United States",Long Island City,Long Island City,New York,United States,US,Point,"[-73.9474, 40.74771]",True,12937
"Istanbul, Istanbul, Turkey",Beşiktaş,Besiktas,Istanbul,Turkey,TR,Point,"[29.01035, 41.04368]",False,1294944
"Arncliffe, NSW, Australia",Arncliffe,Rockdale,Sydney,Australia,AU,Point,"[151.15274, -33.937]",True,12954762
"Bronx, NY, United States",Tremont,Fordham,New York,United States,US,Point,"[-73.89872, 40.85396]",True,12955940
"Rio de Janeiro, Rio de Janeiro, Brazil",Copacabana,Copacabana,Rio De Janeiro,Brazil,BR,Point,"[-43.188831065587834, -22.97404499063615]",True,12971023
"Porto, Porto, Portugal",,Bonfim,Porto,Portugal,PT,Point,"[-8.6006, 41.14924]",False,12971533
"Montréal, Québec, Canada",Verdun,Verdun,Montreal,Canada,CA,Point,"[-73.57051, 45.45091]",True,12973335
"Honolulu, HI, United States",South Shore,Primary Urban Center,Oahu,United States,US,Point,"[-157.78934, 21.3031]",True,12997475
"Rio de Janeiro, RJ, Brazil",Marechal Hermes,Vila Valqueire,Rio De Janeiro,Brazil,BR,Point,"[-43.37173007478097, -22.886598030977375]",False,13001636
"Montréal, Québec, Canada",Lachine,Lachine,Montreal,Canada,CA,Point,"[-73.69114, 45.44134]",True,13016251
"Montréal, Québec, Canada",Mile End,Rosemont-La Petite-Patrie,Montreal,Canada,CA,Point,"[-73.6079, 45.52967]",True,13043773
"Montréal, Québec, Canada",Quartier des Spectacles,Ville-Marie,Montreal,Canada,CA,Point,"[-73.56646, 45.51778]",True,13045223
"Honolulu, HI, United States",Oʻahu,Primary Urban Center,Oahu,United States,US,Point,"[-157.8326, 21.28648]",True,13045429
"Rio de Janeiro, Rio de Janeiro, Brazil",Ipanema,Ipanema,Rio De Janeiro,Brazil,BR,Point,"[-43.20997091078295, -22.985866684090066]",True,1304552
"Porto, Porto, Portugal",,"Cedofeita, Ildefonso, Sé, Miragaia, Nicolau, Vitória",Porto,Portugal,PT,Point,"[-8.60757, 41.14562]",False,13059740
"Honolulu, HI, United States",Honolulu,Primary Urban Center,Oahu,United States,US,Point,"[-157.82086, 21.27285]",True,13063671
"Porto, Porto, Portugal",,"Cedofeita, Ildefonso, Sé, Miragaia, Nicolau, Vitória",Porto,Portugal,PT,Point,"[-8.61479, 41.15309]",True,13063723
"Brooklyn, NY, United States",Williamsburg,Williamsburg,New York,United States,US,Point,"[-73.94224, 40.70806]",True,13064336
"Koloa, HI, United States",Kauaʻi,Koloa-Poipu,Kauai,United States,US,Point,"[-159.47467, 21.88174]",False,13066822
"Barcelona, Catalunya, Spain",Sant Martí,Diagonal Mar i el Front Marítim del Poblenou,Barcelona,Spain,ES,Point,"[2.21275, 41.41111]",False,13068933
"Şişli, İstanbul, Turkey",Şişli,Sisli,Istanbul,Turkey,TR,Point,"[28.97717, 41.05221]",False,13069562
"Honolulu, HI, United States",Oʻahu,Primary Urban Center,Oahu,United States,US,Point,"[-157.82726, 21.28198]",True,13069840
"Barcelona, Catalunya, Spain",Vila de Gràcia,la Vila de Gràcia,Barcelona,Spain,ES,Point,"[2.15738, 41.40113]",True,13079105
"Rio de Janeiro, Rio de Janeiro, Brazil",Leme,Leme,Rio De Janeiro,Brazil,BR,Point,"[-43.168716413260725, -22.9606496602252]",False,13083186
"Rio de Janeiro, Rio de Janeiro, Brazil",Flamengo,Flamengo,Rio De Janeiro,Brazil,BR,Point,"[-43.17466893235061, -22.931361558208607]",False,1310141
"Mosman, NSW, Australia",Mosman,Mosman,Sydney,Australia,AU,Point,"[151.23757, -33.83325]",True,1310308
"Vila do Conde, Porto, Portugal",,Vila do Conde,Porto,Portugal,PT,Point,"[-8.74634, 41.34608]",False,13110019
"İstanbul, İstanbul, Turkey",,Maltepe,Istanbul,Turkey,TR,Point,"[29.15641, 40.91298]",False,13112091
"Queens, NY, United States",The Rockaways,Arverne,New York,United States,US,Point,"[-73.79248, 40.59058]",True,13113064
"Barcelona, Catalunya, Spain",Eixample,el Parc i la Llacuna del Poblenou,Barcelona,Spain,ES,Point,"[2.18338, 41.39087]",True,13115342
"Haena, HI, United States",Kauaʻi,North Shore Kauai,Kauai,United States,US,Point,"[-159.54745, 22.22264]",True,13123668
"Waterloo, NSW, Australia",Redfern,Sydney,Sydney,Australia,AU,Point,"[151.21532, -33.89307]",False,13145113
"Honolulu, HI, United States",Honolulu,Primary Urban Center,Oahu,United States,US,Point,"[-157.83334, 21.2862]",True,13146333
"Porto, Porto, Portugal",,"Aldoar, Foz do Douro e Nevogilde",Porto,Portugal,PT,Point,"[-8.68085, 41.15722]",False,13153996
"Montreal, QC, Canada",Downtown Montreal,Ville-Marie,Montreal,Canada,CA,Point,"[-73.57803, 45.50165]",True,13155211
"Barcelona, Catalunya, Spain",Dreta de l'Eixample,la Dreta de l'Eixample,Barcelona,Spain,ES,Point,"[2.16524, 41.39478]",True,13161668
"Beşiktaş, İstanbul, Turkey",Beşiktaş,Besiktas,Istanbul,Turkey,TR,Point,"[28.99883, 41.04854]",True,13164714
"Barcelona, Catalunya, Spain",Dreta de l'Eixample,la Dreta de l'Eixample,Barcelona,Spain,ES,Point,"[2.1653, 41.39294]",True,13165887
"Hong Kong, Hong Kong Island, Hong Kong",Wan Chai,Wan Chai,Hong Kong,Hong Kong,HK,Point,"[114.18065, 22.27804]",True,13176532
"New York, NY, United States",Manhattan,East Village,New York,United States,US,Point,"[-73.98717, 40.72665]",False,13183672
"Darlinghurst, NSW, Australia",Darlinghurst,Sydney,Sydney,Australia,AU,Point,"[151.21367, -33.87702]",True,13193079
"Lahaina, HI, United States",Napili/Honokowai,Lahaina,Maui,United States,US,Point,"[-156.6868, 20.95465]",True,13201601
"Montréal, Québec, Canada",Le Plateau-Mont-Royal,Le Plateau-Mont-Royal,Montreal,Canada,CA,Point,"[-73.56972, 45.52296]",True,13203747
"Montreal, QC, Canada",Le Plateau-Mont-Royal,Le Plateau-Mont-Royal,Montreal,Canada,CA,Point,"[-73.59698, 45.52865]",True,1321072
"Dangar Island, NSW, Australia",,Hornsby,Sydney,Australia,AU,Point,"[151.23946, -33.53785]",True,1321603
"Brooklyn, NY, United States",Bedford-Stuyvesant,Bedford-Stuyvesant,New York,United States,US,Point,"[-73.95375, 40.68604]",True,13217170
"Rio de Janeiro, RJ, Brazil",Santa Teresa,Santa Teresa,Rio De Janeiro,Brazil,BR,Point,"[-43.189661428857306, -22.922011056850106]",False,13218264
"Lihue, HI, United States",Kauaʻi,Lihue,Kauai,United States,US,Point,"[-159.33923, 22.01071]",True,13223739
"Porto, Porto, Portugal",,Bonfim,Porto,Portugal,PT,Point,"[-8.59966, 41.15207]",False,13227163
"Hong Kong, Hong Kong Island, Hong Kong",Central & Western District,Central & Western,Hong Kong,Hong Kong,HK,Point,"[114.15096, 22.284]",True,13242217
"Rio de Janeiro, State of Rio de Janeiro, Brazil",Tijuca,Tijuca,Rio De Janeiro,Brazil,BR,Point,"[-43.22997794854019, -22.928597284586367]",False,13248377
"Üsküdar, İstanbul, Turkey",Üsküdar,Uskudar,Istanbul,Turkey,TR,Point,"[29.08174, 41.05077]",False,13249697
"Espinho, Aveiro, Portugal",,Silvalde,Porto,Portugal,PT,Point,"[-8.64343, 40.99568]",False,13252758
"New York, NY, United States",Manhattan,Washington Heights,New York,United States,US,Point,"[-73.93789, 40.85704]",True,1325472
"Barcelona, Catalunya, Spain",Dreta de l'Eixample,la Dreta de l'Eixample,Barcelona,Spain,ES,Point,"[2.16316, 41.39533]",True,13261391
"Montréal, Québec, Canada",Le Plateau-Mont-Royal,Le Plateau-Mont-Royal,Montreal,Canada,CA,Point,"[-73.57039, 45.51664]",True,13265567
"Honolulu, HI, United States",Oʻahu,Primary Urban Center,Oahu,United States,US,Point,"[-157.82304, 21.27703]",True,13266188
"Brooklyn, NY, United States",Brooklyn,Williamsburg,New York,United States,US,Point,"[-73.94332, 40.71109]",True,132695
"Beyoğlu, İstanbul, Turkey",Beyoglu,Beyoglu,Istanbul,Turkey,TR,Point,"[28.97312, 41.03485]",False,13272687
"Rio de Janeiro, Rio de Janeiro, Brazil",Barra da Tijuca,Barra da Tijuca,Rio De Janeiro,Brazil,BR,Point,"[-43.4146349556373, -22.98883478905928]",False,13277230
"Rio de Janeiro, Rio de Janeiro, Brazil",,Pechincha,Rio De Janeiro,Brazil,BR,Point,"[-43.36022452992309, -22.937031177065517]",True,13298973
"Porto, Porto, Portugal",,"Cedofeita, Ildefonso, Sé, Miragaia, Nicolau, Vitória",Porto,Portugal,PT,Point,"[-8.60701, 41.14987]",True,13299231
"Sydney, NSW, Australia",Central Business District,Sydney,Sydney,Australia,AU,Point,"[151.20904, -33.86252]",True,13299549
"Darlinghurst, NSW, Australia",Darlinghurst,Sydney,Sydney,Australia,AU,Point,"[151.21355, -33.87546]",True,13302796
"Rio de Janeiro, Rio de Janeiro, Brazil",Copacabana,Copacabana,Rio De Janeiro,Brazil,BR,Point,"[-43.192018737343275, -22.974614743860805]",True,13304991
"Rio de Janeiro, Rio de Janeiro, Brazil",Lapa,Centro,Rio De Janeiro,Brazil,BR,Point,"[-43.18758268316908, -22.913687773590524]",False,13306630
"Brooklyn, NY, United States",Bushwick,Bushwick,New York,United States,US,Point,"[-73.92188, 40.70699]",True,13308110
"Rio de Janeiro, Rio de Janeiro, Brazil",Recreio dos Bandeirantes,Recreio dos Bandeirantes,Rio De Janeiro,Brazil,BR,Point,"[-43.48464195562192, -23.023927670410306]",False,13316078
"Rio de Janeiro, Rio de Janeiro, Brazil",Recreio dos Bandeirantes,Recreio dos Bandeirantes,Rio De Janeiro,Brazil,BR,Point,"[-43.48662201316989, -23.022882730052668]",True,13317720
"Haleiwa, HI, United States",Oʻahu,North Shore Oahu,Oahu,United States,US,Point,"[-158.03886, 21.67923]",True,13318405
"Paddington, NSW, Australia",Paddington,Sydney,Sydney,Australia,AU,Point,"[151.23062, -33.88743]",True,13320545
"Rio de Janeiro, Rio de Janeiro, Brazil",Copacabana,Copacabana,Rio De Janeiro,Brazil,BR,Point,"[-43.19461538649248, -22.983002257608693]",True,13324467
"Kihei, HI, United States",Kihei/Wailea,Kihei-Makena,Maui,United States,US,Point,"[-156.43701, 20.6915]",True,13328702
"Barcelona, Catalonia, Spain",Sants-Montjuïc,el Poble Sec,Barcelona,Spain,ES,Point,"[2.1651, 41.37144]",True,1332929
"Porto, Porto, Portugal",,"Cedofeita, Ildefonso, Sé, Miragaia, Nicolau, Vitória",Porto,Portugal,PT,Point,"[-8.61723, 41.14839]",True,13333008
"Manly, NSW, Australia",Manly,Manly,Sydney,Australia,AU,Point,"[151.28492, -33.79762]",True,13333143
"Hong Kong, Hong Kong Island, Hong Kong",Central & Western District,Central & Western,Hong Kong,Hong Kong,HK,Point,"[114.15097, 22.28614]",True,13334276
"Rio de Janeiro, Rio de Janeiro, Brazil",,Jacarepaguá,Rio De Janeiro,Brazil,BR,Point,"[-43.406955121069075, -22.962923492008525]",False,13344796
"Bondi, NSW, Australia",Bondi,Waverley,Sydney,Australia,AU,Point,"[151.26186, -33.8964]",True,13352279
"North Curl Curl, NSW, Australia",,Warringah,Sydney,Australia,AU,Point,"[151.30006, -33.76212]",True,13352718
"Rio de Janeiro, Rio de Janeiro, Brazil",Leblon,Leblon,Rio De Janeiro,Brazil,BR,Point,"[-43.21649274666616, -22.984723659889077]",True,13361526
"New York, NY, United States",Harlem,Harlem,New York,United States,US,Point,"[-73.94704, 40.8053]",True,13361613
"Waverley, NSW, Australia",Waverly,Waverley,,Australia,AU,Point,"[151.25337, -33.90298]",True,13363311
"Mid levels , Hong Kong Island, Hong Kong",Soho,Central & Western,Hong Kong,Hong Kong,HK,Point,"[114.1509, 22.28117]",True,13365785
"Rio de Janeiro, Rio de Janeiro, Brazil",Barra da Tijuca,Barra da Tijuca,Rio De Janeiro,Brazil,BR,Point,"[-43.363386744558326, -22.979131216990595]",False,13366855
"Barcelona, Catalunya, Spain",L'Antiga Esquerra de l'Eixample,Sant Gervasi - Galvany,Barcelona,Spain,ES,Point,"[2.14449, 41.39264]",True,13368075
"Ocean View, HI, United States",Island of Hawaiʻi,Kau,The Big Island,United States,US,Point,"[-155.76034, 19.14801]",True,13372754
"Rio de Janeiro, Rio de Janeiro, Brazil",Barra da Tijuca,Barra da Tijuca,Rio De Janeiro,Brazil,BR,Point,"[-43.37061948569106, -23.00184648597161]",False,13373114
"Rio de Janeiro, Rio de Janeiro, Brazil",Vila Isabel,Vila Isabel,Rio De Janeiro,Brazil,BR,Point,"[-43.254614610762495, -22.9172028509369]",True,13375733
"Barcelona, Catalunya, Spain",Sant Martí,Diagonal Mar i el Front Marítim del Poblenou,Barcelona,Spain,ES,Point,"[2.21291, 41.40308]",False,13382536
"Montréal, Québec, Canada",Villeray,Villeray-Saint-Michel-Parc-Extension,Montreal,Canada,CA,Point,"[-73.62176, 45.53724]",True,13386011
"İstanbul, İstanbul, Turkey",Beşiktaş,Besiktas,Istanbul,Turkey,TR,Point,"[29.00656, 41.05722]",False,13389577
"Rio de Janeiro, RJ, Brazil",Ipanema,Ipanema,Rio De Janeiro,Brazil,BR,Point,"[-43.210202657500574, -22.982871160304803]",False,13390320
"Rio de Janeiro, Rio de Janeiro, Brazil",Recreio dos Bandeirantes,Recreio dos Bandeirantes,Rio De Janeiro,Brazil,BR,Point,"[-43.46312213962931, -23.026058527674266]",False,13397791
"Rio de Janeiro, Rio de Janeiro, Brazil",Ipanema,Ipanema,Rio De Janeiro,Brazil,BR,Point,"[-43.19317787872534, -22.98846987088959]",False,13411324
"Rio de Janeiro, Rio de Janeiro, Brazil",Copacabana,Copacabana,Rio De Janeiro,Brazil,BR,Point,"[-43.19406487887688, -22.981423139099054]",False,13413043
"Rio de Janeiro, Rio de Janeiro, Brazil",Barra da Tijuca,Barra da Tijuca,Rio De Janeiro,Brazil,BR,Point,"[-43.39714324266577, -22.973565284382087]",True,13414552
"Brooklyn, NY, United States",Brooklyn,Williamsburg,New York,United States,US,Point,"[-73.95001, 40.70821]",True,13415952
"Honolulu, HI, United States",Oʻahu,Primary Urban Center,Oahu,United States,US,Point,"[-157.82476, 21.27936]",True,13417224
"Rio de Janeiro, Rio de Janeiro, Brazil",Leblon,Leblon,Rio De Janeiro,Brazil,BR,Point,"[-43.220162252701186, -22.984271127835314]",True,13430219
"Porto, Porto, Portugal",,"Cedofeita, Ildefonso, Sé, Miragaia, Nicolau, Vitória",Porto,Portugal,PT,Point,"[-8.60865, 41.14441]",False,13433868
"New York, NY, United States",East Village,East Village,New York,United States,US,Point,"[-73.97529, 40.72741]",True,13436132
"Hong Kong, Hong Kong Island, Hong Kong",Central & Western District,Central & Western,Hong Kong,Hong Kong,HK,Point,"[114.14934, 22.28346]",True,13437242
"Darlinghurst, NSW, Australia",Darlinghurst,Sydney,Sydney,Australia,AU,Point,"[151.21476, -33.87586]",True,13437841
"Sydney Olympic Park, NSW, Australia",Homebush,Auburn,Sydney,Australia,AU,Point,"[151.07343, -33.84673]",True,13442098
"Jacarepagua, Rio de Janeiro, Brazil",Barra da Tijuca,Jacarepaguá,Rio De Janeiro,Brazil,BR,Point,"[-43.392545662686615, -22.972063407633105]",True,13444131
"Koloa, HI, United States",Kauaʻi,Koloa-Poipu,Kauai,United States,US,Point,"[-159.46435, 21.88141]",False,13454668
"Istanbul, Istanbul, Turkey",Beyoglu,Beyoglu,Istanbul,Turkey,TR,Point,"[28.98424, 41.03494]",False,1345576
"Porto, Porto, Portugal",,Lordelo do Ouro e Massarelos,Porto,Portugal,PT,Point,"[-8.62354, 41.14958]",True,13461087
"Porto, Porto, Portugal",,"Cedofeita, Ildefonso, Sé, Miragaia, Nicolau, Vitória",Porto,Portugal,PT,Point,"[-8.61289, 41.14501]",True,13462637
"New York, NY, United States",Williamsburg,Williamsburg,New York,United States,US,Point,"[-73.95525, 40.71758]",False,13479450
"New York, NY, United States",Manhattan,Kips Bay,New York,United States,US,Point,"[-73.98243, 40.73955]",True,13488308
"Rio de Janeiro, RJ, Brazil",Tijuca,Tijuca,Rio De Janeiro,Brazil,BR,Point,"[-43.24255553505414, -22.934620607988]",False,13489279
"New York, NY, United States",Manhattan,Upper West Side,New York,United States,US,Point,"[-73.98737, 40.7728]",True,13490410
"Rio de Janeiro, Rio de Janeiro, Brazil",Ipanema,Ipanema,Rio De Janeiro,Brazil,BR,Point,"[-43.201256800799754, -22.982915687464345]",True,13491812
"Bondi, NSW, Australia",Bondi,Waverley,Sydney,Australia,AU,Point,"[151.27023, -33.89507]",True,13495196
"Montréal, Québec, Canada",Mercier-Hochelaga-Maisonneuve,Mercier-Hochelaga-Maisonneuve,Montreal,Canada,CA,Point,"[-73.52985, 45.58603]",True,13495314
"Porto, Porto, Portugal",,"Cedofeita, Ildefonso, Sé, Miragaia, Nicolau, Vitória",Porto,Portugal,PT,Point,"[-8.62518, 41.16032]",False,13501113
"Hong Kong, Hong Kong Island, Hong Kong",Central & Western District,Central & Western,Hong Kong,Hong Kong,HK,Point,"[114.14292, 22.28634]",True,13505139
"Montréal, Québec, Canada",Verdun,Verdun,Montreal,Canada,CA,Point,"[-73.5702, 45.46794]",True,13508417
"Barcelona, Catalunya, Spain",Sant Martí,Provençals del Poblenou,Barcelona,Spain,ES,Point,"[2.20314, 41.40951]",True,13511610
"Rushcutters Bay, NSW, Australia",Darlinghurst,Sydney,Sydney,Australia,AU,Point,"[151.22801, -33.87621]",True,13520692
"Porto, Porto, Portugal",,"Cedofeita, Ildefonso, Sé, Miragaia, Nicolau, Vitória",Porto,Portugal,PT,Point,"[-8.6187, 41.1582]",False,13521222
"Rio de Janeiro, RJ, Brazil",Copacabana,Copacabana,Rio De Janeiro,Brazil,BR,Point,"[-43.1918569821055, -22.97475787363863]",False,13525014
"Kailua-Kona, HI, United States",Island of Hawaiʻi,North Kona,The Big Island,United States,US,Point,"[-155.96146, 19.56576]",True,1352758
"New York, NY, United States",Manhattan,Upper West Side,,United States,US,Point,"[-73.97323, 40.79415]",True,13528649
"Elizabeth Bay, NSW, Australia",Potts Point,Sydney,Sydney,Australia,AU,Point,"[151.22488, -33.87049]",True,13530122
"Barcelona, Catalunya, Spain",Ciutat Vella,el Raval,Barcelona,Spain,ES,Point,"[2.17304, 41.37805]",True,13552883
"Rio de Janeiro, Rio de Janeiro, Brazil",Barra da Tijuca,Jacarepaguá,Rio De Janeiro,Brazil,BR,Point,"[-43.39766652363983, -22.972342293273257]",False,13559998
"Sydney, NSW, Australia",Central Business District,Sydney,Sydney,Australia,AU,Point,"[151.20637, -33.86903]",True,13562321
"Lahaina, HI, United States",Kapalua,Lahaina,Maui,United States,US,Point,"[-156.65856, 21.00054]",True,13564779
"Vila Nova de Gaia, Porto, Portugal",,Santa Marinha e São Pedro da Afurada,Porto,Portugal,PT,Point,"[-8.60844, 41.13442]",True,13574006
"Porto, Porto, Portugal",,Paranhos,Porto,Portugal,PT,Point,"[-8.62705, 41.17498]",False,13579065
"Rio de Janeiro, Rio de Janeiro, Brazil",Barra da Tijuca,Barra da Tijuca,Rio De Janeiro,Brazil,BR,Point,"[-43.365757237796466, -23.01001003307048]",True,13585970
"Rio de Janeiro, Rio de Janeiro, Brazil",Botafogo,Botafogo,Rio De Janeiro,Brazil,BR,Point,"[-43.181313511748364, -22.943684656455243]",False,13588758
"Freshwater, NSW, Australia",,Warringah,Sydney,Australia,AU,Point,"[151.27924, -33.77183]",True,13591144
"Hong Kong, Hong Kong Island, Hong Kong",Central & Western District,Central & Western,Hong Kong,Hong Kong,HK,Point,"[114.12979, 22.27934]",True,13591364
"Brooklyn, NY, United States",Brooklyn,Park Slope,New York,United States,US,Point,"[-73.97339, 40.67274]",True,1359438
"Elizabeth Bay, NSW, Australia",Potts Point,Sydney,Sydney,Australia,AU,Point,"[151.22674, -33.87226]",False,13595339
"Montreal, QC, Canada",Le Plateau-Mont-Royal,Le Plateau-Mont-Royal,Montreal,Canada,CA,Point,"[-73.57517, 45.51623]",True,13603489
"Hong Kong, Hong Kong Island, Hong Kong",Causeway Bay,Wan Chai,Hong Kong,Hong Kong,HK,Point,"[114.18207, 22.28096]",True,13603801
"Porto, Porto, Portugal",,Bonfim,Porto,Portugal,PT,Point,"[-8.60154, 41.14834]",True,13605461
"Hong Kong Island, New Territories, Hong Kong",Sai Ying Pun,Central & Western,Hong Kong,Hong Kong,HK,Point,"[114.14243, 22.28493]",False,13606770
"Barcelona, Catalunya, Spain",Eixample,la Sagrada Família,Barcelona,Spain,ES,Point,"[2.17588, 41.40439]",True,13609188
"Barcelona, Catalonia, Spain",Ciutat Vella,el Raval,Barcelona,Spain,ES,Point,"[2.17231, 41.37749]",False,13611788
"Istanbul, Istanbul, Turkey",Sultanahmet,Fatih,Istanbul,Turkey,TR,Point,"[28.97428, 41.00324]",True,1361270
"Rio de Janeiro, Rio de Janeiro, Brazil",,Copacabana,,Brazil,BR,Point,"[-43.190120109264726, -22.97566753024888]",True,13617872
"Montréal, Québec, Canada",Le Plateau-Mont-Royal,Le Plateau-Mont-Royal,Montreal,Canada,CA,Point,"[-73.57453, 45.51344]",False,13624302
"Beyoğlu, İstanbul, Turkey",Beyoglu,Beyoglu,Istanbul,Turkey,TR,Point,"[28.97185, 41.03494]",False,13630859
"Leça da Palmeira, Porto, Portugal",,Matosinhos e Leça da Palmeira,Porto,Portugal,PT,Point,"[-8.70481, 41.18844]",False,13633280
"Brooklyn, NY, United States",Brooklyn,Williamsburg,New York,United States,US,Point,"[-73.94733, 40.71503]",True,13658407
"Hong Kong, Hong Kong Island, Hong Kong",Central & Western District,Central & Western,Hong Kong,Hong Kong,HK,Point,"[114.15103, 22.28109]",False,13659491
"Montréal, Québec, Canada",Downtown Montreal,Ville-Marie,Montreal,Canada,CA,Point,"[-73.58003, 45.49826]",True,13659950
"Barcelona, Catalunya, Spain",El Raval,el Raval,Barcelona,Spain,ES,Point,"[2.16685, 41.38371]",False,13669275
"North Sydney, NSW, Australia",Neutral Bay,North Sydney,Sydney,Australia,AU,Point,"[151.21491, -33.84125]",True,13674956
"Brooklyn, NY, United States",Williamsburg,Williamsburg,New York,United States,US,Point,"[-73.95796, 40.71889]",False,13684608
"Surry Hills, NSW, Australia",Surry Hills,Sydney,Sydney,Australia,AU,Point,"[151.21272, -33.88189]",True,13689460
"Rio de Janeiro, Rio de Janeiro, Brazil",Recreio dos Bandeirantes,Recreio dos Bandeirantes,Rio De Janeiro,Brazil,BR,Point,"[-43.47391922093498, -23.012075020670952]",False,13695744
"Fatih, İstanbul, Turkey",Fatih,Fatih,Istanbul,Turkey,TR,Point,"[28.98284, 41.00577]",False,13696235
"Monterey, NSW, Australia",Monterey,Rockdale,Sydney,Australia,AU,Point,"[151.15248, -33.96822]",True,13702313
"Montréal, Québec, Canada",Downtown Montreal,Ville-Marie,,Canada,CA,Point,"[-73.55997, 45.52588]",True,13702505
"Brooklyn, NY, United States",Flatbush,East Flatbush,New York,United States,US,Point,"[-73.94838, 40.64895]",True,1370405
"Barcelona, Catalunya, Spain",Eixample,la Sagrada Família,Barcelona,Spain,ES,Point,"[2.17728, 41.40604]",True,13711161
"Newtown, NSW, Australia",Newtown/Enmore,Marrickville,Sydney,Australia,AU,Point,"[151.17393, -33.89695]",True,13716070
"Rio de Janeiro, Rio de Janeiro, Brazil",São Cristóvão,São Cristóvão,Rio De Janeiro,Brazil,BR,Point,"[-43.228085475330346, -22.900619331797095]",True,13724840
"Queens, NY, United States",Queens,Springfield Gardens,New York,United States,US,Point,"[-73.7621, 40.66298]",True,13726629
"Brooklyn, NY, United States",Bushwick,Bushwick,New York,United States,US,Point,"[-73.91504, 40.70173]",True,13728712
"Montréal, QC, Canada",Gay Village,Ville-Marie,Montreal,Canada,CA,Point,"[-73.54985, 45.52797]",False,13732894
"Rio de Janeiro, Rio de Janeiro, Brazil",,Vargem Grande,Rio De Janeiro,Brazil,BR,Point,"[-43.49193864130802, -22.988157720342432]",False,13739484
"Staten Island, NY, United States",Stapleton,Clifton,New York,United States,US,Point,"[-74.07571, 40.62356]",True,13743786
"Rio de Janeiro, Rio de Janeiro, Brazil",Copacabana,Copacabana,Rio De Janeiro,Brazil,BR,Point,"[-43.1863834979925, -22.968671225549844]",True,13748059
"Montréal, Québec, Canada",Cote-des-Neiges-Notre-Dame-de-Grace,Côte-des-Neiges-Notre-Dame-de-Grâce,Montreal,Canada,CA,Point,"[-73.64172, 45.46374]",True,13748617
"Porto, Porto District, Portugal",,São Mamede de Infesta e Senhora da Hora,Porto,Portugal,PT,Point,"[-8.63082, 41.18075]",False,13750579
"Rio de Janeiro, Rio de Janeiro, Brazil",Barra da Tijuca,Jacarepaguá,Rio De Janeiro,Brazil,BR,Point,"[-43.3917485723414, -22.970026056556843]",True,13753838
"Hong Kong, New Territories, Hong Kong",,Yuen Long,Hong Kong,Hong Kong,HK,Point,"[114.00079, 22.45054]",False,13754183
"Porto, Porto, Portugal",,"Aldoar, Foz do Douro e Nevogilde",Porto,Portugal,PT,Point,"[-8.67559, 41.15223]",True,13757836
"istanbul / esenyurt, İstanbul, Turkey",,Esenyurt,Istanbul,Turkey,TR,Point,"[28.66268, 41.01513]",False,13757914
"New York, NY, United States",Manhattan,Harlem,New York,United States,US,Point,"[-73.94332, 40.8235]",True,13761856
"Vila do Conde, Porto, Portugal",,Vila do Conde,Porto,Portugal,PT,Point,"[-8.75216, 41.36439]",False,13762136
"Montréal, Québec, Canada",Le Plateau-Mont-Royal,Le Plateau-Mont-Royal,Montreal,Canada,CA,Point,"[-73.5851, 45.52408]",True,13763013
"Barcelona, Catalunya, Spain",Eixample,la Dreta de l'Eixample,Barcelona,Spain,ES,Point,"[2.17623, 41.3921]",True,13764019
"Montreal, QC, Canada",Downtown Montreal,Ville-Marie,Montreal,Canada,CA,Point,"[-73.56244, 45.51006]",True,13764334
"Barcelona, Catalunya, Spain",Sants-Montjuïc,el Poble Sec,Barcelona,Spain,ES,Point,"[2.15691, 41.37475]",True,13766096
"Montréal, Québec, Canada",Outremont,Outremont,Montreal,Canada,CA,Point,"[-73.60951, 45.52045]",True,13771436
"Zetland, NSW, Australia",Zetland,Sydney,Sydney,Australia,AU,Point,"[151.21019, -33.9073]",True,13774506
"Barcelona, Catalonia, Spain",Eixample,la Nova Esquerra de l'Eixample,Barcelona,Spain,ES,Point,"[2.1524, 41.37977]",False,13776897
"Porto, Portugal",,Lordelo do Ouro e Massarelos,Porto,Portugal,PT,Point,"[-8.62513, 41.15138]",False,13778742
"New York, NY, United States",East Village,East Village,New York,United States,US,Point,"[-73.98823, 40.7303]",True,13789278
"Vila Chã, Porto, Portugal",,Vila Chã,Porto,Portugal,PT,Point,"[-8.73417, 41.29769]",True,13799611
"Barcelona, Catalunya, Spain",Dreta de l'Eixample,la Dreta de l'Eixample,Barcelona,Spain,ES,Point,"[2.15962, 41.39244]",True,13807778
"Rio de Janeiro, Rio de Janeiro, Brazil",Humaitá,Humaitá,Rio De Janeiro,Brazil,BR,Point,"[-43.20269959661778, -22.96022105453772]",True,13810527
"Esentepe, Istanbul, Turkey",Şişli,Sisli,Istanbul,Turkey,TR,Point,"[29.0034, 41.06991]",False,13813259
"Kihei, HI, United States",Kihei/Wailea,Kihei-Makena,Maui,United States,US,Point,"[-156.45699, 20.75577]",True,13814845
"New York, NY, United States",Manhattan,Midtown,New York,United States,US,Point,"[-73.98146, 40.76647]",True,13820755
"Beyoglu, İstanbul, Turkey",Beyoglu,Beyoglu,Istanbul,Turkey,TR,Point,"[28.98276, 41.03942]",False,13827870
"Frenchs Forest, NSW, Australia",,Warringah,Sydney,Australia,AU,Point,"[151.20925, -33.74605]",True,13829859
"Barcelona, Catalunya, Spain",Camp d'en Grassot i Gràcia Nova,el Camp d'en Grassot i Gràcia Nova,Barcelona,Spain,ES,Point,"[2.15942, 41.41089]",True,13835658
"Prince Edward, Kowloon, Hong Kong",Yau Tsim Mong,Yau Tsim Mong,Hong Kong,Hong Kong,HK,Point,"[114.16775, 22.32589]",False,13837488
"Brooklyn, NY, United States",Brooklyn,Bedford-Stuyvesant,New York,United States,US,Point,"[-73.94312, 40.69181]",True,13839238
"Montréal, Québec, Canada",Le Plateau-Mont-Royal,Le Plateau-Mont-Royal,Montreal,Canada,CA,Point,"[-73.59279, 45.52374]",True,13839338
"Porto, Porto District, Portugal",,Campanhã,Porto,Portugal,PT,Point,"[-8.58458, 41.15779]",False,13841305
"Brooklyn, NY, United States",Brooklyn,Coney Island,New York,United States,US,Point,"[-74.00101, 40.57476]",True,13841569
"Porto, Porto, Portugal",,Lordelo do Ouro e Massarelos,Porto,Portugal,PT,Point,"[-8.62302, 41.15229]",True,13844617
"New York, NY, United States",Upper West Side,Upper West Side,New York,United States,US,Point,"[-73.98024, 40.79057]",True,13846473
"McMahons Point, NSW, Australia",North Sydney,North Sydney,Sydney,Australia,AU,Point,"[151.20197, -33.84212]",True,13852692
"Montréal, Québec, Canada",Villeray-Saint-Michel-Parc-Extension,Villeray-Saint-Michel-Parc-Extension,Montreal,Canada,CA,Point,"[-73.62597, 45.55088]",True,13855369
"Porto, Porto, Portugal",,"Cedofeita, Ildefonso, Sé, Miragaia, Nicolau, Vitória",Porto,Portugal,PT,Point,"[-8.62093, 41.15773]",True,13875927
"Captain Cook, HI, United States",Island of Hawaiʻi,South Kona,The Big Island,United States,US,Point,"[-155.89199, 19.48659]",True,13883147
"Brooklyn, NY, United States",Kensington,Kensington,New York,United States,US,Point,"[-73.98191, 40.64498]",True,13884253
"New York, NY, United States",Harlem,Morningside Heights,New York,United States,US,Point,"[-73.95928, 40.81093]",True,13884778
"New York, NY, United States",Upper West Side,Upper West Side,New York,United States,US,Point,"[-73.98641, 40.77472]",True,13885247
"Brooklyn, NY, United States",Brooklyn,Bedford-Stuyvesant,New York,United States,US,Point,"[-73.93319, 40.69454]",True,13891181
"Brooklyn, NY, United States",Williamsburg,Williamsburg,New York,United States,US,Point,"[-73.95822, 40.71319]",True,13895156
"Rio de Janeiro, Rio de Janeiro, Brazil",Barra da Tijuca,Barra da Tijuca,Rio De Janeiro,Brazil,BR,Point,"[-43.32428278483234, -23.00534459728909]",True,13904840
"Hong Kong, Kowloon, Hong Kong",Yau Tsim Mong,Yau Tsim Mong,Hong Kong,Hong Kong,HK,Point,"[114.17131, 22.31832]",True,13905218
"New York, NY, United States",Midtown,Hell's Kitchen,New York,United States,US,Point,"[-73.98457, 40.7672]",True,13905833
"Rio de Janeiro, Rio de Janeiro, Brazil",Leme,Leme,Rio De Janeiro,Brazil,BR,Point,"[-43.1703921056122, -22.962026886385402]",False,13906039
"istanbul 4 levent, İstanbul, Turkey",Şişli,Kagithane,Istanbul,Turkey,TR,Point,"[28.999390000000002, 41.08376]",False,13911574
"Hong Kong, Kowloon, Hong Kong",Yau Tsim Mong,Yau Tsim Mong,Hong Kong,Hong Kong,HK,Point,"[114.17146, 22.31933]",True,13915361
"Beşiktaş, İstanbul, Turkey",Beşiktaş,Besiktas,Istanbul,Turkey,TR,Point,"[29.01629, 41.07497]",False,13917109
"Barcelona, Catalonia, Spain",Sants-Montjuïc,el Poble Sec,Barcelona,Spain,ES,Point,"[2.16953, 41.37295]",True,1391996
"Beykoz, İstanbul, Turkey",,Beykoz,Istanbul,Turkey,TR,Point,"[29.0676, 41.08688]",False,13921667
"Montréal, Québec, Canada",La Petite-Patrie,Rosemont-La Petite-Patrie,Montreal,Canada,CA,Point,"[-73.60352, 45.53414]",True,13923606
"Waimanalo, HI, United States",Waimanalo,Koolaupoko,Oahu,United States,US,Point,"[-157.70142, 21.33991]",False,13924938
"Rio de Janeiro, Rio de Janeiro, Brazil",Cachambi,Cachambi,Rio De Janeiro,Brazil,BR,Point,"[-43.27922913422733, -22.88440960003236]",False,13927034
"Rio de Janeiro, Rio de Janeiro, Brazil",,Jacarepaguá,Rio De Janeiro,Brazil,BR,Point,"[-43.39561933591232, -22.919394925427387]",False,13927230
"Lahaina, HI, United States",Maui,Lahaina,Maui,United States,US,Point,"[-156.68401, 20.89045]",True,13934778
"Lahaina, HI, United States",Maui,Lahaina,Maui,United States,US,Point,"[-156.68034, 20.97104]",True,13934996
"New York, NY, United States",Washington Heights,Washington Heights,New York,United States,US,Point,"[-73.93915, 40.83625]",True,13937701
"Rio de Janeiro, Rio de Janeiro, Brazil",Tijuca,Tijuca,Rio De Janeiro,Brazil,BR,Point,"[-43.23426360206632, -22.92264558869159]",True,13937802
"Rio de Janeiro, RJ, Brazil",Leblon,Leblon,Rio De Janeiro,Brazil,BR,Point,"[-43.21985297459262, -22.986978412089716]",False,13940779
"Porto, Porto, Portugal",,"Aldoar, Foz do Douro e Nevogilde",Porto,Portugal,PT,Point,"[-8.66959, 41.15099]",False,139416
"Fatih, İstanbul, Turkey",Sultanahmet,Fatih,Istanbul,Turkey,TR,Point,"[28.97823, 41.00203]",False,13945645
"Rio de Janeiro, Rio de Janeiro, Brazil",Lapa,Centro,Rio De Janeiro,Brazil,BR,Point,"[-43.18457642451702, -22.910698909393794]",False,13949781
"Brooklyn, NY, United States",Williamsburg,Williamsburg,New York,United States,US,Point,"[-73.95725, 40.71675]",True,13955139
"Rio de Janeiro, Rio de Janeiro, Brazil",,Praça Seca,Rio De Janeiro,Brazil,BR,Point,"[-43.34953293121925, -22.89846031772599]",True,13955233
"Porto, Porto, Portugal",,"Cedofeita, Ildefonso, Sé, Miragaia, Nicolau, Vitória",Porto,Portugal,PT,Point,"[-8.61174, 41.15938]",True,13960437
"Hong Kong, New Territories, Hong Kong",,Sai Kung,Hong Kong,Hong Kong,HK,Point,"[114.25503, 22.30296]",True,13962683
"Barcelona, Catalonia, Spain",Dreta de l'Eixample,la Dreta de l'Eixample,Barcelona,Spain,ES,Point,"[2.1633, 41.392]",True,1396721
"Honolulu, HI, United States",Honolulu,Primary Urban Center,Oahu,United States,US,Point,"[-157.83363, 21.28726]",False,13981245
"Rio de Janeiro, Rio de Janeiro, Brazil",Botafogo,Botafogo,Rio De Janeiro,Brazil,BR,Point,"[-43.192853840512804, -22.957082654587737]",False,1398192
"Hong Kong Island, Hong Kong Island, Hong Kong",Eastern District,Eastern,Hong Kong,Hong Kong,HK,Point,"[114.23519, 22.27809]",False,13988788
"Rio de Janeiro, Rio de Janeiro, Brazil",Barra da Tijuca,Barra da Tijuca,Rio De Janeiro,Brazil,BR,Point,"[-43.42097030256312, -22.99871658029596]",False,13993059
"Rio de Janeiro, Rio de Janeiro, Brazil",Copacabana,Copacabana,Rio De Janeiro,Brazil,BR,Point,"[-43.19373213382171, -22.97691478494771]",True,13997910
"Hong Kong, Hong Kong Island, Hong Kong",Sheung Wan,Central & Western,Hong Kong,Hong Kong,HK,Point,"[114.14756, 22.28559]",True,13999182
"Barcelona, Catalunya, Spain",Dreta de l'Eixample,la Dreta de l'Eixample,Barcelona,Spain,ES,Point,"[2.17481, 41.39243]",True,14004632
"Wailea-Makena, HI, United States",Maui,Kihei-Makena,Maui,United States,US,Point,"[-156.43536, 20.69012]",True,14013822
"Hong Kong, Hong Kong Island, Hong Kong",Central & Western District,Central & Western,Hong Kong,Hong Kong,HK,Point,"[114.13627, 22.28544]",False,14018725
"Honolulu, HI, United States",Oʻahu,Primary Urban Center,Oahu,United States,US,Point,"[-157.82515, 21.27929]",True,14037885
"Kailua, HI, United States",Kailua,Koolaupoko,Oahu,United States,US,Point,"[-157.73154, 21.39727]",True,14040723
"Matosinhos, Porto, Portugal",,Matosinhos e Leça da Palmeira,Porto,Portugal,PT,Point,"[-8.67867, 41.17922]",True,14042368
"Brooklyn, NY, United States",Brooklyn,Williamsburg,New York,United States,US,Point,"[-73.9588, 40.70843]",True,14043849
"Barcelona, Catalunya, Spain",Sant Martí de Provençals,Sant Martí de Provençals,Barcelona,Spain,ES,Point,"[2.1962, 41.41737]",True,14044480
"Istanbul, Istanbul, Turkey",Şişli,Sisli,Istanbul,Turkey,TR,Point,"[28.99582, 41.05296]",False,1405120
"Barcelona, Catalonia, Spain",Eixample,l'Antiga Esquerra de l'Eixample,Barcelona,Spain,ES,Point,"[2.15307, 41.3866]",True,1406337
"Rio de Janeiro, Rio de Janeiro, Brazil",Barra da Tijuca,Jacarepaguá,Rio De Janeiro,Brazil,BR,Point,"[-43.38684937843143, -22.970984751475747]",False,14063971
"Rio de Janeiro, Rio de Janeiro, Brazil",Recreio dos Bandeirantes,Recreio dos Bandeirantes,Rio De Janeiro,Brazil,BR,Point,"[-43.45240425811524, -23.01727996865021]",True,14073709
"Kapaa, HI, United States",Kauaʻi,Kapaa-Wailua,Kauai,United States,US,Point,"[-159.31839, 22.06858]",True,14075164
"Rio de Janeiro, Rio de Janeiro, Brazil",Copacabana,Copacabana,Rio De Janeiro,Brazil,BR,Point,"[-43.188191412745724, -22.969051310784874]",False,1408997
"Kailua, HI, United States",Kailua,Koolaupoko,Oahu,United States,US,Point,"[-157.73271, 21.39416]",True,14090613
"Montréal, Québec, Canada",La Petite-Patrie,Rosemont-La Petite-Patrie,Montreal,Canada,CA,Point,"[-73.58889, 45.54424]",True,14094561
"Sydney, NSW, Australia",Central Business District,Sydney,Sydney,Australia,AU,Point,"[151.20828, -33.86397]",True,14096512
"Beylerbeyi,, Istanbul Province,, Turkey",Üsküdar,Uskudar,Istanbul,Turkey,TR,Point,"[29.04467, 41.0428]",False,1410284
"Montréal, Québec, Canada",Notre-Dame-de-Grace,Côte-des-Neiges-Notre-Dame-de-Grâce,Montreal,Canada,CA,Point,"[-73.61355, 45.47641]",True,14104326
"Rio de Janeiro, Rio de Janeiro, Brazil",Laranjeiras,Laranjeiras,Rio De Janeiro,Brazil,BR,Point,"[-43.180731577939234, -22.934006437066596]",False,1410460
"Barcelona, Catalonia, Spain",Sants-Montjuïc,la Marina del Prat Vermell,Barcelona,Spain,ES,Point,"[2.14759, 41.35324]",False,1410802
"Brooklyn, NY, United States",Brooklyn,Bushwick,New York,United States,US,Point,"[-73.92712, 40.7038]",True,14109521
"Montréal, Québec, Canada",Villeray,Villeray-Saint-Michel-Parc-Extension,Montreal,Canada,CA,Point,"[-73.62993, 45.54335]",True,14109694
"Hong Kong, Kowloon, Hong Kong",Tsim Sha Tsui,Yau Tsim Mong,Hong Kong,Hong Kong,HK,Point,"[114.17212, 22.29663]",True,14111332
"Honolulu, HI, United States",Oʻahu,Primary Urban Center,Oahu,United States,US,Point,"[-157.82811, 21.27925]",True,14112918
"Honolulu, HI, United States",Honolulu,Primary Urban Center,Oahu,United States,US,Point,"[-157.82003, 21.26128]",True,14119791
"Honolulu, HI, United States",Oʻahu,Primary Urban Center,Oahu,United States,US,Point,"[-157.83285, 21.27886]",True,14119805
"Honolulu, HI, United States",Oʻahu,Primary Urban Center,Oahu,United States,US,Point,"[-157.82889, 21.28271]",True,14120722
"Barcelona, Catalonia, Spain",Eixample,Sant Antoni,Barcelona,Spain,ES,Point,"[2.1564, 41.37864]",False,14124717
"Kaaawa, HI, United States",Oʻahu,Koolauloa,Oahu,United States,US,Point,"[-157.8499, 21.5517]",False,14127526
"İstanbul, İstanbul, Turkey",Taksim,Beyoglu,Istanbul,Turkey,TR,Point,"[28.97675, 41.03782]",True,1413677
"Brooklyn, NY, United States",Brooklyn,Bushwick,New York,United States,US,Point,"[-73.9294, 40.69493]",True,14140905
"Kadıköy, İstanbul, Turkey",Kadıköy,Kadikoy,Istanbul,Turkey,TR,Point,"[29.02821, 40.98222]",False,14146422
"Lahaina, HI, United States",Westside,Lahaina,Maui,United States,US,Point,"[-156.67817, 20.97214]",True,14150800
"Maui County, HI, United States",Maui,Paia-Haiku,Maui,United States,US,Point,"[-156.26062, 20.93195]",True,14152437
"Porto, Porto, Portugal",,"Aldoar, Foz do Douro e Nevogilde",Porto,Portugal,PT,Point,"[-8.67515, 41.15337]",False,14161011
"Barcelona, Catalunya, Spain",Sants-Montjuïc,el Poble Sec,,Spain,ES,Point,"[2.15659, 41.37207]",True,14161732
"Honolulu, HI, United States",South Shore,East Honolulu,Oahu,United States,US,Point,"[-157.69614, 21.28953]",True,14164312
"Montréal, Québec, Canada",Le Sud-Ouest,Le Sud-Ouest,Montreal,Canada,CA,Point,"[-73.589, 45.47116]",True,14166653
"Fatih, İstanbul, Turkey",Sultanahmet,Fatih,Istanbul,Turkey,TR,Point,"[28.9754, 41.01388]",False,14172532
"Kowloon City, Kowloon, Hong Kong",Yau Tsim Mong,Yau Tsim Mong,Hong Kong,Hong Kong,HK,Point,"[114.17106, 22.31898]",True,1417276
"Istanbul maltepe cevizli , İstanbul, Turkey",,Maltepe,Istanbul,Turkey,TR,Point,"[29.15816, 40.91311]",False,14173253
"Matosinhos, Porto, Portugal",,Matosinhos e Leça da Palmeira,Porto,Portugal,PT,Point,"[-8.69332, 41.18378]",False,14175496
"Istanbul, İstanbul, Turkey",Beyoglu,Beyoglu,Istanbul,Turkey,TR,Point,"[28.98192, 41.03634]",False,14177829
"Montréal, Québec, Canada",Downtown Montreal,Ville-Marie,Montreal,Canada,CA,Point,"[-73.58359, 45.49633]",True,14185067
"Honolulu, HI, United States",Oʻahu,Primary Urban Center,Oahu,United States,US,Point,"[-157.82123, 21.27678]",False,14186262
"New York, NY, United States",Manhattan,Nolita,New York,United States,US,Point,"[-73.99346, 40.72255]",True,141890
"Brooklyn, NY, United States",Brooklyn,Bushwick,New York,United States,US,Point,"[-73.90792, 40.69295]",False,14214403
"Queens , NY, United States",Queens,Ditmars Steinway,New York,United States,US,Point,"[-73.90036, 40.7708]",False,14215061
"Kailua, HI, United States",Oʻahu,Koolaupoko,Oahu,United States,US,Point,"[-157.73366, 21.39114]",True,14220130
"Mosman, NSW, Australia",Mosman,Mosman,Sydney,Australia,AU,Point,"[151.23421, -33.82085]",True,14223095
"Kihei, HI, United States",Kihei/Wailea,Kihei-Makena,Maui,United States,US,Point,"[-156.45006, 20.72946]",False,14233139
"Kapaa, HI, United States",Kauaʻi,Kapaa-Wailua,,United States,US,Point,"[-159.32794, 22.05323]",True,14234514
"Brooklyn, NY, United States",Bushwick,Bushwick,New York,United States,US,Point,"[-73.90796, 40.69559]",True,14234561
"Porto, Porto, Portugal",,"Cedofeita, Ildefonso, Sé, Miragaia, Nicolau, Vitória",Porto,Portugal,PT,Point,"[-8.61976, 41.16058]",True,14234741
"New York, NY, United States",Chelsea,Chelsea,New York,United States,US,Point,"[-74.00606, 40.74577]",True,14236416
"Montréal, Québec, Canada",La Petite-Patrie,Rosemont-La Petite-Patrie,Montreal,Canada,CA,Point,"[-73.59906, 45.54521]",True,14238280
"Princeville, HI, United States",Kauaʻi,North Shore Kauai,Kauai,United States,US,Point,"[-159.47242, 22.21905]",True,14246971
"Princeville, HI, United States",Kauaʻi,North Shore Kauai,Kauai,United States,US,Point,"[-159.47223, 22.22053]",True,14249346
"Balgowlah, NSW, Australia",Balgowlah,Manly,Sydney,Australia,AU,Point,"[151.26172, -33.80093]",True,14250
"Lahaina, HI, United States",Maui,Lahaina,Maui,United States,US,Point,"[-156.68398, 20.88064]",True,14252298
"Honolulu, HI, United States",Honolulu,Primary Urban Center,Oahu,United States,US,Point,"[-157.82805, 21.27983]",True,14252305
"Rio de Janeiro condomínio Minha praia, Rio de Janeiro, Brazil",Barra da Tijuca,Jacarepaguá,Rio De Janeiro,Brazil,BR,Point,"[-43.39707095403066, -22.96499154663287]",True,14253379
"Montréal, Québec, Canada",Le Plateau-Mont-Royal,Le Plateau-Mont-Royal,Montreal,Canada,CA,Point,"[-73.56642, 45.51989]",True,14259235
"Montréal, Québec, Canada",Le Plateau-Mont-Royal,Le Plateau-Mont-Royal,Montreal,Canada,CA,Point,"[-73.59681, 45.52683]",False,14261122
"Rio de Janeiro, Rio de Janeiro, Brazil",Leme,Leme,Rio De Janeiro,Brazil,BR,Point,"[-43.17195520840645, -22.96129306836511]",True,1427233
"Kihei, HI, United States",Kihei/Wailea,Kihei-Makena,Maui,United States,US,Point,"[-156.45098, 20.72891]",False,14273204
"Brooklyn, NY, United States",Brooklyn,Williamsburg,New York,United States,US,Point,"[-73.94124, 40.71677]",True,14278303
"Honolulu, HI, United States",Honolulu,Primary Urban Center,Oahu,United States,US,Point,"[-157.81156, 21.32606]",True,14284682
"Barcelona, Catalunya, Spain",Eixample,la Dreta de l'Eixample,Barcelona,Spain,ES,Point,"[2.17533, 41.39454]",True,14287666
"Beşiktaş, İstanbul, Turkey",Beşiktaş,Besiktas,Istanbul,Turkey,TR,Point,"[29.00314, 41.04429]",False,14294961
"Rio de Janeiro, RJ, Brazil",Recreio dos Bandeirantes,Recreio dos Bandeirantes,Rio De Janeiro,Brazil,BR,Point,"[-43.47269480400845, -23.01598925251148]",False,14295981
"Wailuku, HI, United States",Maui,Kihei-Makena,Maui,United States,US,Point,"[-156.50456, 20.79559]",True,14298859
"Wailuku, HI, United States",Maui,Kihei-Makena,Maui,United States,US,Point,"[-156.50643, 20.79652]",True,14302702
"New York, NY, United States",Manhattan,East Village,New York,United States,US,Point,"[-73.98688, 40.73226]",False,14309960
"Lahaina, HI, United States",Kaanapali,Lahaina,Maui,United States,US,Point,"[-156.68985, 20.93787]",True,14316144
"Barcelona, Catalonia, Spain",La Maternitat i Sant Ramon,la Maternitat i Sant Ramon,Barcelona,Spain,ES,Point,"[2.12421, 41.3784]",False,1431666
"Montreal, QC, Canada",Le Plateau,Le Plateau-Mont-Royal,Montreal,Canada,CA,Point,"[-73.5671, 45.53713]",True,143175
"Rio de Janeiro, Rio de Janeiro, Brazil",Copacabana,Copacabana,Rio De Janeiro,Brazil,BR,Point,"[-43.18884440627417, -22.96870936391744]",False,14320172
"Rio de Janeiro, Rio de Janeiro, Brazil",Copacabana,Copacabana,Rio De Janeiro,Brazil,BR,Point,"[-43.176812676695214, -22.964460533574528]",True,14330134
"Porto, Porto, Portugal",,Bonfim,Porto,Portugal,PT,Point,"[-8.6022, 41.16098]",False,14332326
"Fatih, İstanbul, Turkey",Sultanahmet,Fatih,Istanbul,Turkey,TR,Point,"[28.96902, 41.00429]",False,14339048
"North Bondi, NSW, Australia",North Bondi,Waverley,Sydney,Australia,AU,Point,"[151.28483, -33.88969]",True,14339793
"Fatih, İstanbul, Turkey",Fatih,Fatih,Istanbul,Turkey,TR,Point,"[28.97082, 41.00611]",False,14360913
"Porto, Porto District, Portugal",,"Cedofeita, Ildefonso, Sé, Miragaia, Nicolau, Vitória",Porto,Portugal,PT,Point,"[-8.60756, 41.15633]",False,1437251
"Bronx, NY, United States",Claremont,Claremont Village,New York,United States,US,Point,"[-73.9016, 40.83796]",False,14375153
"Kadıköy, İstanbul, Turkey",Moda,Kadikoy,Istanbul,Turkey,TR,Point,"[29.0266, 40.99062]",False,14385513
"Brooklyn, NY, United States",Bushwick,Bushwick,New York,United States,US,Point,"[-73.91298, 40.69494]",True,14388889
"Montréal, QC, Canada",Ahuntsic-Cartierville,Ahuntsic-Cartierville,Montreal,Canada,CA,Point,"[-73.649, 45.55174]",False,14403549
"Honolulu, HI, United States",Honolulu,Primary Urban Center,Oahu,United States,US,Point,"[-157.83321, 21.28583]",True,14405901
"Gulpilhares, Porto, Portugal",,Gulpilhares e Valadares,Porto,Portugal,PT,Point,"[-8.65416, 41.08439]",False,14432651
"Barcelona, Catalunya, Spain",Eixample,la Dreta de l'Eixample,Barcelona,Spain,ES,Point,"[2.16589, 41.39002]",True,14434534
"Rio de Janeiro, Rio de Janeiro, Brazil",Copacabana,Copacabana,Rio De Janeiro,Brazil,BR,Point,"[-43.19398459651786, -22.98203185975016]",True,14439217
"New York, NY, United States",Harlem,Harlem,New York,United States,US,Point,"[-73.94625, 40.80677]",True,14439478
"Queens, NY, United States",Queens,Jackson Heights,New York,United States,US,Point,"[-73.87804, 40.75533]",False,14450837
"Hong Kong, Hong Kong Island, Hong Kong",Quarry Bay,Eastern,Hong Kong,Hong Kong,HK,Point,"[114.20927, 22.28857]",True,14460432
"Barcelona, Catalunya, Spain",Ciutat Vella,la Barceloneta,Barcelona,Spain,ES,Point,"[2.19006, 41.37787]",True,14462759
"Brooklyn, NY, United States",Brooklyn,Williamsburg,New York,United States,US,Point,"[-73.95095, 40.71354]",True,14472317
"Honolulu, HI, United States",Honolulu,Primary Urban Center,Oahu,United States,US,Point,"[-157.83915, 21.28506]",True,14472620
"Barcelona, Catalonia, Spain",Ciutat Vella,"Sant Pere, Santa Caterina i la Ribera",Barcelona,Spain,ES,Point,"[2.18198, 41.38189]",True,1447835
"Barcelona, Catalunya, Spain",Glòries - El Parc,el Parc i la Llacuna del Poblenou,Barcelona,Spain,ES,Point,"[2.18951, 41.3918]",True,14480689
"Santa Maria de Avioso, Porto, Portugal",,Castêlo da Maia,Porto,Portugal,PT,Point,"[-8.61602, 41.26027]",False,14490025
"Montréal, Québec, Canada",Verdun,Verdun,Montreal,Canada,CA,Point,"[-73.57064, 45.45702]",False,14493885
"New York, NY, United States",Manhattan,Upper West Side,New York,United States,US,Point,"[-73.96586, 40.79377]",True,14497942
"Montréal, Québec, Canada",Downtown Montreal,Ville-Marie,Montreal,Canada,CA,Point,"[-73.5571, 45.51725]",True,14501655
"New York, NY, United States",Manhattan,East Harlem,New York,United States,US,Point,"[-73.93702, 40.80758]",True,14506036
"Rio de Janeiro, RJ, Brazil",Leblon,Leblon,Rio De Janeiro,Brazil,BR,Point,"[-43.22308649148793, -22.978314631267907]",False,14522482
"Montréal, QC, Canada",Le Plateau-Mont-Royal,Le Plateau-Mont-Royal,Montreal,Canada,CA,Point,"[-73.57646, 45.53347]",False,14549548
"Brooklyn, NY, United States",Brooklyn,Bushwick,New York,United States,US,Point,"[-73.92964, 40.696]",True,14551515
"Şişli, İstanbul, Turkey",Şişli,Sisli,Istanbul,Turkey,TR,Point,"[29, 41.07197]",False,14554642
"Barcelona, a tres cuadras de La Sagrada Flia., Spain",La Sagrada Família,el Fort Pienc,Barcelona,Spain,ES,Point,"[2.1823, 41.40208]",False,14563257
"Brooklyn, NY, United States",Brooklyn,Bushwick,New York,United States,US,Point,"[-73.92351, 40.70087]",True,14569881
"Rio de Janeiro, Rio de Janeiro, Brazil",Botafogo,Botafogo,Rio De Janeiro,Brazil,BR,Point,"[-43.19207316019323, -22.94964100270776]",True,14571224
"Barcelona, Catalunya, Spain",Sant Pere/Santa Caterina,"Sant Pere, Santa Caterina i la Ribera",Barcelona,Spain,ES,Point,"[2.18177, 41.38667]",False,14573570
"Porto, Porto, Portugal",,"Cedofeita, Ildefonso, Sé, Miragaia, Nicolau, Vitória",Porto,Portugal,PT,Point,"[-8.60858, 41.1453]",True,14574409
"Staten Island, NY, United States",Staten Island,South Beach,New York,United States,US,Point,"[-74.08174, 40.59116]",True,14588464
"Vale de Cambra, Aveiro District, Portugal",,Macieira de Cambra,Porto,Portugal,PT,Point,"[-8.3692, 40.86455]",False,1459519
"Montréal, Québec, Canada",Quartier des Spectacles,Ville-Marie,Montreal,Canada,CA,Point,"[-73.563, 45.51406]",True,1459741
"New York, NY, United States",Manhattan,East Harlem,New York,United States,US,Point,"[-73.93955, 40.79281]",True,14610596
"Montréal, Québec, Canada",Rosemont-La Petite-Patrie,Rosemont-La Petite-Patrie,Montreal,Canada,CA,Point,"[-73.59448, 45.54477]",True,14629833
"Şişli, İstanbul, Turkey",Şişli,Sisli,Istanbul,Turkey,TR,Point,"[28.99425, 41.06931]",False,14633460
"HK, Hong Kong",,Tsuen Wan,Hong Kong,Hong Kong,HK,Point,"[114.10809, 22.39939]",False,14644562
"Montréal, Québec, Canada",Quartier des Spectacles,Ville-Marie,Montreal,Canada,CA,Point,"[-73.57004, 45.50835]",True,14649808
"New York, NY, United States",Queens,Sunnyside,New York,United States,US,Point,"[-73.91704, 40.74615]",False,14650584
"Barcelona, Catalunya, Spain",Sant Antoni,Sant Antoni,Barcelona,Spain,ES,Point,"[2.15988, 41.3767]",True,14661747
"Puako, HI, United States",Island of Hawaiʻi,South Kohala,The Big Island,United States,US,Point,"[-155.87972, 19.91589]",False,14675014
"Rio de Janeiro, RJ, Brazil",Barra da Tijuca,Jacarepaguá,Rio De Janeiro,Brazil,BR,Point,"[-43.387066303153254, -22.96644661942321]",False,14683121
"Rio de Janeiro, Rio de Janeiro, Brazil",Copacabana,Copacabana,Rio De Janeiro,Brazil,BR,Point,"[-43.18832054700163, -22.96894327038813]",True,14707572
"Rio de Janeiro, Rio de Janeiro, Brazil",Vila da Penha,Vila da Penha,Rio De Janeiro,Brazil,BR,Point,"[-43.31241696422418, -22.8437129575907]",False,14728150
"Mosman, NSW, Australia",Mosman,Mosman,Sydney,Australia,AU,Point,"[151.24345, -33.83772]",True,14733479
"Rio de Janeiro, Rio de Janeiro, Brazil",Copacabana,Copacabana,Rio De Janeiro,Brazil,BR,Point,"[-43.19096674991071, -22.985821676488733]",True,14741201
"Rio de Janeiro, Rio de Janeiro, Brazil",Copacabana,Copacabana,Rio De Janeiro,Brazil,BR,Point,"[-43.18708515155298, -22.97103230094075]",True,14744918
"Rio de Janeiro, Rio de Janeiro, Brazil",Copacabana,Copacabana,Rio De Janeiro,Brazil,BR,Point,"[-43.19298564538373, -22.97626728937996]",True,14748333
"Brooklyn, NY, United States",Bushwick,Bushwick,New York,United States,US,Point,"[-73.92084, 40.68891]",True,14756990
"Valbom, Porto, Portugal",,"Gondomar (São Cosme), Valbom e Jovim",Porto,Portugal,PT,Point,"[-8.557, 41.14586]",True,14758068
"Kailua-Kona, HI, United States",Kailua/Kona,North Kona,The Big Island,United States,US,Point,"[-155.97224, 19.70353]",True,14758081
"Sancaktepe, İstanbul, Turkey",,Sancaktepe,Istanbul,Turkey,TR,Point,"[29.19203, 41.00363]",False,14760382
"New York, NY, United States",Manhattan,Nolita,New York,United States,US,Point,"[-73.99419, 40.7245]",False,1476484
"Istanbul, Istanbul Province, Turkey",,Gaziosmanpasa,Istanbul,Turkey,TR,Point,"[28.91629, 41.06038]",False,1476508
"Porto, Porto District, Portugal",,"Cedofeita, Ildefonso, Sé, Miragaia, Nicolau, Vitória",Porto,Portugal,PT,Point,"[-8.61834, 41.14425]",True,1476656
"Rio de Janeiro, Rio de Janeiro, Brazil",,Guaratiba,Rio De Janeiro,Brazil,BR,Point,"[-43.551624934367986, -22.9904451673837]",False,14768403
"Brooklyn, NY, United States",Brooklyn,East New York,New York,United States,US,Point,"[-73.89039, 40.67539]",False,14769619
"Queens, NY, United States",Jamaica,St. Albans,New York,United States,US,Point,"[-73.75184, 40.70052]",False,14778622
"New York, NY, United States",Manhattan,Lower East Side,New York,United States,US,Point,"[-73.99154, 40.71862]",True,1480002
"Staten Island, NY, United States",West Brighton,West Brighton,New York,United States,US,Point,"[-74.11311, 40.63333]",True,14804661
"Barcelona, Catalonia, Spain",Eixample,la Sagrada Família,Barcelona,Spain,ES,Point,"[2.17648, 41.41089]",True,1481054
"Tamarama, NSW, Australia",Bronte,Waverley,Sydney,Australia,AU,Point,"[151.26412, -33.90304]",True,1481361
"New York, NY, United States",Manhattan,Gramercy,New York,United States,US,Point,"[-73.98443, 40.73815]",True,14818234
"Barcelona, Catalonia, Spain",Dreta de l'Eixample,la Dreta de l'Eixample,Barcelona,Spain,ES,Point,"[2.17532, 41.38977]",True,1482060
"Porto, Porto District, Portugal",,Bonfim,Porto,Portugal,PT,Point,"[-8.60207, 41.16033]",False,14824708
"Kahuku, HI, United States",Windward Side,Koolauloa,Oahu,United States,US,Point,"[-158.0201, 21.69442]",True,14827972
"Montréal, Québec, Canada",Le Plateau-Mont-Royal,Le Plateau-Mont-Royal,Montreal,Canada,CA,Point,"[-73.59285, 45.52707]",True,14836765
"Rio de Janeiro, Rio de Janeiro, Brazil",,Jacarepaguá,Rio De Janeiro,Brazil,BR,Point,"[-43.418436471189274, -22.9703870513959]",False,14839116
"Moreira, Porto, Portugal",,Moreira,Porto,Portugal,PT,Point,"[-8.66031, 41.23035]",True,14846275
"Koloa, HI, United States",Kauaʻi,Koloa-Poipu,Kauai,United States,US,Point,"[-159.45065, 21.8732]",True,14855345
"Queens, NY, United States",Flushing,Flushing,New York,United States,US,Point,"[-73.83298, 40.7459]",False,14856799
"New York, NY, United States",Chelsea,Chelsea,New York,United States,US,Point,"[-73.99898, 40.75005]",False,14858544
"Brooklyn, NY, United States",Crown Heights,Crown Heights,New York,United States,US,Point,"[-73.95549, 40.67838]",True,1487222
"Hong Kong, Hong Kong Island, Hong Kong",Wan Chai,Wan Chai,Hong Kong,Hong Kong,HK,Point,"[114.17694, 22.27757]",True,14875190
"Darlinghurst, NSW, Australia",Darlinghurst,Sydney,Sydney,Australia,AU,Point,"[151.21345, -33.87552]",True,14886923
"New York, NY, United States",Upper West Side,Upper West Side,New York,United States,US,Point,"[-73.97132, 40.79501]",True,14894267
"Montréal, Québec, Canada",Mercier-Hochelaga-Maisonneuve,Mercier-Hochelaga-Maisonneuve,Montreal,Canada,CA,Point,"[-73.55208, 45.55157]",True,14896503
"Istanbul, İstanbul, Turkey",,Buyukcekmece,Istanbul,Turkey,TR,Point,"[28.58381, 41.02525]",False,14907884
"Lahaina, HI, United States",Maui,Lahaina,Maui,United States,US,Point,"[-156.69406, 20.91573]",True,14915493
"Brooklyn, NY, United States",Brooklyn,Williamsburg,New York,United States,US,Point,"[-73.96392, 40.71865]",True,14916806
"Avalon Beach, NSW, Australia",Avalon,Pittwater,Sydney,Australia,AU,Point,"[151.31642, -33.62564]",True,14921505
"Haleiwa, HI, United States",North Shore,North Shore Oahu,Oahu,United States,US,Point,"[-158.06438, 21.64361]",True,14923016
"Porto, Porto, Portugal",,"Cedofeita, Ildefonso, Sé, Miragaia, Nicolau, Vitória",Porto,Portugal,PT,Point,"[-8.62077, 41.15129]",True,14930875
"Rio de Janeiro, Rio de Janeiro, Brazil",,Botafogo,Rio De Janeiro,Brazil,BR,Point,"[-43.184717879371945, -22.957738202813633]",False,14960783
"Princeville, HI, United States",Kauaʻi,North Shore Kauai,Kauai,United States,US,Point,"[-159.48204, 22.22342]",True,14962367
"Brooklyn, NY, United States",Canarsie,Canarsie,New York,United States,US,Point,"[-73.89367, 40.63241]",True,14967994
"Brooklyn, NY, United States",Brooklyn,Park Slope,New York,United States,US,Point,"[-73.98625, 40.67124]",False,14968000
"Rio de Janeiro, Rio de Janeiro, Brazil",Barra da Tijuca,Jacarepaguá,Rio De Janeiro,Brazil,BR,Point,"[-43.383106728466196, -22.972537658219263]",False,14968004
"Rio de Janeiro, Rio de Janeiro, Brazil",Copacabana,Copacabana,Rio De Janeiro,Brazil,BR,Point,"[-43.17875081156532, -22.964617829612656]",True,14992196
"Montreal, QC, Canada",Downtown Montreal,Ville-Marie,Montreal,Canada,CA,Point,"[-73.55553, 45.52006]",True,14993652
"Rio de Janeiro, Rio de Janeiro, Brazil",Ipanema,Ipanema,Rio De Janeiro,Brazil,BR,Point,"[-43.20070227223089, -22.98521721608299]",True,14996051
"Kailua, HI, United States",Kailua,Koolaupoko,Oahu,United States,US,Point,"[-157.74532, 21.4094]",True,14996590
"Montréal, Québec, Canada",Downtown Montreal,Ville-Marie,Montreal,Canada,CA,Point,"[-73.5571, 45.52621]",True,15003187
"Porto, Porto, Portugal",,"Cedofeita, Ildefonso, Sé, Miragaia, Nicolau, Vitória",Porto,Portugal,PT,Point,"[-8.61054, 41.15314]",True,15003496
"Kahuku, HI, United States",Ko'olauloa,Koolauloa,Oahu,United States,US,Point,"[-157.99459, 21.69891]",True,15004284
"Lahaina, HI, United States",Westside,Lahaina,Maui,United States,US,Point,"[-156.66815, 20.99393]",True,15008596
"Hong Kong, Hong Kong Island, Hong Kong",Central & Western District,Central & Western,Hong Kong,Hong Kong,HK,Point,"[114.14609, 22.2853]",True,15009347
"Rio de Janeiro, Rio de Janeiro, Brazil",Barra da Tijuca,Barra da Tijuca,Rio De Janeiro,Brazil,BR,Point,"[-43.30223274973709, -23.015724648126966]",True,15015363
"Brooklyn, NY, United States",Brooklyn,Williamsburg,New York,United States,US,Point,"[-73.9664, 40.71424]",True,15019476
"Lahaina, HI, United States",Westside,Lahaina,Maui,United States,US,Point,"[-156.68654, 20.93332]",False,15021236
"Hauula, HI, United States",Ko'olauloa,Koolauloa,Oahu,United States,US,Point,"[-157.91443, 21.61791]",True,15021379
"Hong Kong Island, Hong Kong Island, Hong Kong",Sai Ying Pun,Central & Western,Hong Kong,Hong Kong,HK,Point,"[114.14311, 22.28586]",False,15026828
"Porto, Porto, Portugal",,"Aldoar, Foz do Douro e Nevogilde",Porto,Portugal,PT,Point,"[-8.66899, 41.14858]",False,15031608
"Barcelona, Catalunya, Spain",L'Antiga Esquerra de l'Eixample,l'Antiga Esquerra de l'Eixample,Barcelona,Spain,ES,Point,"[2.14969, 41.39367]",True,15035458
"Istanbul, Istanbul, Turkey",Beyoglu,Beyoglu,Istanbul,Turkey,TR,Point,"[28.98158, 41.0314]",True,1503655
"Porto, Porto, Portugal",,Paranhos,Porto,Portugal,PT,Point,"[-8.61182, 41.17034]",True,15036568
"Barcelona, Catalunya, Spain",Ciutat Vella,el Barri Gòtic,Barcelona,Spain,ES,Point,"[2.17518, 41.37998]",True,15047479
"Montréal, Québec, Canada",Rosemont-La Petite-Patrie,Rosemont-La Petite-Patrie,Montreal,Canada,CA,Point,"[-73.58808, 45.54144]",True,15052129
"Rio de Janeiro, Rio de Janeiro, Brazil",Flamengo,Flamengo,Rio De Janeiro,Brazil,BR,Point,"[-43.176782067626476, -22.93408989604882]",False,15058245
"Rio de Janeiro, Rio de Janeiro, Brazil",Botafogo,Botafogo,Rio De Janeiro,Brazil,BR,Point,"[-43.18574483607384, -22.948858918144378]",True,15058677
"Surry Hills, NSW, Australia",Surry Hills,Sydney,Sydney,Australia,AU,Point,"[151.21088, -33.88515]",True,15060713
"Rio de Janeiro, Rio de Janeiro, Brazil",Flamengo,Flamengo,Rio De Janeiro,Brazil,BR,Point,"[-43.17260649652285, -22.927833288976863]",True,15073600
"Kaaawa, HI, United States",Oʻahu,Koolauloa,Oahu,United States,US,Point,"[-157.85218, 21.55359]",False,15088513
"Barcelona, Catalunya, Spain",Eixample,la Sagrada Família,Barcelona,Spain,ES,Point,"[2.17505, 41.40975]",True,15095488
"Rio de Janeiro, Rio de Janeiro, Brazil",Copacabana,Copacabana,Rio De Janeiro,Brazil,BR,Point,"[-43.17891807417986, -22.964291231055718]",False,15097549
"Barcelona, Catalunya, Spain",Eixample,la Dreta de l'Eixample,Barcelona,Spain,ES,Point,"[2.17228, 41.39785]",False,15098676
"Montréal, Québec, Canada",Le Plateau-Mont-Royal,Le Plateau-Mont-Royal,Montreal,Canada,CA,Point,"[-73.58217, 45.5369]",True,15099382
"Bronx, NY, United States",The Bronx,Fordham,New York,United States,US,Point,"[-73.89713, 40.86533]",False,15100883
"Hong Kong, Hong Kong Island, Hong Kong",Central & Western District,Central & Western,Hong Kong,Hong Kong,HK,Point,"[114.14315, 22.28855]",True,15101377
"Barcelona, Catalunya, Spain",Ciutat Vella,la Barceloneta,Barcelona,Spain,ES,Point,"[2.18864, 41.3815]",True,15103148
"Başakşehir, İstanbul, Turkey",,Basaksehir,Istanbul,Turkey,TR,Point,"[28.80001, 41.09937]",False,15105616
"Rio de Janeiro, Rio de Janeiro, Brazil",,Gávea,Rio De Janeiro,Brazil,BR,Point,"[-43.23561955660127, -22.980457717563553]",True,15113580
"New York, NY, United States",Hell's Kitchen,Hell's Kitchen,New York,United States,US,Point,"[-73.99552, 40.76338]",True,15115143
"Waialua, HI, United States",North Shore,North Shore Oahu,Oahu,United States,US,Point,"[-158.17481, 21.57958]",True,15116002
"Barcelona, Catalunya, Spain",Horta-Guinardó,el Carmel,Barcelona,Spain,ES,Point,"[2.15739, 41.42255]",False,15119850
"Beşiktaş, İstanbul, Turkey",Beşiktaş,Besiktas,Istanbul,Turkey,TR,Point,"[29.01933, 41.05115]",True,15124324
"Barcelona , Catalunya, Spain",Sant Martí,el Besòs i el Maresme,Barcelona,Spain,ES,Point,"[2.22733, 41.41004]",False,15124886
"Rio de Janeiro, Rio de Janeiro, Brazil",Copacabana,Copacabana,Rio De Janeiro,Brazil,BR,Point,"[-43.18364483691549, -22.965623291833747]",True,15126808
"Barcelona, Catalunya, Spain",Sarrià-Sant Gervasi,el Putxet i el Farró,Barcelona,Spain,ES,Point,"[2.14984, 41.4025]",True,15139440
"Brooklyn, NY, United States",Brooklyn,Williamsburg,New York,United States,US,Point,"[-73.96234, 40.71871]",False,15140363
"Santo Tirso, Porto, Portugal",,"St. Tirso, Couto (S. Cristina e S. Miguel) e Burgães",Porto,Portugal,PT,Point,"[-8.477, 41.33714]",False,15144619
"Rio de Janeiro, RJ, Brazil",Lapa,Centro,Rio De Janeiro,Brazil,BR,Point,"[-43.18800413289652, -22.91397733868619]",True,15158785
"Espinho, Aveiro, Portugal",,Espinho,Porto,Portugal,PT,Point,"[-8.64026, 41.00943]",False,15159326
"Waialua, HI, United States",Oʻahu,North Shore Oahu,Oahu,United States,US,Point,"[-158.14192, 21.58147]",False,15167619
"Rio de Janeiro, Rio de Janeiro, Brazil",Copacabana,Copacabana,Rio De Janeiro,Brazil,BR,Point,"[-43.185196066971, -22.970194525506763]",False,15177216
"Hong Kong, Hong Kong Island, Hong Kong",Central & Western District,Central & Western,Hong Kong,Hong Kong,HK,Point,"[114.15013, 22.28458]",True,15182133
"Brooklyn, NY, United States",Williamsburg,Williamsburg,New York,United States,US,Point,"[-73.94884, 40.70778]",False,15190865
"Honolulu, HI, United States",Honolulu,Primary Urban Center,Oahu,United States,US,Point,"[-157.82313, 21.27982]",True,15194147
"Barcelona, Cataluña, Catalonia, Spain",Sant Martí,el Clot,Barcelona,Spain,ES,Point,"[2.19013, 41.40625]",True,1520042
"Montréal, Québec, Canada",Verdun,Verdun,Montreal,Canada,CA,Point,"[-73.57098, 45.45145]",True,15206608
"New York, NY, United States",West Village,West Village,New York,United States,US,Point,"[-74.00255, 40.73523]",True,15207202
"Rio de Janeiro, Rio de Janeiro, Brazil",Barra da Tijuca,Barra da Tijuca,Rio De Janeiro,Brazil,BR,Point,"[-43.32853022489558, -23.011038238562968]",False,15207920
"Waimea, HI, United States",Island of Hawaiʻi,South Kohala,The Big Island,United States,US,Point,"[-155.85528, 19.94625]",True,15208698
"Hong Kong, Hong Kong Island, Hong Kong",Southern District,Southern,Hong Kong,Hong Kong,HK,Point,"[114.2265, 22.23514]",False,15225155
"New York, NY, United States",Harlem,Harlem,New York,United States,US,Point,"[-73.94571, 40.81156]",True,152259
"New York, NY, United States",Manhattan,Harlem,New York,United States,US,Point,"[-73.94504, 40.81036]",True,15239628
"Honolulu, HI, United States",Kaimuki,Primary Urban Center,Oahu,United States,US,Point,"[-157.78624, 21.29329]",True,15241263
"Barcelona, Catalunya, Spain",Sants-Montjuïc,Sants - Badal,Barcelona,Spain,ES,Point,"[2.12841, 41.37419]",True,15244301
"Surry Hills, NSW, Australia",Surry Hills,Sydney,Sydney,Australia,AU,Point,"[151.2154, -33.88424]",True,15245956
"Rio de Janeiro, Rio de Janeiro, Brazil",Ipanema,Ipanema,Rio De Janeiro,Brazil,BR,Point,"[-43.19853373911537, -22.98223425028271]",False,15248025
"Wailuku, HI, United States",Maui,Kihei-Makena,Maui,United States,US,Point,"[-156.50624, 20.79562]",True,15257124
"Outremont, QC, Canada",Outremont,Outremont,Montreal,Canada,CA,Point,"[-73.61799, 45.51719]",True,152630
"Princeville, HI, United States",Kauaʻi,North Shore Kauai,Kauai,United States,US,Point,"[-159.47746, 22.22274]",True,152645
"New York, NY, United States",Manhattan,Midtown,New York,United States,US,Point,"[-73.98007, 40.76382]",True,15266254
"Hawi, HI, United States",Island of Hawaiʻi,North Kohala,The Big Island,United States,US,Point,"[-155.83072, 20.21631]",True,15272987
"Montréal, Québec, Canada",Downtown Montreal,Ville-Marie,Montreal,Canada,CA,Point,"[-73.58133, 45.4971]",True,15273682
"Barcelona, Catalunya, Spain",El Poble-sec,el Poble Sec,Barcelona,Spain,ES,Point,"[2.1633, 41.37391]",False,15284591
"Waialua, HI, United States",Oʻahu,North Shore Oahu,Oahu,United States,US,Point,"[-158.111, 21.56933]",True,15285714
"Pepeekeo, HI, United States",Hilo,South Hilo,The Big Island,United States,US,Point,"[-155.09392, 19.86134]",True,15285878
"Koloa, HI, United States",Kauaʻi,Koloa-Poipu,Kauai,United States,US,Point,"[-159.44913, 21.87529]",False,15286461
"Hong Kong, Hong Kong Island, Hong Kong",Eastern District,Eastern,Hong Kong,Hong Kong,HK,Point,"[114.19362, 22.28933]",True,15294219
"Rio, Rio de Janeiro, Brazil",Copacabana,Copacabana,Rio De Janeiro,Brazil,BR,Point,"[-43.18774737406539, -22.975088596882877]",True,1530241
"Montréal, Québec, Canada",Westmount,Westmount,Montreal,Canada,CA,Point,"[-73.6053, 45.48849]",True,15307723
"New York, NY, United States",Manhattan,Kips Bay,New York,United States,US,Point,"[-73.98087, 40.73806]",False,15309509
"Randwick, NSW, Australia",Randwick,Randwick,Sydney,Australia,AU,Point,"[151.24591, -33.91446]",True,15312988
"Honolulu, HI, United States",Oʻahu,Primary Urban Center,Oahu,United States,US,Point,"[-157.82213, 21.27906]",True,15314458
"Barcelona, Catalunya, Spain",Sants-Montjuïc,Sants,Barcelona,Spain,ES,Point,"[2.13237, 41.37549]",False,15320378
"Montréal, Québec, Canada",Le Plateau,Le Plateau-Mont-Royal,Montreal,Canada,CA,Point,"[-73.57534, 45.53431]",True,15326391
"Redfern, NSW, Australia",Redfern,Sydney,Sydney,Australia,AU,Point,"[151.20036, -33.89368]",True,15332652
"Montréal, Québec, Canada",Outremont,Outremont,Montreal,Canada,CA,Point,"[-73.61179, 45.52445]",True,1534038
"Barcelona, Catalunya, Spain",Sant Gervasi - la Bonanova,"Vallvidrera, el Tibidabo i les Planes",Barcelona,Spain,ES,Point,"[2.11732, 41.41753]",False,15341505
"Barcelona, Catalunya, Spain",Sant Pere/Santa Caterina,"Sant Pere, Santa Caterina i la Ribera",Barcelona,Spain,ES,Point,"[2.18227, 41.3859]",False,15353532
"New York , NY, United States",Upper East Side,Upper East Side,New York,United States,US,Point,"[-73.94782, 40.7739]",False,15360364
"Montréal, Québec, Canada",Downtown Montreal,Ville-Marie,Montreal,Canada,CA,Point,"[-73.58, 45.49484]",True,15362525
"Beşiktaş, İstanbul, Turkey",Ortaköy,Besiktas,Istanbul,Turkey,TR,Point,"[29.02695, 41.04834]",True,15366738
"istanbul, İstanbul, Turkey",,Bahcelievler,Istanbul,Turkey,TR,Point,"[28.8721, 41.00258]",False,15374146
"Montreal, QC, Canada",La Petite-Patrie,Rosemont-La Petite-Patrie,Montreal,Canada,CA,Point,"[-73.59605, 45.54842]",True,1537570
"Porto, Porto, Portugal",,"Cedofeita, Ildefonso, Sé, Miragaia, Nicolau, Vitória",Porto,Portugal,PT,Point,"[-8.61799, 41.15095]",True,15384713
"Barcelona, Catalunya, Spain",El Poble-sec,el Poble Sec,Barcelona,Spain,ES,Point,"[2.16296, 41.37339]",True,15386249
"Montréal, Québec, Canada",Downtown Montreal,Ville-Marie,Montreal,Canada,CA,Point,"[-73.57844, 45.49455]",True,15400061
"Fatih, İstanbul, Turkey",Fatih,Fatih,Istanbul,Turkey,TR,Point,"[28.96755, 41.00488]",False,15417267
"Tamarama, NSW, Australia",Tamarama,Waverley,Sydney,Australia,AU,Point,"[151.27248, -33.89868]",True,15436372
"Eyüp, İstanbul, Turkey",Beyoglu,Eyup,Istanbul,Turkey,TR,Point,"[28.93928, 41.05807]",True,15439877
"Barcelona, Catalonia, Spain",L'Antiga Esquerra de l'Eixample,l'Antiga Esquerra de l'Eixample,Barcelona,Spain,ES,Point,"[2.1509, 41.39106]",True,154437
"Maroubra, NSW, Australia",Kingsford,Randwick,Sydney,Australia,AU,Point,"[151.23721, -33.93316]",True,15453288
"Wan Chai, Hong Kong Island, Hong Kong",Wan Chai,Wan Chai,Hong Kong,Hong Kong,HK,Point,"[114.16853, 22.2751]",False,15469178
"Kowloon, Hong Kong, Hong Kong",Tsim Sha Tsui,Yau Tsim Mong,Hong Kong,Hong Kong,HK,Point,"[114.17509, 22.29879]",False,15488401
"Kağıthane, İstanbul, Turkey",Şişli,Kagithane,Istanbul,Turkey,TR,Point,"[29.00439, 41.08101]",False,15489751
"Porto, Porto, Portugal",,"Cedofeita, Ildefonso, Sé, Miragaia, Nicolau, Vitória",Porto,Portugal,PT,Point,"[-8.61234, 41.14442]",False,15498188
"İstanbul, İstanbul, Turkey",Beyoglu,Beyoglu,Istanbul,Turkey,TR,Point,"[28.97342, 41.0383]",True,15498805
"Beşiktaş, İstanbul, Turkey",Beşiktaş,Besiktas,Istanbul,Turkey,TR,Point,"[29.04246, 41.06944]",False,1550449
"Brooklyn, NY, United States",Park Slope,Park Slope,New York,United States,US,Point,"[-73.97479, 40.67148]",True,15529123
"Lahaina, HI, United States",Napili/Honokowai,Lahaina,Maui,United States,US,Point,"[-156.66581, 20.98825]",True,15535000
"Perafita, Portugal",,"Perafita, Lavra e Santa Cruz do Bispo",Porto,Portugal,PT,Point,"[-8.71786, 41.22715]",False,15541887
"Hong Kong, Hong Kong Island, Hong Kong",Central & Western District,Central & Western,Hong Kong,Hong Kong,HK,Point,"[114.14587, 22.28754]",True,15542962
"Brooklyn, NY, United States",Brooklyn,Williamsburg,New York,United States,US,Point,"[-73.96445, 40.70953]",True,15550900
"New York, NY, United States",East Harlem,East Harlem,New York,United States,US,Point,"[-73.94037, 40.79324]",True,15551245
"Hilo, HI, United States",Hilo,South Hilo,The Big Island,United States,US,Point,"[-155.0728, 19.71375]",True,15567275
"Montréal, Québec, Canada",Le Plateau,Ville-Marie,Montreal,Canada,CA,Point,"[-73.56211, 45.5301]",True,15581379
"Bondi Beach, NSW, Australia",North Bondi,Waverley,Sydney,Australia,AU,Point,"[151.27836, -33.88816]",True,15591661
"Porto, Porto, Portugal",,"Cedofeita, Ildefonso, Sé, Miragaia, Nicolau, Vitória",Porto,Portugal,PT,Point,"[-8.61285, 41.14469]",False,15596462
"Rio de Janeiro, Rio de Janeiro, Brazil",,Curicica,Rio De Janeiro,Brazil,BR,Point,"[-43.39573210119065, -22.961232291647896]",True,15603491
"Beyoğlu, İstanbul, Turkey",Cihangir,Beyoglu,Istanbul,Turkey,TR,Point,"[28.98387, 41.03315]",True,1560753
"Rose Bay, NSW, Australia",Rose Bay/Dover Heights,Woollahra,Sydney,Australia,AU,Point,"[151.27395, -33.87128]",True,15648819
"Kings Langley, NSW, Australia",,Blacktown,Sydney,Australia,AU,Point,"[150.95347, -33.76119]",True,15650737
"Randwick, NSW, Australia",Randwick,Randwick,Sydney,Australia,AU,Point,"[151.24573, -33.91571]",True,15652009
"Porto, Porto, Portugal",,"Cedofeita, Ildefonso, Sé, Miragaia, Nicolau, Vitória",Porto,Portugal,PT,Point,"[-8.60792, 41.1584]",True,15653247
"Hong Kong, Kowloon, Hong Kong",Yau Tsim Mong,Yau Tsim Mong,Hong Kong,Hong Kong,HK,Point,"[114.17062, 22.30908]",True,15657910
"Mascot, NSW, Australia",Mascot,Botany Bay,Sydney,Australia,AU,Point,"[151.18622, -33.92391]",False,15665837
"Porto, Porto, Portugal",,"Cedofeita, Ildefonso, Sé, Miragaia, Nicolau, Vitória",Porto,Portugal,PT,Point,"[-8.61549, 41.14427]",False,15697721
"Volcano, HI, United States",Island of Hawaiʻi,Kau,The Big Island,United States,US,Point,"[-155.28143, 19.44145]",True,15702250
"Porto, Porto, Portugal",,Paranhos,Porto,Portugal,PT,Point,"[-8.60569, 41.16256]",False,15702989
"Barcelona, Catalunya, Spain",Eixample,la Dreta de l'Eixample,Barcelona,Spain,ES,Point,"[2.1644, 41.38926]",True,15711623
"Surry Hills, NSW, Australia",Surry Hills,Sydney,Sydney,Australia,AU,Point,"[151.21271, -33.88871]",True,15719888
"Brooklyn, NY, United States",Bedford-Stuyvesant,Bedford-Stuyvesant,New York,United States,US,Point,"[-73.92903, 40.68887]",True,15721022
"Bellevue Hill, NSW, Australia",Bellevue Hill,Woollahra,Sydney,Australia,AU,Point,"[151.25417, -33.87964]",False,15721779
"New York, NY, United States",Manhattan,Upper East Side,New York,United States,US,Point,"[-73.9619, 40.76816]",False,15723889
"Rio de Janeiro, Rio de Janeiro, Brazil",Barra da Tijuca,Barra da Tijuca,Rio De Janeiro,Brazil,BR,Point,"[-43.330768475860374, -23.005036413240408]",False,15731780
"Rio de Janeiro, Rio de Janeiro, Brazil",Lapa,Centro,Rio De Janeiro,Brazil,BR,Point,"[-43.184613548819904, -22.912102434375207]",True,1574416
"Porto, Porto, Portugal",,"Cedofeita, Ildefonso, Sé, Miragaia, Nicolau, Vitória",Porto,Portugal,PT,Point,"[-8.61062, 41.14543]",True,15744249
"Montréal, Québec, Canada",Villeray-Saint-Michel-Parc-Extension,Villeray-Saint-Michel-Parc-Extension,Montreal,Canada,CA,Point,"[-73.61051, 45.54517]",True,15745859
"Rosebery, NSW, Australia",Rosebery,Sydney,Sydney,Australia,AU,Point,"[151.20181, -33.91585]",True,15745971
"Bronte, NSW, Australia",Bronte,Waverley,Sydney,Australia,AU,Point,"[151.26372, -33.90277]",True,15747156
"Waialua, HI, United States",North Shore,North Shore Oahu,Oahu,United States,US,Point,"[-158.15725, 21.57918]",True,15748933
"Glebe, NSW, Australia",Glebe,Sydney,Sydney,Australia,AU,Point,"[151.18334, -33.88081]",True,15748956
"Istanbul, Istanbul, Turkey",Kadıköy,Kadikoy,Istanbul,Turkey,TR,Point,"[29.10186, 40.96826]",False,1575430
"Barcelona, Catalunya, Spain",La Sagrada Família,la Sagrada Família,Barcelona,Spain,ES,Point,"[2.17178, 41.40631]",True,15762813
"香港, 香港, Hong Kong",Sham Shui Po District,Sham Shui Po,Hong Kong,Hong Kong,HK,Point,"[114.16676, 22.33107]",False,15771501
"Porto, Porto District, Portugal",,Bonfim,Porto,Portugal,PT,Point,"[-8.59971, 41.15227]",False,15782994
"Haiku-Pauwela, HI, United States",Maui,Paia-Haiku,Maui,United States,US,Point,"[-156.32303, 20.91468]",True,15787147
"Staten Island, NY, United States",Great Kills,Eltingville,New York,United States,US,Point,"[-74.14666, 40.54106]",True,15797728
"Porto, Porto, Portugal",,"Cedofeita, Ildefonso, Sé, Miragaia, Nicolau, Vitória",Porto,Portugal,PT,Point,"[-8.61803, 41.1432]",True,15803265
"Bondi Beach, NSW, Australia",Bondi Beach,Waverley,Sydney,Australia,AU,Point,"[151.2729, -33.8949]",True,15806964
"Honolulu, HI, United States",Oʻahu,Primary Urban Center,Oahu,United States,US,Point,"[-157.85228, 21.31184]",True,15808180
"Barcelona, Catalonia, Spain",Dreta de l'Eixample,la Dreta de l'Eixample,Barcelona,Spain,ES,Point,"[2.17689, 41.39044]",False,15812792
"Brooklyn, NY, United States",Brooklyn,Bushwick,New York,United States,US,Point,"[-73.90531, 40.68844]",True,15816930
"Brooklyn, NY, United States",Crown Heights,Crown Heights,New York,United States,US,Point,"[-73.93902, 40.67034]",True,15819242
"North Bondi, NSW, Australia",North Bondi,Waverley,Sydney,Australia,AU,Point,"[151.27247, -33.88472]",True,15820774
"Fatih, İstanbul, Turkey",Fatih,Fatih,Istanbul,Turkey,TR,Point,"[28.96917, 41.00629]",False,15824730
"Porto, Porto District, Portugal",,"Cedofeita, Ildefonso, Sé, Miragaia, Nicolau, Vitória",Porto,Portugal,PT,Point,"[-8.61302, 41.15772]",True,15828858
"Wanchai, Hong Kong Island, Hong Kong",Wan Chai District,Wan Chai,Hong Kong,Hong Kong,HK,Point,"[114.17511, 22.27735]",False,15834431
"Honolulu, HI, United States",Diamond Head/Kapahulu/St. Louis Heights,Primary Urban Center,Oahu,United States,US,Point,"[-157.81261, 21.27219]",False,1583670
"Malabar, NSW, Australia",Malabar,Randwick,Sydney,Australia,AU,Point,"[151.25151, -33.96629]",True,1584102
"Barcelona, CT, Spain",Eixample,la Dreta de l'Eixample,Barcelona,Spain,ES,Point,"[2.17652, 41.39574]",True,15842669
"Montreal, QC, Canada",Le Plateau,Le Plateau-Mont-Royal,Montreal,Canada,CA,Point,"[-73.56963, 45.51895]",True,1584281
"Barcelona, Catalunya, Spain",Vila de Gràcia,la Vila de Gràcia,Barcelona,Spain,ES,Point,"[2.15555, 41.39696]",True,15864211
"Woodside, NY, United States",Maspeth,Maspeth,New York,United States,US,Point,"[-73.90168, 40.73732]",True,1586454
"Brooklyn , NY, United States",Brooklyn,Crown Heights,New York,United States,US,Point,"[-73.91578, 40.67638]",False,15866121
"Manly, NSW, Australia",Manly,Manly,Sydney,Australia,AU,Point,"[151.28247, -33.79309]",False,15877524
"Rio de Janeiro, Rio de Janeiro, Brazil",Botafogo,Botafogo,Rio De Janeiro,Brazil,BR,Point,"[-43.188756774363775, -22.95364609257584]",False,1588234
"Brooklyn, NY, United States",Bushwick,Bushwick,New York,United States,US,Point,"[-73.93508, 40.69912]",False,15888785
"Petersham, NSW, Australia",Petersham,Marrickville,Sydney,Australia,AU,Point,"[151.1561, -33.89618]",True,15889399
"Manly, NSW, Australia",Manly,Manly,Sydney,Australia,AU,Point,"[151.27912, -33.79106]",True,15893952
"Montreal, QC, Canada",Gay Village,Ville-Marie,Montreal,Canada,CA,Point,"[-73.55957, 45.51836]",True,1589452
"New York, NY, United States",Manhattan,Chinatown,New York,United States,US,Point,"[-73.99045, 40.71542]",True,15896529
"Kailua-Kona, HI, United States",Island of Hawaiʻi,North Kona,The Big Island,United States,US,Point,"[-155.98373, 19.72866]",True,15902696
"Honolulu, HI, United States",Honolulu,Primary Urban Center,Oahu,United States,US,Point,"[-157.83398, 21.2855]",True,15904149
"Ewa Beach, HI, United States",Leeward Side,Ewa,Oahu,United States,US,Point,"[-158.00071, 21.31369]",True,15905296
"Rio de Janeiro, Rio de Janeiro, Brazil",,Copacabana,Rio De Janeiro,Brazil,BR,Point,"[-43.18626151607529, -22.968458869372075]",False,15908244
"Kailua-Kona, HI, United States",Kailua/Kona,North Kona,The Big Island,United States,US,Point,"[-155.98172, 19.61387]",False,15915924
"Kensington, NSW, Australia",Kensington,Randwick,Sydney,Australia,AU,Point,"[151.22424, -33.91078]",False,15920870
"Council of the City of Sydney, NSW, Australia",Central Business District,Sydney,Sydney,Australia,AU,Point,"[151.20532, -33.86119]",False,15923846
"Barcelona, Catalunya, Spain",El Gòtic,el Barri Gòtic,Barcelona,Spain,ES,Point,"[2.17934, 41.38052]",False,15928663
"Rio de Janeiro, Rio de Janeiro, Brazil",Lapa,Centro,Rio De Janeiro,Brazil,BR,Point,"[-43.18801158197427, -22.914654742193676]",True,1593570
"Volcano, HI, United States",Island of Hawaiʻi,Puna,The Big Island,United States,US,Point,"[-155.22552, 19.42905]",False,15943568
"Eyüp , İstanbul, Turkey",Fatih,Eyup,Istanbul,Turkey,TR,Point,"[28.93406, 41.04209]",False,15949042
"Palm Beach, NSW, Australia",Palm Beach,Pittwater,Sydney,Australia,AU,Point,"[151.32905, -33.61089]",False,15958590
"Rushcutters Bay, NSW, Australia",Darlinghurst,Sydney,Sydney,Australia,AU,Point,"[151.22814, -33.8771]",True,15960997
"Burgazada , İstanbul, Turkey",,Adalar,Istanbul,Turkey,TR,Point,"[29.06121, 40.88288]",False,15963882
"Montréal, Québec, Canada",Downtown Montreal,Ville-Marie,Montreal,Canada,CA,Point,"[-73.5699, 45.49533]",True,15973865
"Porto, Porto, Portugal",,"Cedofeita, Ildefonso, Sé, Miragaia, Nicolau, Vitória",Porto,Portugal,PT,Point,"[-8.60825, 41.15101]",True,15979078
"Póvoa de Varzim, Porto, Portugal",,"Póvoa de Varzim, Beiriz e Argivai",Porto,Portugal,PT,Point,"[-8.76167, 41.37261]",False,15984115
"Kapaa, HI, United States",Kauaʻi,Kapaa-Wailua,Kauai,United States,US,Point,"[-159.32462, 22.05558]",True,15988739
"Brooklyn, NY, United States",Bedford-Stuyvesant,Bedford-Stuyvesant,New York,United States,US,Point,"[-73.92866, 40.69092]",True,15997148
"Montréal, Québec, Canada",Downtown Montreal,Ville-Marie,Montreal,Canada,CA,Point,"[-73.57005, 45.49243]",True,16002924
"Honolulu, HI, United States",Liliha/Kapalama,Primary Urban Center,Oahu,United States,US,Point,"[-157.84952, 21.34049]",True,16006173
"G.O.Paşa, İstanbul, Turkey",,Gaziosmanpasa,Istanbul,Turkey,TR,Point,"[28.9258, 41.06292]",False,16007843
"Barcelona, Catalunya, Spain",Eixample,la Sagrada Família,Barcelona,Spain,ES,Point,"[2.17784, 41.40775]",True,16010568
"Enmore, NSW, Australia",Newtown/Enmore,Marrickville,Sydney,Australia,AU,Point,"[151.17563, -33.90135]",True,16020247
"Keaau, HI, United States",Island of Hawaiʻi,Puna,The Big Island,United States,US,Point,"[-155.04581, 19.57833]",True,160223
"Bundeena, NSW, Australia",,Sutherland Shire,Sydney,Australia,AU,Point,"[151.15653, -34.084]",True,16029413
"Honolulu, HI, United States",Honolulu,Primary Urban Center,Oahu,United States,US,Point,"[-157.83903, 21.28582]",True,16030448
"Leblon, Rio de Janeiro, Brazil",Leblon,Leblon,Rio De Janeiro,Brazil,BR,Point,"[-43.216710435896395, -22.984457092984496]",True,16036940
"Brooklyn, NY, United States",Williamsburg,Williamsburg,New York,United States,US,Point,"[-73.96174, 40.72149]",True,1604488
"Montréal, Québec, Canada",Downtown Montreal,Ville-Marie,Montreal,Canada,CA,Point,"[-73.58089, 45.49545]",True,16050172
"Montréal, Québec, Canada",Quartier des Spectacles,Ville-Marie,Montreal,Canada,CA,Point,"[-73.55963, 45.51301]",True,16051841
"Montréal, Québec, Canada",Le Plateau-Mont-Royal,Le Plateau-Mont-Royal,Montreal,Canada,CA,Point,"[-73.57684, 45.53454]",True,16052138
"Panania, NSW, Australia",Revesby,Bankstown,Sydney,Australia,AU,Point,"[151.00705, -33.9544]",True,16057052
"Ataşehir, İstanbul, Turkey",Kadıköy,Atasehir,Istanbul,Turkey,TR,Point,"[29.08361, 40.99609]",False,16060640
"Montréal, QC, Canada",Outremont,Outremont,Montreal,Canada,CA,Point,"[-73.59851, 45.51693]",True,16065418
"Kapaa, HI, United States",Kauaʻi,Kapaa-Wailua,Kauai,United States,US,Point,"[-159.33306, 22.05299]",False,16066381
"Honolulu, HI, United States",Honolulu,Primary Urban Center,Oahu,United States,US,Point,"[-157.83365, 21.28588]",True,16067483
"Sydney, NSW, Australia",Central Business District,Sydney,Sydney,Australia,AU,Point,"[151.21023, -33.87815]",True,16070079
"Surry Hills, NSW, Australia",Darlinghurst,Sydney,Sydney,Australia,AU,Point,"[151.21538, -33.87897]",False,16070826
"Lahaina, HI, United States",Kaanapali,Lahaina,Maui,United States,US,Point,"[-156.68832, 20.95134]",True,16078811
"Montréal, Québec, Canada",Downtown Montreal,Ville-Marie,Montreal,Canada,CA,Point,"[-73.55529, 45.51525]",True,16078823
"Rio de Janeiro, Rio de Janeiro, Brazil",Barra da Tijuca,Barra da Tijuca,Rio De Janeiro,Brazil,BR,Point,"[-43.35499632022474, -23.011040795968057]",True,16081455
"Barcelona, Catalunya, Spain",Ciutat Vella,"Sant Pere, Santa Caterina i la Ribera",Barcelona,Spain,ES,Point,"[2.18067, 41.38542]",True,16083632
"Eastwood, NSW, Australia",,Ryde,Sydney,Australia,AU,Point,"[151.07671, -33.79841]",True,16087198
"Hong Kong, Hong Kong Island, Hong Kong",Wan Chai District,Wan Chai,Hong Kong,Hong Kong,HK,Point,"[114.16813, 22.27564]",True,16100663
"Wan Chai District, Hong Kong Island, Hong Kong",Wan Chai District,Wan Chai,Hong Kong,Hong Kong,HK,Point,"[114.17739, 22.2779]",False,16107698
"Rio de Janeiro, Rio de Janeiro, Brazil",Leblon,Leblon,Rio De Janeiro,Brazil,BR,Point,"[-43.22694156300586, -22.984971035527924]",True,16112187
"Pyrmont, NSW, Australia",Pyrmont,Sydney,Sydney,Australia,AU,Point,"[151.19396, -33.87175]",True,16126537
"Kailua, HI, United States",Oʻahu,Koolaupoko,Oahu,United States,US,Point,"[-157.73049, 21.38546]",True,16134003
"Leblon, State of Rio de Janeiro, Brazil",Leblon,Leblon,Rio De Janeiro,Brazil,BR,Point,"[-43.22575981948327, -22.986311751432236]",False,16134339
"Zetland, NSW, Australia",Zetland,Sydney,Sydney,Australia,AU,Point,"[151.20954, -33.90502]",True,16134812
"Paia, HI, United States",Maui,Paia-Haiku,Maui,United States,US,Point,"[-156.37272, 20.90555]",True,1613843
"Brooklyn, NY, United States",Crown Heights,Crown Heights,New York,United States,US,Point,"[-73.93134, 40.66838]",True,16146442
"New York, NY, United States",Manhattan,Harlem,New York,United States,US,Point,"[-73.94315, 40.81749]",True,16146708
"Porto, Porto, Portugal",,"Cedofeita, Ildefonso, Sé, Miragaia, Nicolau, Vitória",Porto,Portugal,PT,Point,"[-8.60525, 41.14974]",False,16147485
"Bondi Beach, NSW, Australia",Bondi Beach,Waverley,Sydney,Australia,AU,Point,"[151.26919, -33.88709]",True,16147619
"New York, NY, United States",Manhattan,Washington Heights,New York,United States,US,Point,"[-73.93585, 40.85425]",False,16148141
"İstanbul, İstanbul, Turkey",Kadıköy,Kadikoy,Istanbul,Turkey,TR,Point,"[29.07722, 40.96469]",False,16155960
"Brooklyn, NY, United States",Williamsburg,Williamsburg,New York,United States,US,Point,"[-73.95246, 40.71749]",True,16158314
"Avalon Beach, NSW, Australia",Avalon,Pittwater,Sydney,Australia,AU,Point,"[151.32562, -33.63131]",False,16160263
"New York, NY, United States",Manhattan,Lower East Side,New York,United States,US,Point,"[-73.99229, 40.71916]",True,16164264
"Petersham, NSW, Australia",Petersham,Marrickville,Sydney,Australia,AU,Point,"[151.15609, -33.89753]",True,16166535
"Randwick, NSW, Australia",Randwick,Randwick,Sydney,Australia,AU,Point,"[151.24527, -33.92244]",False,16167487
"Rydalmere, NSW, Australia",,Parramatta,Sydney,Australia,AU,Point,"[151.04927, -33.81454]",False,16178963
"Barcelona, Spain",Sants-Montjuïc,el Poble Sec,Barcelona,Spain,ES,Point,"[2.16651, 41.37247]",False,16182647
"Hurstville, NSW, Australia",Hurstville,City Of Kogarah,Sydney,Australia,AU,Point,"[151.10714, -33.97051]",False,16183477
"Kamuela, HI, United States",Island of Hawaiʻi,South Kohala,The Big Island,United States,US,Point,"[-155.81746, 19.997]",False,16191353
"Avalon Beach, NSW, Australia",Avalon,Pittwater,Sydney,Australia,AU,Point,"[151.31776, -33.62716]",True,16193945
"New York, NY, United States",Upper West Side,Upper West Side,New York,United States,US,Point,"[-73.97347, 40.79449]",True,16194286
"Bronx, NY, United States",Bedford Park,Fordham,New York,United States,US,Point,"[-73.8951, 40.86914]",True,16195143
"New York, NY, United States",Manhattan,Harlem,New York,United States,US,Point,"[-73.95031, 40.82184]",True,1619695
"Porto, Porto, Portugal",,Paranhos,Porto,Portugal,PT,Point,"[-8.61834, 41.17025]",True,16201143
"Kapaa, HI, United States",Kauaʻi,Kapaa-Wailua,Kauai,United States,US,Point,"[-159.31981, 22.0625]",True,16206078
"HK, Hong Kong Island, Hong Kong",Causeway Bay,Wan Chai,Hong Kong,Hong Kong,HK,Point,"[114.18591, 22.28275]",False,16210632
"Fatih, İstanbul, Turkey",Fatih,Fatih,Istanbul,Turkey,TR,Point,"[28.97577, 41.00937]",False,16214034
"Honolulu, HI, United States",Oʻahu,Primary Urban Center,Oahu,United States,US,Point,"[-157.78819, 21.26749]",False,16215566
"Montréal, Québec, Canada",Le Plateau-Mont-Royal,Le Plateau-Mont-Royal,Montreal,Canada,CA,Point,"[-73.591, 45.53031]",True,16218966
"New York, NY, United States",Washington Heights,Washington Heights,New York,United States,US,Point,"[-73.93299, 40.84862]",False,16220849
"Bondi Junction, NSW, Australia",Bondi Junction,Waverley,Sydney,Australia,AU,Point,"[151.25213, -33.89164]",True,16221015
"New York, NY, United States",Chelsea,Chelsea,New York,United States,US,Point,"[-74.0034, 40.74383]",True,16228505
"Coogee, NSW, Australia",Coogee,Randwick,Sydney,Australia,AU,Point,"[151.25062, -33.92619]",False,16231922
"Turrella, NSW, Australia",Turrella,Rockdale,Sydney,Australia,AU,Point,"[151.13956, -33.93171]",False,16232987
"Wentworth Point, NSW, Australia",Rhodes,Auburn,Sydney,Australia,AU,Point,"[151.07851, -33.82516]",True,16234640
"Montréal, Québec, Canada",Downtown Montreal,Ville-Marie,Montreal,Canada,CA,Point,"[-73.56503, 45.52141]",True,16239737
"Beyoğlu, İstanbul, Turkey",Karaköy,Beyoglu,Istanbul,Turkey,TR,Point,"[28.9694, 41.02628]",False,16241397
"Kailua-Kona, HI, United States",Island of Hawaiʻi,North Kona,The Big Island,United States,US,Point,"[-155.97896, 19.61006]",True,16242685
"Kahuku, HI, United States",Ko'olauloa,Koolauloa,Oahu,United States,US,Point,"[-157.99358, 21.69889]",True,1624635
"Kailua-Kona, HI, United States",Island of Hawaiʻi,North Kona,The Big Island,United States,US,Point,"[-155.96845, 19.58556]",True,16253247
"Montréal, Québec, Canada",Le Plateau-Mont-Royal,Le Plateau-Mont-Royal,Montreal,Canada,CA,Point,"[-73.57922, 45.52932]",True,16258735
"Sydney Olympic Park, NSW, Australia",Homebush,Auburn,Sydney,Australia,AU,Point,"[151.07253, -33.84753]",False,16261574
"Lahaina, HI, United States",Maui,Lahaina,Maui,United States,US,Point,"[-156.67428, 20.8751]",True,16262122
"Barcelona, Catalunya, Spain",Dreta de l'Eixample,la Dreta de l'Eixample,Barcelona,Spain,ES,Point,"[2.16991, 41.39598]",True,16270229
"Brooklyn, NY, United States",Brooklyn,Williamsburg,New York,United States,US,Point,"[-73.94541, 40.70628]",True,16271513
"New York, NY, United States",Manhattan,Harlem,New York,United States,US,Point,"[-73.94214, 40.82098]",False,16272419
"Hong Kong, Hong Kong Island, Hong Kong",Central & Western District,Central & Western,Hong Kong,Hong Kong,HK,Point,"[114.15042, 22.28746]",True,16280815
"Hong Kong, Hong Kong Island, Hong Kong",Fortress Hill,Eastern,Hong Kong,Hong Kong,HK,Point,"[114.19518, 22.2893]",False,16281923
"Porto, Porto, Portugal",,"Cedofeita, Ildefonso, Sé, Miragaia, Nicolau, Vitória",Porto,Portugal,PT,Point,"[-8.60696, 41.14946]",False,16288457
"Kihei, HI, United States",Maui,Kihei-Makena,Maui,United States,US,Point,"[-156.43391, 20.69263]",True,16289117
"Bondi Junction, NSW, Australia",Bondi Junction,Waverley,Sydney,Australia,AU,Point,"[151.25654, -33.89424]",True,16289600
"Brooklyn, NY, United States",Brooklyn,Williamsburg,New York,United States,US,Point,"[-73.95976, 40.71258]",True,16300644
"Brooklyn, NY, United States",Bedford-Stuyvesant,Bedford-Stuyvesant,New York,United States,US,Point,"[-73.94403, 40.68493]",True,16301294
"Hong Kong, Hong Kong Island, Hong Kong",Sai Ying Pun,Central & Western,Hong Kong,Hong Kong,HK,Point,"[114.14013, 22.28699]",True,16301870
"Barcelona, Catalunya, Spain",Eixample,el Fort Pienc,Barcelona,Spain,ES,Point,"[2.17944, 41.39602]",True,16308292
"Barcelona, Catalunya, Spain",Sants-Montjuïc,el Poble Sec,Barcelona,Spain,ES,Point,"[2.17377, 41.37333]",False,16309630
"New York, NY, United States",Williamsburg,Williamsburg,New York,United States,US,Point,"[-73.96171, 40.71459]",False,16311528
"New York, NY, United States",West Village,West Village,New York,United States,US,Point,"[-74.00095, 40.73282]",True,16316481
"Captain Cook, HI, United States",Kailua/Kona,South Kona,The Big Island,United States,US,Point,"[-155.88717, 19.441]",True,1633034
"Porto, Porto, Portugal",,"Cedofeita, Ildefonso, Sé, Miragaia, Nicolau, Vitória",Porto,Portugal,PT,Point,"[-8.6056, 41.16058]",False,16335870
"Rio de Janeiro, Rio de Janeiro, Brazil",Ipanema,Ipanema,Rio De Janeiro,Brazil,BR,Point,"[-43.19525670637708, -22.985936611499543]",False,16336615
"深圳市, 广东省, China",,North,Hong Kong,China,CN,Point,"[114.1237, 22.53832]",False,16341825
"Manly, NSW, Australia",Manly,Manly,Sydney,Australia,AU,Point,"[151.2868, -33.79024]",True,16351123
"New York, NY, United States",Manhattan,West Village,New York,United States,US,Point,"[-74.00328, 40.7338]",True,1635672
"Taksim, İstanbul, Turkey",Taksim,Beyoglu,Istanbul,Turkey,TR,Point,"[28.97665, 41.03661]",True,1635900
"Honolulu, HI, United States",Diamond Head/Kapahulu/St. Louis Heights,Primary Urban Center,Oahu,United States,US,Point,"[-157.81679, 21.28486]",True,16370766
"Rio de Janeiro, Rio de Janeiro, Brazil",Copacabana,Copacabana,Rio De Janeiro,Brazil,BR,Point,"[-43.18995048713185, -22.97885504951214]",True,1637159
"Porto, Porto, Portugal",,"Cedofeita, Ildefonso, Sé, Miragaia, Nicolau, Vitória",Porto,Portugal,PT,Point,"[-8.60315, 41.1545]",True,16377988
"Rio de Janeiro, Rio de Janeiro, Brazil",Gávea,Gávea,Rio De Janeiro,Brazil,BR,Point,"[-43.236255768461426, -22.97875630104889]",True,16379687
"Brooklyn, NY, United States",Greenpoint,Greenpoint,New York,United States,US,Point,"[-73.95987, 40.73292]",True,16381049
"Bronx NY , NY, United States",The Bronx,Concourse,New York,United States,US,Point,"[-73.92778, 40.82415]",False,16381905
"Montréal, Québec, Canada",Old Port,Ville-Marie,Montreal,Canada,CA,Point,"[-73.55811, 45.50213]",True,16389574
"Honolulu, HI, United States",Waikiki,Primary Urban Center,Oahu,United States,US,Point,"[-157.82797, 21.28164]",True,16397486
"Hong Kong, Hong Kong Island, Hong Kong",Mid-Levels,Central & Western,Hong Kong,Hong Kong,HK,Point,"[114.15171, 22.28138]",False,16400283
"Montréal, Québec, Canada",Villeray-Saint-Michel-Parc-Extension,Villeray-Saint-Michel-Parc-Extension,Montreal,Canada,CA,Point,"[-73.61762, 45.55405]",True,16401542
"Rio de Janeiro, Rio de Janeiro, Brazil",Flamengo,Flamengo,Rio De Janeiro,Brazil,BR,Point,"[-43.17530478765498, -22.929580623026727]",False,16402511
"Sydney, NSW, Australia",Central Business District,Sydney,Sydney,Australia,AU,Point,"[151.20686, -33.86413]",True,16408272
"Wan Chai, Hong Kong Island, Hong Kong",Wan Chai District,Wan Chai,Hong Kong,Hong Kong,HK,Point,"[114.17171, 22.279]",False,16410430
"Barcelona, Catalunya, Spain",Sants-Montjuïc,Sants,Barcelona,Spain,ES,Point,"[2.13318, 41.37437]",True,1642382
"Hong Kong, New Territories, Hong Kong",,Sai Kung,Hong Kong,Hong Kong,HK,Point,"[114.27299, 22.29456]",True,16436183
"元朗, 新界, Hong Kong",,Yuen Long,Hong Kong,Hong Kong,HK,Point,"[114.03646, 22.4435]",False,16460163
"Barcelona, Spain",El Gòtic,el Barri Gòtic,Barcelona,Spain,ES,Point,"[2.17632, 41.38277]",False,16463107
"Brooklyn, NY, United States",Bedford-Stuyvesant,Bedford-Stuyvesant,New York,United States,US,Point,"[-73.95325, 40.68471]",True,1646432
"Porto, Porto, Portugal",,"Cedofeita, Ildefonso, Sé, Miragaia, Nicolau, Vitória",Porto,Portugal,PT,Point,"[-8.60892, 41.15279]",False,16467953
"Montréal, Québec, Canada",Le Plateau-Mont-Royal,Le Plateau-Mont-Royal,Montreal,Canada,CA,Point,"[-73.58047, 45.5188]",True,16468473
"Montréal, Québec, Canada",Downtown Montreal,Ville-Marie,Montreal,Canada,CA,Point,"[-73.57634, 45.49135]",True,16474790
"Barcelona, Catalunya, Spain",L'Antiga Esquerra de l'Eixample,la Nova Esquerra de l'Eixample,Barcelona,Spain,ES,Point,"[2.14478, 41.38712]",True,16479542
"尖沙咀, 佐敦, 油麻地, 柯士甸, 九龍, Hong Kong",Yau Tsim Mong,Yau Tsim Mong,Hong Kong,Hong Kong,HK,Point,"[114.16634, 22.30716]",False,16493868
"Hong Kong, Hong Kong Island, Hong Kong",Central & Western District,Central & Western,Hong Kong,Hong Kong,HK,Point,"[114.14881, 22.28815]",True,16495969
"Barcelona, Catalunya, Spain",Dreta de l'Eixample,la Dreta de l'Eixample,Barcelona,Spain,ES,Point,"[2.16365, 41.39012]",True,16496029
"Rio de Janeiro, Rio de Janeiro, Brazil",Santa Teresa,Santa Teresa,Rio De Janeiro,Brazil,BR,Point,"[-43.18596306657469, -22.917714827319703]",True,16498853
"New York, NY, United States",Upper West Side,Upper West Side,New York,United States,US,Point,"[-73.98154, 40.77547]",True,16499824
"Barcelona, Barcelona, Spain",Eixample,la Sagrada Família,Barcelona,Spain,ES,Point,"[2.1734, 41.40151]",False,16503978
"Montréal, QC, Canada",Hochelaga-Maisonneuve,Mercier-Hochelaga-Maisonneuve,Montreal,Canada,CA,Point,"[-73.54141, 45.5447]",False,16507273
"Montréal, Québec, Canada",Rosemont-La Petite-Patrie,Rosemont-La Petite-Patrie,Montreal,Canada,CA,Point,"[-73.5972, 45.54964]",True,16517991
"New York, NY, United States",Manhattan,East Village,New York,United States,US,Point,"[-73.97963, 40.7235]",True,16518377
"Keaau, HI, United States",Island of Hawaiʻi,Puna,The Big Island,United States,US,Point,"[-154.97853, 19.58194]",True,16532230
"Bondi, NSW, Australia",Bondi,Waverley,Sydney,Australia,AU,Point,"[151.26191, -33.8927]",False,16532647
"Montréal, QC, Canada",Mile End,Rosemont-La Petite-Patrie,Montreal,Canada,CA,Point,"[-73.61238, 45.53345]",False,16532887
"Porto, Porto, Portugal",,"Cedofeita, Ildefonso, Sé, Miragaia, Nicolau, Vitória",Porto,Portugal,PT,Point,"[-8.61326, 41.14777]",True,16542923
"Porto, Porto, Portugal",,"Cedofeita, Ildefonso, Sé, Miragaia, Nicolau, Vitória",Porto,Portugal,PT,Point,"[-8.61142, 41.14931]",True,16543118
"Cronulla, NSW, Australia",Cronulla,Sutherland Shire,Sydney,Australia,AU,Point,"[151.15522, -34.04533]",False,16549021
"Hong Kong, Hong Kong Island, Hong Kong",Central & Western District,Central & Western,Hong Kong,Hong Kong,HK,Point,"[114.14149, 22.28652]",True,16550219
"Sydney, NSW, Australia",Central Business District,Sydney,Sydney,Australia,AU,Point,"[151.20372, -33.86836]",True,16551368
"New York, NY, United States",Harlem,Harlem,New York,United States,US,Point,"[-73.94221, 40.81488]",True,16559061
"Paia, HI, United States",Paia,Paia-Haiku,Maui,United States,US,Point,"[-156.37856, 20.91356]",True,1656017
"KOLOA, KAUAI, HI, United States",Kauaʻi,Koloa-Poipu,Kauai,United States,US,Point,"[-159.45774, 21.87576]",False,16560886
"Rio de Janeiro, Rio de Janeiro, Brazil",Copacabana,Copacabana,Rio De Janeiro,Brazil,BR,Point,"[-43.190867685144376, -22.975842815321734]",False,1656256
"New York, NY, United States",Manhattan,West Village,New York,United States,US,Point,"[-74.00302, 40.73089]",True,1656539
"New York, NY, United States",Manhattan,Greenwich Village,New York,United States,US,Point,"[-74.00095, 40.72866]",True,1656585
"Barcelona, Catalunya, Spain",El Poblenou,el Poblenou,Barcelona,Spain,ES,Point,"[2.2045, 41.3978]",True,16595058
"Sydney, NSW, Australia",Central Business District,Sydney,Sydney,Australia,AU,Point,"[151.20524, -33.87528]",True,16602162
"Chippendale, NSW, Australia",Chippendale,Sydney,Sydney,Australia,AU,Point,"[151.20045, -33.88645]",False,16609607
"Porto, Porto, Portugal",,Bonfim,Porto,Portugal,PT,Point,"[-8.59236, 41.16029]",True,16610404
"Rio de Janeiro, Rio de Janeiro, Brazil",Barra da Tijuca,Jacarepaguá,Rio De Janeiro,Brazil,BR,Point,"[-43.39128811764257, -22.967063649280618]",True,1661373
"Queens, NY, United States",Queens,Ridgewood,New York,United States,US,Point,"[-73.91322, 40.70538]",True,16614389
"İstanbul, TR, ist, Turkey",Beyoglu,Beyoglu,Istanbul,Turkey,TR,Point,"[28.98571, 41.03254]",False,16622489
"Beşiktaş, İstanbul, Turkey",Beşiktaş,Besiktas,Istanbul,Turkey,TR,Point,"[29.00551, 41.048]",False,16623614
"Redfern, NSW, Australia",Alexandria,Sydney,Sydney,Australia,AU,Point,"[151.19855, -33.89753]",False,16635022
"Sydney Olympic Park, NSW, Australia",Rhodes,Auburn,Sydney,Australia,AU,Point,"[151.07919, -33.82625]",False,16636716
"Saint Peters, NSW, Australia",St Peters,Marrickville,Sydney,Australia,AU,Point,"[151.17758, -33.91258]",True,16651655
"Ewa Beach, HI, United States",Oʻahu,Ewa,Oahu,United States,US,Point,"[-158.01538, 21.31488]",True,16653189
"Birchgrove, NSW, Australia",Balmain/Birchgrove,Leichhardt,Sydney,Australia,AU,Point,"[151.18048, -33.85557]",True,16654584
"Arcozelo, Vila Nova de Gaia, Porto, Portugal",,Arcozelo,Porto,Portugal,PT,Point,"[-8.6467, 41.04185]",False,16661755
"Brooklyn, NY, United States",Brooklyn,Williamsburg,New York,United States,US,Point,"[-73.94861, 40.71084]",True,1668328
"Rio de Janeiro, Rio de Janeiro, Brazil",Copacabana,Copacabana,Rio De Janeiro,Brazil,BR,Point,"[-43.18578145837536, -22.973252153929337]",True,16686102
"Montréal, Québec, Canada",Downtown Montreal,Westmount,Montreal,Canada,CA,Point,"[-73.58387, 45.48879]",True,16691106
"Hong Kong, Hong Kong Island, Hong Kong",Eastern District,Eastern,Hong Kong,Hong Kong,HK,Point,"[114.20205, 22.29117]",True,16697833
"São Félix da Marinha, Porto, Portugal",,São Félix da Marinha,Porto,Portugal,PT,Point,"[-8.634, 41.02619]",False,16701536
"Porto, Porto, Portugal",,Ramalde,Porto,Portugal,PT,Point,"[-8.63539, 41.16769]",True,16703046
"Manly, NSW, Australia",Manly,Manly,Sydney,Australia,AU,Point,"[151.28481, -33.79748]",True,16708536
"Montréal-Ouest, Québec, Canada",Montréal-Ouest,Montréal-Ouest,Montreal,Canada,CA,Point,"[-73.65647, 45.45558]",True,16717755
"Wanchai, Hong Kong Island, Hong Kong",Wan Chai,Wan Chai,Hong Kong,Hong Kong,HK,Point,"[114.17391, 22.27557]",False,16718904
"Barcelona, Catalunya, Spain",Gràcia,el Camp d'en Grassot i Gràcia Nova,Barcelona,Spain,ES,Point,"[2.16932, 41.40323]",True,16719714
"Tseung Kwan o, New Territories, Hong Kong",,Sai Kung,Hong Kong,Hong Kong,HK,Point,"[114.27374, 22.29665]",False,16733041
"Hong Kong, Hong Kong Island, Hong Kong",Central & Western District,Central & Western,Hong Kong,Hong Kong,HK,Point,"[114.1486, 22.28435]",True,16744615
"Istanbul, Cumhuriyet mahalesi, Turkey",,Buyukcekmece,Istanbul,Turkey,TR,Point,"[28.60004, 41.01867]",False,1676155
"Copacabana, Rio de Janeiro, Brazil",Copacabana,Copacabana,Rio De Janeiro,Brazil,BR,Point,"[-43.19098126398924, -22.976176504117603]",True,16765282
"Rio de Janeiro, Rio de Janeiro, Brazil",Tijuca,Tijuca,Rio De Janeiro,Brazil,BR,Point,"[-43.21846371641134, -22.92230068103729]",False,16767007
"Istanbul, Istanbul Province, Turkey",Taksim,Beyoglu,Istanbul,Turkey,TR,Point,"[28.98113, 41.03801]",True,1676806
"Surry Hills, NSW, Australia",Surry Hills,Sydney,Sydney,Australia,AU,Point,"[151.21187, -33.88413]",True,16768620
"Adalar, İstanbul, Turkey",,Adalar,Istanbul,Turkey,TR,Point,"[29.13014, 40.87374]",True,16775246
"Rio De Janeiro, Rj, Brazil",Leblon,Leblon,Rio De Janeiro,Brazil,BR,Point,"[-43.22343545489181, -22.984243488941594]",True,1677735
"Bronx, NY, United States",Morris Park,Morris Park,New York,United States,US,Point,"[-73.85418, 40.84906]",True,16777456
"Montréal, Québec, Canada",Downtown Montreal,Ville-Marie,Montreal,Canada,CA,Point,"[-73.57454, 45.49617]",True,16777953
"Sans Souci, NSW, Australia",Sans Souci,City Of Kogarah,Sydney,Australia,AU,Point,"[151.13183, -33.99202]",False,16796969
"Montréal, Québec, Canada",Mercier-Hochelaga-Maisonneuve,Anjou,Montreal,Canada,CA,Point,"[-73.55593, 45.59306]",True,16798522
"Porto, Porto, Portugal",,Bonfim,Porto,Portugal,PT,Point,"[-8.59873, 41.15461]",True,16800329
"Hong Kong Island, New Territories, Hong Kong",Sheung Wan,Central & Western,Hong Kong,Hong Kong,HK,Point,"[114.14695, 22.28824]",False,16802882
"Bondi Beach, NSW, Australia",Bondi Beach,Waverley,Sydney,Australia,AU,Point,"[151.27104, -33.88863]",False,16811226
"Barcelona , Barcelona, Spain",Sarrià-Sant Gervasi,Sant Gervasi - Galvany,Barcelona,Spain,ES,Point,"[2.14992, 41.39578]",True,16812225
"Bundeena, NSW, Australia",Cronulla,Sutherland Shire,Sydney,Australia,AU,Point,"[151.1452, -34.08139]",True,16813942
"Keaau, HI, United States",Island of Hawaiʻi,Puna,The Big Island,United States,US,Point,"[-154.96857, 19.5645]",True,16816601
"Kaneohe, HI, United States",Windward Side,Koolaupoko,Oahu,United States,US,Point,"[-157.83791, 21.44059]",True,16818131
"Kihei, HI, United States",Maui,Kihei-Makena,Maui,United States,US,Point,"[-156.43514, 20.68934]",True,16824222
"Lahaina, HI, United States",Kaanapali,Lahaina,Maui,United States,US,Point,"[-156.69191, 20.93499]",True,16826529
"Birchgrove, NSW, Australia",Balmain/Birchgrove,Leichhardt,Sydney,Australia,AU,Point,"[151.17802, -33.85209]",True,16827551
"Pāhoa, HI, United States",Island of Hawaiʻi,Puna,The Big Island,United States,US,Point,"[-154.91389, 19.43352]",True,16827716
"Princville, HI, United States",Kauaʻi,North Shore Kauai,Kauai,United States,US,Point,"[-159.49025, 22.22382]",False,16829718
"Barcelona, Catalunya, Spain",El Camp de l'Arpa del Clot,el Camp de l'Arpa del Clot,Barcelona,Spain,ES,Point,"[2.18146, 41.41484]",True,16833502
"Hong Kong, Hong Kong Island, Hong Kong",Central & Western District,Central & Western,Hong Kong,Hong Kong,HK,Point,"[114.12801, 22.28243]",True,16837578
"Montreal, Québec, Canada",Downtown Montreal,Ville-Marie,Montreal,Canada,CA,Point,"[-73.58189, 45.49466]",False,16845784
"Istanbul, Istanbul Province, Turkey",Beyoglu,Beyoglu,Istanbul,Turkey,TR,Point,"[28.97487, 41.03037]",False,1685970
"Montréal, Québec, Canada",Le Plateau,Le Plateau-Mont-Royal,Montreal,Canada,CA,Point,"[-73.57471, 45.53554]",True,16869922
"New York, NY, United States",Manhattan,Chelsea,New York,United States,US,Point,"[-73.99179, 40.74512]",True,16874685
"Princeville, HI, United States",Kauaʻi,North Shore Kauai,Kauai,United States,US,Point,"[-159.48597, 22.21678]",False,16881588
"Saint Ives, NSW, Australia",,Ku-Ring-Gai,Sydney,Australia,AU,Point,"[151.17179, -33.75039]",True,16885508
"Montréal, Québec, Canada",Le Plateau-Mont-Royal,Le Plateau-Mont-Royal,Montreal,Canada,CA,Point,"[-73.58701, 45.53572]",True,1688924
"Lahaina, HI, United States",Maui,Lahaina,Maui,United States,US,Point,"[-156.68821, 20.94855]",False,16893365
"Rose Bay, NSW, Australia",Bellevue Hill,Woollahra,Sydney,Australia,AU,Point,"[151.25774, -33.87589]",True,16898275
"Redfern, NSW, Australia",Redfern,Sydney,Sydney,Australia,AU,Point,"[151.21552, -33.89609]",True,16914825
"Hong Kong Island, New Territories, Hong Kong",Central & Western District,Central & Western,Hong Kong,Hong Kong,HK,Point,"[114.15288, 22.28166]",False,16920079
"Beyoğlu, İstanbul, Turkey",Karaköy,Beyoglu,Istanbul,Turkey,TR,Point,"[28.97227, 41.02618]",False,16923810
"Bagunte, Porto, Portugal",,"Bagunte, Ferreiró, Outeiro Maior e Parada",Porto,Portugal,PT,Point,"[-8.66405, 41.37552]",True,16928229
"Hong Kong Island, New Territories, Hong Kong",Central & Western District,Central & Western,Hong Kong,Hong Kong,HK,Point,"[114.15234, 22.28427]",False,16932496
"KOLOA, KAUAI, HI, United States",Kauaʻi,Koloa-Poipu,Kauai,United States,US,Point,"[-159.45807, 21.87561]",False,16934315
"Hong Kong, Kowloon, Hong Kong",Yau Tsim Mong,Yau Tsim Mong,Hong Kong,Hong Kong,HK,Point,"[114.16681, 22.30852]",True,16952227
"Barcelona, Catalunya, Spain",Eixample,la Dreta de l'Eixample,Barcelona,Spain,ES,Point,"[2.16745, 41.39611]",True,16954444
"North Ryde, NSW, Australia",,Ryde,Sydney,Australia,AU,Point,"[151.12489, -33.78763]",True,16964637
"Brooklyn, NY, United States",Brooklyn,Sunset Park,New York,United States,US,Point,"[-73.99516, 40.66477]",False,16971327
"Montréal, Québec, Canada",Mercier-Hochelaga-Maisonneuve,Mercier-Hochelaga-Maisonneuve,Montreal,Canada,CA,Point,"[-73.54099, 45.57756]",True,16976284
"Bondi Beach, NSW, Australia",North Bondi,Waverley,Sydney,Australia,AU,Point,"[151.27372, -33.88521]",True,16978814
"Montréal, Québec, Canada",Verdun,Verdun,Montreal,Canada,CA,Point,"[-73.56827, 45.46637]",True,16981802
"Honolulu, HI, United States",Honolulu,Primary Urban Center,Oahu,United States,US,Point,"[-157.84062, 21.28676]",True,16982781
"Montréal, Québec, Canada",Downtown Montreal,Ville-Marie,Montreal,Canada,CA,Point,"[-73.55421, 45.51421]",True,16987463
"Redfern, NSW, Australia",Redfern,Sydney,Sydney,Australia,AU,Point,"[151.19911, -33.89235]",True,16988190
"Hong Kong, Hong Kong Island, Hong Kong",Wan Chai,Wan Chai,Hong Kong,Hong Kong,HK,Point,"[114.17789, 22.27669]",True,17001994
"Brooklyn, NY, United States",Greenpoint,Greenpoint,New York,United States,US,Point,"[-73.94368, 40.72556]",True,17013623
"Istanbul, Istanbul Province, Turkey",Üsküdar,Uskudar,Istanbul,Turkey,TR,Point,"[29.06929, 41.01694]",False,170150
"Vaucluse, NSW, Australia",Vaucluse/Watsons Bay,Waverley,Sydney,Australia,AU,Point,"[151.28165, -33.86357]",True,17027324
"Bellevue Hill, NSW, Australia",Bellevue Hill,Woollahra,Sydney,Australia,AU,Point,"[151.26394, -33.88356]",True,17027421
"Randwick, NSW, Australia",Randwick,Randwick,Sydney,Australia,AU,Point,"[151.23572, -33.90579]",True,17028088
"Bronte, NSW, Australia",Bronte,Waverley,Sydney,Australia,AU,Point,"[151.25894, -33.90539]",False,17045341
"New York, NY, United States",Lower East Side,Lower East Side,New York,United States,US,Point,"[-73.99177, 40.7189]",True,1704560
"Honolulu, HI, United States",Oʻahu,Primary Urban Center,Oahu,United States,US,Point,"[-157.82323, 21.27904]",True,17048768
"Barcelona, Catalunya, Spain",el Fort Pienc,el Fort Pienc,Barcelona,Spain,ES,Point,"[2.1801, 41.3926]",True,17083946
"Honolulu, HI, United States",Honolulu,Primary Urban Center,Oahu,United States,US,Point,"[-157.85729, 21.33344]",True,17093333
"Montreal, Québec, Canada",Rivière-des-Prairies-Pointe-aux-Trembles,Rivière-des-Prairies-Pointe-aux-Trembles,Montreal,Canada,CA,Point,"[-73.56126, 45.65311]",False,17103047
"Beyoğlu, İstanbul, Turkey",Beyoglu,Beyoglu,Istanbul,Turkey,TR,Point,"[28.98169, 41.03276]",False,17113453
"Redfern, NSW, Australia",Redfern,Sydney,Sydney,Australia,AU,Point,"[151.21617, -33.8948]",True,17113625
"Hong Kong, Kowloon, Hong Kong",Yau Tsim Mong,Yau Tsim Mong,Hong Kong,Hong Kong,HK,Point,"[114.1696, 22.3062]",True,17116430
"Volcano, HI, United States",Island of Hawaiʻi,Puna,The Big Island,United States,US,Point,"[-155.2315, 19.42714]",False,17123939
"Rio de Janeiro, RJ, Brazil",Copacabana,Copacabana,Rio De Janeiro,Brazil,BR,Point,"[-43.177387273692474, -22.965127230450914]",False,17124591
"Waianae, HI, United States",Waianae Coast,Waianae,Oahu,United States,US,Point,"[-158.20228, 21.45516]",True,17124786
"New York, NY, United States",Midtown,Midtown,New York,United States,US,Point,"[-73.98128, 40.75263]",True,1712895
"Montréal, Québec, Canada",Le Plateau-Mont-Royal,Le Plateau-Mont-Royal,Montreal,Canada,CA,Point,"[-73.57912, 45.52563]",True,17132840
"Honolulu, HI, United States",Diamond Head/Kapahulu/St. Louis Heights,Primary Urban Center,Oahu,United States,US,Point,"[-157.80832, 21.26924]",False,17136808
"North Bondi, NSW, Australia",North Bondi,Waverley,Sydney,Australia,AU,Point,"[151.28557, -33.8906]",True,17140064
"Great Mackerel Beach, NSW, Australia",,Pittwater,Sydney,Australia,AU,Point,"[151.30139, -33.59329]",True,1714235
"Causeway Bay, Hong Kong Island, Hong Kong",Wan Chai District,Wan Chai,Hong Kong,Hong Kong,HK,Point,"[114.1827, 22.27967]",False,17142596
"New York, NY, United States",East Village,East Village,New York,United States,US,Point,"[-73.98234, 40.73109]",True,17147561
"Rio de Janeiro, Rio de Janeiro, Brazil",Barra da Tijuca,Jacarepaguá,Rio De Janeiro,Brazil,BR,Point,"[-43.359283615635476, -22.97147838667731]",True,17149906
"Honolulu, HI, United States",Honolulu,Primary Urban Center,Oahu,United States,US,Point,"[-157.82668, 21.28129]",True,17155854
"Barcelona, Catalunya, Spain",Sant Martí,el Parc i la Llacuna del Poblenou,Barcelona,Spain,ES,Point,"[2.1918, 41.39423]",True,17157863
"Hong Kong, Hong Kong Island, Hong Kong",Central & Western District,Central & Western,Hong Kong,Hong Kong,HK,Point,"[114.14154, 22.28531]",True,17161494
"Rio de Janeiro, Rio de Janeiro, Brazil",Santa Teresa,Santa Teresa,Rio De Janeiro,Brazil,BR,Point,"[-43.186237638042314, -22.92034085089729]",False,17164830
"Rio de Janeiro, Rio de Janeiro, Brazil",Grajaú,Grajaú,Rio De Janeiro,Brazil,BR,Point,"[-43.25762887864307, -22.92651347983792]",True,17165509
"Rio de Janeiro, Rio de Janeiro, Brazil",Andaraí,Andaraí,Rio De Janeiro,Brazil,BR,Point,"[-43.244500352433974, -22.92780402745229]",False,17171298
"Rego Park, NY, United States",Queens,Rego Park,New York,United States,US,Point,"[-73.86017, 40.7265]",False,17173473
"Brooklyn, NY, United States",Brooklyn,Gowanus,New York,United States,US,Point,"[-73.98671, 40.68361]",True,17177726
"Leichhardt, NSW, Australia",Annandale/Leichhardt,Leichhardt,Sydney,Australia,AU,Point,"[151.16088, -33.87968]",True,1718606
"Brooklyn, NY, United States",Brooklyn,Flatbush,New York,United States,US,Point,"[-73.95848, 40.65221]",True,17187219
"New York, NY, United States",Manhattan,West Village,New York,United States,US,Point,"[-74.00602, 40.72871]",True,17190384
"Lahaina, HI, United States",Maui,Lahaina,Maui,United States,US,Point,"[-156.66475, 20.99009]",False,17191406
"Şişli, İstanbul, Turkey",Şişli,Sisli,Istanbul,Turkey,TR,Point,"[28.98598, 41.0619]",False,17198000
"Porto, Porto District, Portugal",,Campanhã,Porto,Portugal,PT,Point,"[-8.58926, 41.15543]",True,1719942
"Barcelona, Cataluña, Spain",La Nova Esquerra de l'Eixample,la Nova Esquerra de l'Eixample,Barcelona,Spain,ES,Point,"[2.15199, 41.379]",False,17205085
"Barcelona, Catalonia, Spain",Dreta de l'Eixample,la Dreta de l'Eixample,Barcelona,Spain,ES,Point,"[2.17427, 41.3953]",True,1720909
"Paddington, NSW, Australia",Paddington,Sydney,Sydney,Australia,AU,Point,"[151.23079, -33.88789]",True,17211545
"Manly, NSW, Australia",Manly,Manly,Sydney,Australia,AU,Point,"[151.29014, -33.79971]",True,17223695
"Rio de Janeiro, Rio de Janeiro, Brazil",Leblon,Leblon,Rio De Janeiro,Brazil,BR,Point,"[-43.21778416058226, -22.983816116800234]",True,17230426
"Rio de Janeiro, Rio de Janeiro, Brazil",Méier,Méier,Rio De Janeiro,Brazil,BR,Point,"[-43.27850583750903, -22.901822681908264]",True,17251176
"Keaau, HI, United States",Island of Hawaiʻi,Puna,The Big Island,United States,US,Point,"[-154.93676, 19.58918]",False,17252454
"Rio de Janeiro, Rio de Janeiro, Brazil",Copacabana,Copacabana,Rio De Janeiro,Brazil,BR,Point,"[-43.17431210427382, -22.962354805257558]",True,17254547
"Porto, Porto District, Portugal",,"Cedofeita, Ildefonso, Sé, Miragaia, Nicolau, Vitória",Porto,Portugal,PT,Point,"[-8.61344, 41.14459]",True,1726242
"Hong Kong, Kowloon, Hong Kong",Yau Tsim Mong,Yau Tsim Mong,Hong Kong,Hong Kong,HK,Point,"[114.17455, 22.2993]",True,17262709
"Brooklyn, NY, United States",Brooklyn,Bensonhurst,New York,United States,US,Point,"[-73.97382, 40.60877]",False,17263207
"New York, NY, United States",Harlem,Harlem,New York,United States,US,Point,"[-73.95151, 40.80754]",True,17263550
"Barcelona, Catalunya, Spain",Camp d'en Grassot i Gràcia Nova,el Camp d'en Grassot i Gràcia Nova,Barcelona,Spain,ES,Point,"[2.16747, 41.40354]",False,17272987
"Buzios, State of Rio de Janeiro, Brazil",Glória,Glória,Rio De Janeiro,Brazil,BR,Point,"[-43.17497935352334, -22.918787016235836]",False,17278827
"New York, NY, United States",Manhattan,East Village,New York,United States,US,Point,"[-73.9855, 40.72254]",True,17283071
"西貢, 新界, Hong Kong",,Sai Kung,Hong Kong,Hong Kong,HK,Point,"[114.24231, 22.35633]",False,17292188
"Barcelona, Barcelona, Spain",Eixample,la Sagrada Família,Barcelona,Spain,ES,Point,"[2.17724, 41.40955]",True,17296538
"Porto, Porto, Portugal",,"Cedofeita, Ildefonso, Sé, Miragaia, Nicolau, Vitória",Porto,Portugal,PT,Point,"[-8.6112, 41.14615]",True,17298388
"Montréal, Québec, Canada",Mile End,Le Plateau-Mont-Royal,Montreal,Canada,CA,Point,"[-73.59153, 45.52026]",True,17301277
"New York, NY, United States",Manhattan,Upper East Side,New York,United States,US,Point,"[-73.95965, 40.76875]",True,17302836
"Queens, NY, United States",Queens,Astoria,New York,United States,US,Point,"[-73.9314, 40.76752]",True,17305490
"Rio de Janeiro, Rio de Janeiro, Brazil",,Itanhangá,Rio De Janeiro,Brazil,BR,Point,"[-43.310834130410186, -22.98728343548051]",True,17310577
"Brooklyn, NY, United States",Bushwick,Bushwick,New York,United States,US,Point,"[-73.92351, 40.69652]",True,17311213
"Porto, Porto District, Portugal",,Bonfim,Porto,Portugal,PT,Point,"[-8.59347, 41.15075]",False,1731242
"New York, NY, United States",Upper West Side,Upper West Side,New York,United States,US,Point,"[-73.96683, 40.79086]",True,1731365
"Queens, NY, United States",Flushing,Fresh Meadows,New York,United States,US,Point,"[-73.78707, 40.74227]",False,17319360
"Bondi Beach, NSW, Australia",Bondi Beach,Waverley,Sydney,Australia,AU,Point,"[151.26711, -33.88795]",False,17319927
"New York, NY, United States",East Village,East Village,New York,United States,US,Point,"[-73.98159, 40.72713]",True,17326116
"Montréal, Québec, Canada",Villeray-Saint-Michel-Parc-Extension,Villeray-Saint-Michel-Parc-Extension,Montreal,Canada,CA,Point,"[-73.61084, 45.55447]",True,17329309
"New York, NY, United States",Chinatown,Little Italy,New York,United States,US,Point,"[-73.99703, 40.71976]",False,17342261
"New York, NY, United States",Manhattan,Chelsea,New York,United States,US,Point,"[-74.00139, 40.74462]",True,17344027
"Rockdale, NSW, Australia",Rockdale,Rockdale,Sydney,Australia,AU,Point,"[151.13905, -33.95362]",False,17349393
"Milsons Point, NSW, Australia",Kirribilli/Milsons Point,North Sydney,Sydney,Australia,AU,Point,"[151.21217, -33.8455]",False,17357333
"Barcelona, Catalunya, Spain",Sants-Montjuïc,la Font de la Guatlla,Barcelona,Spain,ES,Point,"[2.14606, 41.3708]",False,17359216
"Queens, NY, United States",The Rockaways,Far Rockaway,New York,United States,US,Point,"[-73.76032, 40.59745]",True,17367289
"Kihei, HI, United States",Kihei/Wailea,Kihei-Makena,Maui,United States,US,Point,"[-156.44235, 20.70952]",True,17370308
"Porto, Porto, Portugal",,"Cedofeita, Ildefonso, Sé, Miragaia, Nicolau, Vitória",Porto,Portugal,PT,Point,"[-8.61536, 41.15516]",False,17397441
"Barcelona, CT, Spain",Sants-Montjuïc,la Bordeta,Barcelona,Spain,ES,Point,"[2.13445, 41.36859]",False,17398623
"Porto, Porto, Portugal",,"Cedofeita, Ildefonso, Sé, Miragaia, Nicolau, Vitória",Porto,Portugal,PT,Point,"[-8.6095, 41.14386]",True,17414683
"Barcelona, Catalunya, Spain",El Poble-sec,el Poble Sec,Barcelona,Spain,ES,Point,"[2.15993, 41.37338]",False,17416505
"Hong Kong, Hong Kong Island, Hong Kong",Central & Western District,Central & Western,Hong Kong,Hong Kong,HK,Point,"[114.12663, 22.28314]",True,17428961
"Porto, Porto, Portugal",,"Cedofeita, Ildefonso, Sé, Miragaia, Nicolau, Vitória",Porto,Portugal,PT,Point,"[-8.60725, 41.16119]",True,17435095
"Kingsgrove, NSW, Australia",Kingsgrove,Canterbury,Sydney,Australia,AU,Point,"[151.1014, -33.93378]",True,17438054
"Brooklyn, NY, United States",Williamsburg,Greenpoint,New York,United States,US,Point,"[-73.93725, 40.72214]",True,17446640
"Porto, Porto, Portugal",,"Cedofeita, Ildefonso, Sé, Miragaia, Nicolau, Vitória",Porto,Portugal,PT,Point,"[-8.60372, 41.14446]",False,17453748
"Montréal, Québec, Canada",Le Plateau-Mont-Royal,Le Plateau-Mont-Royal,Montreal,Canada,CA,Point,"[-73.58595, 45.51881]",True,17463241
"Hong Kong, Hong Kong Island, Hong Kong",Sheung Wan,Central & Western,Hong Kong,Hong Kong,HK,Point,"[114.14856, 22.28627]",False,17464256
"Papaikou, HI, United States",Island of Hawaiʻi,South Hilo,The Big Island,United States,US,Point,"[-155.09196, 19.7832]",True,17464608
"旺角, 九龍, Hong Kong",Mong Kok,Yau Tsim Mong,Hong Kong,Hong Kong,HK,Point,"[114.17222, 22.31859]",True,17466973
"New York, NY, United States",Chelsea,Chelsea,New York,United States,US,Point,"[-73.99729, 40.74188]",True,1746726
"Vila Nova de Gaia, Porto, Portugal",,Santa Marinha e São Pedro da Afurada,Porto,Portugal,PT,Point,"[-8.64618, 41.14411]",True,17468736
"Barcelona, Barcelona, Spain",Eixample,la Dreta de l'Eixample,Barcelona,Spain,ES,Point,"[2.16414, 41.39654]",False,17471127
"Barcelona, Barcelona, Spain",El Gòtic,el Barri Gòtic,Barcelona,Spain,ES,Point,"[2.1805, 41.38044]",False,17471139
"Kadıköy, İstanbul, Turkey",Kadıköy,Kadikoy,Istanbul,Turkey,TR,Point,"[29.04148, 40.97781]",False,17473607
"Barcelona, Catalunya, Spain",Sant Martí,el Poblenou,Barcelona,Spain,ES,Point,"[2.20132, 41.39454]",False,17493061
"Rio de Janeiro, Rio de Janeiro, Brazil",Barra da Tijuca,Jacarepaguá,Rio De Janeiro,Brazil,BR,Point,"[-43.393156888160256, -22.97052913712613]",True,17494671
"Queens, NY, United States",Astoria,Astoria,New York,United States,US,Point,"[-73.91581, 40.75748]",True,17496002
"Hong Kong Island, Hong Kong Island, Hong Kong",,Islands,Hong Kong,Hong Kong,HK,Point,"[114.11165, 22.22789]",False,17522700
"Tijuca, Rio de Janeiro, Brazil",Tijuca,Tijuca,Rio De Janeiro,Brazil,BR,Point,"[-43.23802106959854, -22.924778184222212]",True,17528752
"New York, NY, United States",Upper West Side,Upper West Side,New York,United States,US,Point,"[-73.96765, 40.79917]",True,17531493
"Barcelona , Barcelona, Spain",Sant Antoni,Sant Antoni,Barcelona,Spain,ES,Point,"[2.15955, 41.38006]",False,17537192
"Hong Kong Island, Hong Kong Island, Hong Kong",Sheung Wan,Central & Western,Hong Kong,Hong Kong,HK,Point,"[114.14722, 22.28654]",False,17546959
"Montreal, QC, Canada",La Petite-Patrie,Rosemont-La Petite-Patrie,Montreal,Canada,CA,Point,"[-73.60306, 45.54571]",True,1755790
"Montréal, Québec, Canada",Le Plateau-Mont-Royal,Le Plateau-Mont-Royal,Montreal,Canada,CA,Point,"[-73.58194, 45.53002]",True,17573151
"Barcelona, Catalunya, Spain",Eixample,la Sagrada Família,Barcelona,Spain,ES,Point,"[2.18156, 41.40431]",True,17573977
"Montréal, Québec, Canada",Cote-des-Neiges,Côte-des-Neiges-Notre-Dame-de-Grâce,Montreal,Canada,CA,Point,"[-73.63598, 45.48981]",True,17575897
"Barcelona, Catalunya, Spain",Eixample,la Dreta de l'Eixample,Barcelona,Spain,ES,Point,"[2.16109, 41.39727]",False,17581311
"Barcelona, Barcelona, Spain",Dreta de l'Eixample,la Dreta de l'Eixample,Barcelona,Spain,ES,Point,"[2.17062, 41.38947]",False,17584746
"Ipanema, Rio de Janeiro, Brazil",Ipanema,Ipanema,Rio De Janeiro,Brazil,BR,Point,"[-43.200996074358265, -22.98475671168834]",True,17584991
"Dulwich Hill, NSW, Australia",Dulwich Hill,Marrickville,Sydney,Australia,AU,Point,"[151.13553, -33.9069]",False,17606304
"Rio, Rio de Janeiro, Brazil",Copacabana,Copacabana,Rio De Janeiro,Brazil,BR,Point,"[-43.19129998462068, -22.979469535604895]",True,1760846
"Zetland, NSW, Australia",Zetland,Sydney,Sydney,Australia,AU,Point,"[151.20752, -33.90408]",False,17613188
"Barcelona, Catalunya, Spain",Sant Pere/Santa Caterina,"Sant Pere, Santa Caterina i la Ribera",Barcelona,Spain,ES,Point,"[2.18081, 41.38741]",True,17615527
"Brooklyn, NY, United States",Brooklyn,Gowanus,New York,United States,US,Point,"[-73.98976, 40.67873]",True,17618903
"North Bondi, NSW, Australia",North Bondi,Waverley,Sydney,Australia,AU,Point,"[151.28176, -33.88274]",True,17624702
"Brooklyn, NY, United States",Bedford-Stuyvesant,Bedford-Stuyvesant,New York,United States,US,Point,"[-73.93722, 40.68119]",True,17625824
"Porto, Porto, Portugal",,Ramalde,Porto,Portugal,PT,Point,"[-8.65701, 41.16304]",False,17628344
"Honolulu, HI, United States",Oʻahu,East Honolulu,Oahu,United States,US,Point,"[-157.74346, 21.28435]",False,17639835
"Montréal, QC, Canada",Montréal-Est,Mercier-Hochelaga-Maisonneuve,Montreal,Canada,CA,Point,"[-73.51038, 45.60982]",False,17651165
"Honolulu, HI, United States",Oʻahu,Primary Urban Center,Oahu,United States,US,Point,"[-157.83889, 21.29776]",False,17663877
"Queens, NY, United States",The Rockaways,Edgemere,New York,United States,US,Point,"[-73.77373, 40.5938]",True,17665996
"Rio de Janeiro, Rio de Janeiro, Brazil",Copacabana,Copacabana,Rio De Janeiro,Brazil,BR,Point,"[-43.183799622099244, -22.97074979113192]",False,17670314
"Hong Kong , Hong Kong Island, Hong Kong",Central & Western District,Central & Western,Hong Kong,Hong Kong,HK,Point,"[114.15399, 22.28259]",False,17672629
"Brooklyn, NY, United States",Bedford-Stuyvesant,Bedford-Stuyvesant,New York,United States,US,Point,"[-73.92662, 40.68445]",True,17681470
"Palm Beach, NSW, Australia",Palm Beach,Pittwater,Sydney,Australia,AU,Point,"[151.31928, -33.60002]",True,17687359
"Şişli, İstanbul, Turkey",Şişli,Sisli,Istanbul,Turkey,TR,Point,"[28.99178, 41.06969]",False,17690322
"Rio de Janeiro, Rio de Janeiro, Brazil",Flamengo,Flamengo,Rio De Janeiro,Brazil,BR,Point,"[-43.17626099130814, -22.936863049759772]",False,17693637
"Kağıthane, İstanbul, Turkey",Beşiktaş,Kagithane,Istanbul,Turkey,TR,Point,"[29.0046, 41.08719]",False,17705652
"Porto, Porto, Portugal",,"Cedofeita, Ildefonso, Sé, Miragaia, Nicolau, Vitória",Porto,Portugal,PT,Point,"[-8.61297, 41.14976]",False,17717247
"Balmain, NSW, Australia",Balmain/Birchgrove,Leichhardt,Sydney,Australia,AU,Point,"[151.18602, -33.85905]",True,17720418
"BARCELONA, city, Spain",Eixample,la Dreta de l'Eixample,Barcelona,Spain,ES,Point,"[2.17109, 41.38767]",True,17726001
"Barcelona, Catalunya, Spain",Ciutat Vella,el Barri Gòtic,Barcelona,Spain,ES,Point,"[2.17611, 41.37962]",True,17726037
"Póvoa de Varzim, Porto, Portugal",,Balazar,Porto,Portugal,PT,Point,"[-8.63503, 41.41101]",True,17734215
"Vila Nova de Gaia, Porto, Portugal",,Santa Marinha e São Pedro da Afurada,Porto,Portugal,PT,Point,"[-8.61219, 41.13824]",True,17734475
"Kailua-Kona, HI, United States",Kailua/Kona,North Kona,The Big Island,United States,US,Point,"[-155.97974, 19.61383]",True,17736576
"Barcelona, Catalunya, Spain",Eixample,el Fort Pienc,Barcelona,Spain,ES,Point,"[2.18007, 41.39427]",True,17740159
"BARCELONA, city, Spain",La Nova Esquerra de l'Eixample,l'Antiga Esquerra de l'Eixample,Barcelona,Spain,ES,Point,"[2.15649, 41.38545]",True,17742384
"Hawi, HI, United States",North Kohala,North Kohala,Maui,United States,US,Point,"[-155.87199, 20.23256]",True,17749155
"Lahaina, HI, United States",Westside,Lahaina,Maui,United States,US,Point,"[-156.6836, 20.96104]",False,17751546
"P, Porto, Portugal",,"AVer-o-Mar, Amorim e Terroso",Porto,Portugal,PT,Point,"[-8.77622, 41.39641]",True,17756520
"Woodbine, NSW, Australia",,Campbelltown,Sydney,Australia,AU,Point,"[150.82356, -34.04409]",True,17757543
"BARCELONA, city, Spain",La Nova Esquerra de l'Eixample,l'Antiga Esquerra de l'Eixample,Barcelona,Spain,ES,Point,"[2.15576, 41.3856]",True,17757695
"Brooklyn, NY, United States",Brooklyn,Crown Heights,New York,United States,US,Point,"[-73.94071, 40.67438]",True,17774890
"Rio de Janeiro, RJ, Brazil",Barra da Tijuca,Jacarepaguá,Rio De Janeiro,Brazil,BR,Point,"[-43.386025806121175, -22.967550163112072]",False,17792255
"Bondi Beach, NSW, Australia",Bondi,Waverley,Sydney,Australia,AU,Point,"[151.27108, -33.8957]",True,17795782
"Redfern, NSW, Australia",Redfern,Sydney,Sydney,Australia,AU,Point,"[151.20201, -33.89304]",True,17797004
"Rio de Janeiro, Rio de Janeiro, Brazil",Santa Teresa,Santa Teresa,Rio De Janeiro,Brazil,BR,Point,"[-43.18334268601122, -22.915303227027348]",False,17809459
"Brooklyn, NY, United States",Brooklyn,Crown Heights,New York,United States,US,Point,"[-73.95028, 40.66503]",True,17822462
"Ataşehir, İstanbul, Turkey",,Atasehir,Istanbul,Turkey,TR,Point,"[29.10406, 41.0009]",False,17827642
"Glebe, NSW, Australia",Glebe,Sydney,Sydney,Australia,AU,Point,"[151.19174, -33.87946]",True,17829178
"Vila Nova de Gaia, Porto, Portugal",,Santa Marinha e São Pedro da Afurada,Porto,Portugal,PT,Point,"[-8.61351, 41.1375]",True,17832869
"Montréal, Québec, Canada",Le Plateau-Mont-Royal,Le Plateau-Mont-Royal,Montreal,Canada,CA,Point,"[-73.5954, 45.52042]",True,17861859
"Rio de Janeiro, State of Rio de Janeiro, Brazil",Copacabana,Copacabana,Rio De Janeiro,Brazil,BR,Point,"[-43.190458778122746, -22.976553790512785]",False,17864201
"Rio de Janeiro, Rio de Janeiro, Brazil",Lapa,Centro,Rio De Janeiro,Brazil,BR,Point,"[-43.17465551590793, -22.907119954309604]",True,17865057
"Brooklyn, NY, United States",Brooklyn,Bedford-Stuyvesant,New York,United States,US,Point,"[-73.92628, 40.68171]",True,17876882
"Haleiwa, HI, United States",Oʻahu,North Shore Oahu,Oahu,United States,US,Point,"[-158.04346, 21.6681]",True,17881220
"Montréal, QC, Canada",La Petite-Patrie,Rosemont-La Petite-Patrie,Montreal,Canada,CA,Point,"[-73.58724, 45.54516]",False,17892346
"Beyoğlu, İstanbul, Turkey",Şişli,Sisli,Istanbul,Turkey,TR,Point,"[28.98641, 41.04177]",False,17897640
"Bondi, NSW, Australia",Bondi,Waverley,Sydney,Australia,AU,Point,"[151.26359, -33.89488]",True,1789833
"Newtown, NSW, Australia",Newtown/Enmore,Marrickville,Sydney,Australia,AU,Point,"[151.17845, -33.90528]",True,17913605
"Bondi Junction, NSW, Australia",Bondi Junction,Waverley,Sydney,Australia,AU,Point,"[151.24273, -33.89401]",True,17915093
"Barcelona, Catalunya, Spain",Eixample,Sant Antoni,Barcelona,Spain,ES,Point,"[2.16481, 41.37671]",True,17915459
"Montréal, Québec, Canada",Rosemont-La Petite-Patrie,Rosemont-La Petite-Patrie,Montreal,Canada,CA,Point,"[-73.60038, 45.53488]",True,17922322
"New York, NY, United States",Harlem,Harlem,New York,United States,US,Point,"[-73.94754, 40.80213]",True,179428
"Bella Vista, NSW, Australia",,The Hills Shire,Sydney,Australia,AU,Point,"[150.95948, -33.75052]",False,17944310
"Montreal, QC, Canada",Downtown Montreal,Ville-Marie,Montreal,Canada,CA,Point,"[-73.58207, 45.49127]",True,1794850
"Barcelona, Catalunya, Spain",Ciutat Vella,el Raval,Barcelona,Spain,ES,Point,"[2.16653, 41.38154]",False,17951038
"Vila Nova de Gaia, Porto, Portugal",,Santa Marinha e São Pedro da Afurada,Porto,Portugal,PT,Point,"[-8.61047, 41.13667]",True,17960308
"Rouse Hill, NSW, Australia",,The Hills Shire,Sydney,Australia,AU,Point,"[150.92501, -33.67463]",False,17967409
"Makawao, HI, United States",Upcountry,Paia-Haiku,Maui,United States,US,Point,"[-156.31183, 20.86967]",True,1796816
"Fatih, İstanbul, Turkey",Fatih,Fatih,Istanbul,Turkey,TR,Point,"[28.97887, 41.00318]",True,17971704
"Rio de Janeiro, Rio de Janeiro, Brazil",Copacabana,Copacabana,Rio De Janeiro,Brazil,BR,Point,"[-43.19289118221461, -22.980247516791014]",False,1797689
"Hong Kong, Kowloon, Hong Kong",Mong Kok,Yau Tsim Mong,Hong Kong,Hong Kong,HK,Point,"[114.16989, 22.31377]",False,1799637
"Kihei, HI, United States",Kihei/Wailea,Kihei-Makena,Maui,United States,US,Point,"[-156.43694, 20.68948]",True,17996862
"Hawi, HI, United States",North Kohala,North Kohala,Maui,United States,US,Point,"[-155.83491, 20.24861]",True,17997283
"旺角, 旺角, Hong Kong",Yau Tsim Mong,Yau Tsim Mong,Hong Kong,Hong Kong,HK,Point,"[114.16735, 22.32234]",False,18004323
"Montréal, QC, Canada",Saint-Leonard,Saint-Léonard,Montreal,Canada,CA,Point,"[-73.57725, 45.58961]",False,18005858
"Vila do Conde, Porto, Portugal",,Vila do Conde,Porto,Portugal,PT,Point,"[-8.75108, 41.34642]",False,18016331
"Hong kong, Hong Kong Island, Hong Kong",Wan Chai,Wan Chai,Hong Kong,Hong Kong,HK,Point,"[114.17872, 22.2795]",True,18031341
"Barcelona, Catalunya, Spain",Dreta de l'Eixample,la Dreta de l'Eixample,Barcelona,Spain,ES,Point,"[2.17074, 41.39056]",False,18040680
"Rio de Janeiro, Rio de Janeiro, Brazil",Ipanema,Ipanema,Rio De Janeiro,Brazil,BR,Point,"[-43.20303596334958, -22.98116265720219]",True,18042541
"Jordan Springs, NSW, Australia",,Penrith,Sydney,Australia,AU,Point,"[150.73077, -33.72241]",True,18047246
"Barcelona, Catalonia, Spain",Eixample,la Nova Esquerra de l'Eixample,Barcelona,Spain,ES,Point,"[2.15144, 41.38256]",True,1805685
"New York, NY, United States",Inwood,Inwood,New York,United States,US,Point,"[-73.92126, 40.86883]",True,180653
"Porto, Porto, Portugal",,"Cedofeita, Ildefonso, Sé, Miragaia, Nicolau, Vitória",Porto,Portugal,PT,Point,"[-8.60288, 41.14728]",False,18069657
"Lahaina, HI, United States",Westside,Lahaina,Maui,United States,US,Point,"[-156.66917, 20.98857]",True,18077770
"Forest Lodge, NSW, Australia",Forest Lodge,Sydney,Sydney,Australia,AU,Point,"[151.18425, -33.8837]",True,18082902
"North Willoughby, NSW, Australia",Willoughby,Willoughby,Sydney,Australia,AU,Point,"[151.20011, -33.79154]",False,18083735
"旺角, 旺角, Hong Kong",Mong Kok,Yau Tsim Mong,Hong Kong,Hong Kong,HK,Point,"[114.16922, 22.32124]",False,18091109
"Hong Kong, Hong Kong Island, Hong Kong",Kennedy Town,Central & Western,Hong Kong,Hong Kong,HK,Point,"[114.13011, 22.28175]",True,18096846
"Porto, Porto, Portugal",,"Cedofeita, Ildefonso, Sé, Miragaia, Nicolau, Vitória",Porto,Portugal,PT,Point,"[-8.60957, 41.14472]",True,18103340
"Hong Kong, Hong Kong Island, Hong Kong",Central & Western District,Central & Western,Hong Kong,Hong Kong,HK,Point,"[114.15214, 22.28256]",False,18107774
"Honolulu, HI, United States",Oʻahu,Primary Urban Center,Oahu,United States,US,Point,"[-157.8141, 21.27482]",True,18112116
"Montréal, Québec, Canada",Le Plateau,Le Plateau-Mont-Royal,Montreal,Canada,CA,Point,"[-73.57373, 45.52331]",True,18119842
"New York, NY, United States",Manhattan,East Village,New York,United States,US,Point,"[-73.98286, 40.72177]",True,18120094
"Barcelona, Catalonia, Spain",Gràcia,la Vila de Gràcia,Barcelona,Spain,ES,Point,"[2.15881, 41.39925]",False,18121163
"Keaau, HI, United States",Island of Hawaiʻi,Puna,The Big Island,United States,US,Point,"[-154.97636, 19.57658]",True,18122102
"Mascot, NSW, Australia",Mascot,Botany Bay,Sydney,Australia,AU,Point,"[151.19107, -33.92407]",True,18130053
"Porto, Porto, Portugal",,"Cedofeita, Ildefonso, Sé, Miragaia, Nicolau, Vitória",Porto,Portugal,PT,Point,"[-8.61875, 41.1562]",False,18134389
"Rio de Janeiro, Rio de Janeiro, Brazil",Ipanema,Lagoa,Rio De Janeiro,Brazil,BR,Point,"[-43.20396556253349, -22.97874838432402]",False,18134491
"Bakırköy, İstanbul, Turkey",,Bakirkoy,Istanbul,Turkey,TR,Point,"[28.78406, 40.97867]",False,18137446
"Porto, Porto, Portugal",,"Cedofeita, Ildefonso, Sé, Miragaia, Nicolau, Vitória",Porto,Portugal,PT,Point,"[-8.60874, 41.14922]",True,18139590
"Montréal, Québec, Canada",Gay Village,Ville-Marie,Montreal,Canada,CA,Point,"[-73.54921, 45.52811]",True,18139662
"Avalon Beach, NSW, Australia",Avalon,Pittwater,Sydney,Australia,AU,Point,"[151.32068, -33.6212]",False,18149310
"New York, NY, United States",Upper East Side,Upper East Side,New York,United States,US,Point,"[-73.95149, 40.78071]",True,18149668
"Beyoğlu, İstanbul, Turkey",Karaköy,Beyoglu,Istanbul,Turkey,TR,Point,"[28.97237, 41.03114]",True,18157368
"Hurlstone Park, NSW, Australia",Hurlstone Park,Canterbury,Sydney,Australia,AU,Point,"[151.13138, -33.90947]",False,18160399
"Queens, NY, United States",Queens,East Elmhurst,New York,United States,US,Point,"[-73.87238, 40.7638]",True,18173787
"Lahaina, HI, United States",Westside,Lahaina,Maui,United States,US,Point,"[-156.68808, 20.95145]",True,18173803
"Montréal, Québec, Canada",Parc-Extension,Villeray-Saint-Michel-Parc-Extension,Montreal,Canada,CA,Point,"[-73.62719, 45.52577]",True,18174806
"Brooklyn, NY, United States",Brooklyn,Park Slope,New York,United States,US,Point,"[-73.98141, 40.67213]",True,18194415
"Montréal, Québec, Canada",Ahuntsic-Cartierville,Ahuntsic-Cartierville,Montreal,Canada,CA,Point,"[-73.62827, 45.55369]",True,18196799
"Şişli, İstanbul, Turkey",Şişli,Sisli,Istanbul,Turkey,TR,Point,"[28.98566, 41.04263]",True,18204751
"New York, NY, United States",Harlem,Harlem,New York,United States,US,Point,"[-73.94647, 40.80803]",True,18208738
"Porto, Porto, Portugal",,"Cedofeita, Ildefonso, Sé, Miragaia, Nicolau, Vitória",Porto,Portugal,PT,Point,"[-8.60819, 41.15627]",True,18210384
"Rio de Janeiro, Rio de Janeiro, Brazil",Copacabana,Copacabana,Rio De Janeiro,Brazil,BR,Point,"[-43.18169203502355, -22.967251622070783]",True,182139
"Waialua, HI, United States",North Shore,North Shore Oahu,Oahu,United States,US,Point,"[-158.12406, 21.58216]",True,18215500
"Hong Kong, Hong Kong Island, Hong Kong",Wan Chai District,Wan Chai,Hong Kong,Hong Kong,HK,Point,"[114.18182, 22.28134]",True,18215903
"Hong Kong, Hong Kong Island, Hong Kong",Mid-Levels,Central & Western,Hong Kong,Hong Kong,HK,Point,"[114.15007, 22.28215]",True,18215925
"Rio de Janeiro, Rio de Janeiro, Brazil",Flamengo,Flamengo,Rio De Janeiro,Brazil,BR,Point,"[-43.17475739253271, -22.932397564673835]",False,1821758
"Barcelona, Catalunya, Spain",Eixample,la Sagrada Família,Barcelona,Spain,ES,Point,"[2.181, 41.40318]",True,18219254
"Barcelona, Catalunya, Spain",El Poblenou,el Poblenou,Barcelona,Spain,ES,Point,"[2.19603, 41.39933]",True,18220498
"Hong Kong, New Territories, Hong Kong",,Sai Kung,Hong Kong,Hong Kong,HK,Point,"[114.27492, 22.29569]",True,18233584
"Montréal, Québec, Canada",Westmount,Ville-Marie,Montreal,Canada,CA,Point,"[-73.59338, 45.49621]",True,18236691
"Lahaina, HI, United States",Westside,Lahaina,Maui,United States,US,Point,"[-156.6585, 21.00118]",False,18237857
"Brooklyn, NY, United States",Coney Island,Coney Island,New York,United States,US,Point,"[-73.98605, 40.57609]",True,18240963
"New York, NY, United States",Manhattan,Harlem,New York,United States,US,Point,"[-73.95487, 40.80142]",True,18250284
"Vila Nova de Gaia, Porto, Portugal",,Mafamude e Vilar do Paraíso,Porto,Portugal,PT,Point,"[-8.60757, 41.1163]",False,18252479
"Honolulu, HI, United States",South Shore,Primary Urban Center,Oahu,United States,US,Point,"[-157.79182, 21.25936]",True,18253139
"Montréal, Québec, Canada",Le Plateau,Le Plateau-Mont-Royal,Montreal,Canada,CA,Point,"[-73.57801, 45.53528]",True,18253668
"Coogee, NSW, Australia",Coogee,Randwick,Sydney,Australia,AU,Point,"[151.25463, -33.92647]",True,18255921
"Kailua-Kona, HI, United States",Island of Hawaiʻi,North Kona,The Big Island,United States,US,Point,"[-155.9655, 19.60476]",True,18257984
"Barcelona, Cataluña, Spain",L'Antiga Esquerra de l'Eixample,l'Antiga Esquerra de l'Eixample,Barcelona,Spain,ES,Point,"[2.1588, 41.38829]",True,1826858
"Montréal, Québec, Canada",Downtown Montreal,Le Sud-Ouest,Montreal,Canada,CA,Point,"[-73.57464, 45.49069]",True,18272882
"Şişli, İstanbul, Turkey",Taksim,Sisli,Istanbul,Turkey,TR,Point,"[28.98476, 41.04177]",False,18277596
"Porto, Porto, Portugal",,"Cedofeita, Ildefonso, Sé, Miragaia, Nicolau, Vitória",Porto,Portugal,PT,Point,"[-8.60387, 41.14538]",True,18284370
"Üsküdar, İstanbul, Turkey",Üsküdar,Uskudar,Istanbul,Turkey,TR,Point,"[29.01822, 41.02143]",False,1828808
"Brooklyn, NY, United States",Flatbush,Flatbush,New York,United States,US,Point,"[-73.96655, 40.64709]",True,18293288
"Honolulu, HI, United States",Waikiki,Primary Urban Center,Oahu,United States,US,Point,"[-157.82792, 21.28065]",True,18294310
"Hong Kong, Hong Kong Island, Hong Kong",Kennedy Town,Central & Western,Hong Kong,Hong Kong,HK,Point,"[114.12722, 22.28271]",True,18294732
"Porto, Porto, Portugal",,"Cedofeita, Ildefonso, Sé, Miragaia, Nicolau, Vitória",Porto,Portugal,PT,Point,"[-8.60524, 41.16171]",True,18295520
"Çekmeköy, İstanbul, Turkey",,Cekmekoy,Istanbul,Turkey,TR,Point,"[29.22225, 41.03629]",False,18309220
"Honolulu, HI, United States",Oʻahu,Primary Urban Center,Oahu,United States,US,Point,"[-157.82255, 21.27708]",True,18312333
"Bondi Beach, NSW, Australia",Bondi Beach,Waverley,Sydney,Australia,AU,Point,"[151.27232, -33.88826]",False,18315277
"Greenwich, NSW, Australia",Greenwich,Lane Cove,Sydney,Australia,AU,Point,"[151.18298, -33.82787]",True,18316061
"Porto, Porto, Portugal",,"Cedofeita, Ildefonso, Sé, Miragaia, Nicolau, Vitória",Porto,Portugal,PT,Point,"[-8.61725, 41.1519]",True,18330450
"LAHAINA, HI, United States",Westside,Lahaina,Maui,United States,US,Point,"[-156.68747, 20.95283]",False,18333334
"Glebe, NSW, Australia",Glebe,Sydney,Sydney,Australia,AU,Point,"[151.18843, -33.87791]",True,18338274
"New York, NY, United States",Manhattan,Harlem,New York,United States,US,Point,"[-73.94647, 40.80355]",True,18341576
"Malabar, NSW, Australia",Malabar,Randwick,Sydney,Australia,AU,Point,"[151.24997, -33.9661]",False,18345625
"Barcelona, Catalunya, Spain",Gràcia,el Camp d'en Grassot i Gràcia Nova,Barcelona,Spain,ES,Point,"[2.16632, 41.40419]",True,18353952
"New York, NY, United States",Hell's Kitchen,Hell's Kitchen,New York,United States,US,Point,"[-73.9886, 40.76438]",True,18358621
"Kingsford, NSW, Australia",Kingsford,Randwick,Sydney,Australia,AU,Point,"[151.2337, -33.93401]",True,18360303
"Kağıthane, İstanbul, Turkey",Şişli,Kagithane,Istanbul,Turkey,TR,Point,"[28.99931, 41.08107]",False,18366332
"Montréal, Québec, Canada",Verdun,Verdun,Montreal,Canada,CA,Point,"[-73.56593, 45.46158]",True,1836793
"New York, NY, United States",East Harlem,East Harlem,New York,United States,US,Point,"[-73.93606, 40.8136]",True,18369887
"Bronx, NY, United States",The Bronx,Tremont,New York,United States,US,Point,"[-73.89299, 40.84647]",True,18375815
"Bronx, NY, United States",The Bronx,University Heights,New York,United States,US,Point,"[-73.91391, 40.85487]",True,18377036
"Rio de Janeiro, Rio de Janeiro, Brazil",Barra da Tijuca,Barra da Tijuca,Rio De Janeiro,Brazil,BR,Point,"[-43.30694704021649, -23.009072925696568]",False,18386381
"Brooklyn, NY, United States",Brooklyn,Bushwick,New York,United States,US,Point,"[-73.9292, 40.70341]",True,18387366
"Queens, NY, United States",Queens,Forest Hills,New York,United States,US,Point,"[-73.84944, 40.72571]",True,18407251
"Hong Kong, Kowloon, Hong Kong",Tsim Sha Tsui,Yau Tsim Mong,Hong Kong,Hong Kong,HK,Point,"[114.17143, 22.29891]",True,18415512
"Montréal, Québec, Canada",Mercier-Hochelaga-Maisonneuve,Mercier-Hochelaga-Maisonneuve,Montreal,Canada,CA,Point,"[-73.53136, 45.5558]",True,18421662
"Porto, Porto, Portugal",,"Canedo, Vale e Vila Maior",Porto,Portugal,PT,Point,"[-8.4022, 41.00962]",False,18426634
"Valbom, Porto, Portugal",,"Gondomar (São Cosme), Valbom e Jovim",Porto,Portugal,PT,Point,"[-8.56464, 41.13593]",True,18437734
"Barcelona, Catalunya, Spain",Eixample,la Dreta de l'Eixample,Barcelona,Spain,ES,Point,"[2.16073, 41.39542]",True,18439011
"Kapaau, HI, United States",Island of Hawaiʻi,North Kohala,The Big Island,United States,US,Point,"[-155.79756, 20.22656]",True,1844208
"Rio, Rio de Janeiro, Brazil",Santa Teresa,Santa Teresa,Rio De Janeiro,Brazil,BR,Point,"[-43.18978902444573, -22.918187895407428]",False,1844578
"Porto, Porto, Portugal",,"Cedofeita, Ildefonso, Sé, Miragaia, Nicolau, Vitória",Porto,Portugal,PT,Point,"[-8.62281, 41.16264]",True,18446380
"Kailua, HI, United States",Oʻahu,Koolaupoko,Oahu,United States,US,Point,"[-157.71179, 21.38483]",True,18446434
"香港, Mongkok, Hong Kong",Yau Tsim Mong,Yau Tsim Mong,Hong Kong,Hong Kong,HK,Point,"[114.17134, 22.31326]",False,18452244
"Honolulu, HI, United States",Kuliouou/Kalani Iki,East Honolulu,Oahu,United States,US,Point,"[-157.75874, 21.28212]",True,18465195
"香港, 九龍, Hong Kong",Yau Tsim Mong,Yau Tsim Mong,Hong Kong,Hong Kong,HK,Point,"[114.1705, 22.31998]",False,18467111
"Montréal, Québec, Canada",Le Plateau,Le Plateau-Mont-Royal,Montreal,Canada,CA,Point,"[-73.57067, 45.51123]",True,18472801
"Montréal, Québec, Canada",Le Plateau-Mont-Royal,Ville-Marie,Montreal,Canada,CA,Point,"[-73.55818, 45.53688]",True,18485581
"Kailua-Kona, HI, United States",Kailua/Kona,North Kona,The Big Island,United States,US,Point,"[-155.9684, 19.61198]",True,18487499
"Barcelona, Catalunya, Spain",Eixample,l'Antiga Esquerra de l'Eixample,Barcelona,Spain,ES,Point,"[2.15816, 41.38974]",True,18512156
"Hong Kong, Kowloon, Hong Kong",Mong Kok,Yau Tsim Mong,Hong Kong,Hong Kong,HK,Point,"[114.17048, 22.31162]",True,18520551
"Montréal, Québec, Canada",Le Plateau,Le Plateau-Mont-Royal,Montreal,Canada,CA,Point,"[-73.57349, 45.52813]",True,18527139
"Hong Kong, Hong Kong Island, Hong Kong",Soho,Central & Western,Hong Kong,Hong Kong,HK,Point,"[114.15086, 22.28056]",True,1852730
"Yeniköy, İstanbul, Turkey",,Sariyer,Istanbul,Turkey,TR,Point,"[29.06903, 41.12113]",False,18543540
"Chippendale, NSW, Australia",Chippendale,Sydney,Sydney,Australia,AU,Point,"[151.19858, -33.88672]",True,18569613
"香港, New Territories, Hong Kong",,Sai Kung,Hong Kong,Hong Kong,HK,Point,"[114.28777, 22.39392]",False,18571579
"Porto, Porto, Portugal",,"Cedofeita, Ildefonso, Sé, Miragaia, Nicolau, Vitória",Porto,Portugal,PT,Point,"[-8.60732, 41.14557]",False,18574397
"Porto, Porto, Portugal",,"Cedofeita, Ildefonso, Sé, Miragaia, Nicolau, Vitória",Porto,Portugal,PT,Point,"[-8.61967, 41.14792]",True,1858521
"Kaneohe, HI, United States",Windward Side,Koolaupoko,Oahu,United States,US,Point,"[-157.79928, 21.41246]",True,18585742
"Brooklyn, NY, United States",Williamsburg,Williamsburg,New York,United States,US,Point,"[-73.96311, 40.71047]",True,18586018
"Vila Nova de Gaia, Porto, Portugal",,Santa Marinha e São Pedro da Afurada,Porto,Portugal,PT,Point,"[-8.63583, 41.13444]",False,18594608
"Montréal, Québec, Canada",Downtown Montreal,Le Sud-Ouest,Montreal,Canada,CA,Point,"[-73.57601, 45.48985]",True,18599539
"Porto, Porto, Portugal",,"Cedofeita, Ildefonso, Sé, Miragaia, Nicolau, Vitória",Porto,Portugal,PT,Point,"[-8.61294, 41.14655]",True,18607563
"Barcelona, Catalunya, Spain",Sant Gervasi - Galvany,Sant Gervasi - Galvany,Barcelona,Spain,ES,Point,"[2.14977, 41.39483]",True,18611535
"Porto, Porto, Portugal",,Bonfim,Porto,Portugal,PT,Point,"[-8.59597, 41.15624]",True,18614712
"Paddington, NSW, Australia",Paddington,Woollahra,Sydney,Australia,AU,Point,"[151.22243, -33.88325]",True,18616850
"Brooklyn, NY, United States",Brooklyn,Bushwick,New York,United States,US,Point,"[-73.91599, 40.69055]",False,18617060
"North Sydney, NSW, Australia",Neutral Bay,North Sydney,Sydney,Australia,AU,Point,"[151.21634, -33.84424]",True,18620288
"Porto, Porto, Portugal",,Lordelo do Ouro e Massarelos,Porto,Portugal,PT,Point,"[-8.65228, 41.15206]",True,186655
"New York, NY, United States",Manhattan,Midtown,New York,United States,US,Point,"[-73.98163, 40.74452]",True,18675215
"Montréal, Québec, Canada",Chinatown,Ville-Marie,Montreal,Canada,CA,Point,"[-73.56397, 45.50504]",True,18682987
"Mindelo, Porto, Portugal",,Mindelo,Porto,Portugal,PT,Point,"[-8.73638, 41.30637]",True,18694750
"Mongkok, Kowloon, Hong Kong",Yau Tsim Mong,Yau Tsim Mong,Hong Kong,Hong Kong,HK,Point,"[114.17016, 22.32113]",True,18700419
"Brooklyn, NY, United States",Williamsburg,Williamsburg,New York,United States,US,Point,"[-73.94001, 40.7097]",True,18704012
"Hampstead, Québec, Canada",Hempstead,Côte-Saint-Luc,Montreal,Canada,CA,Point,"[-73.63139, 45.4797]",True,18707992
"Beyoğlu, İstanbul, Turkey",Cihangir,Beyoglu,Istanbul,Turkey,TR,Point,"[28.98043, 41.02979]",False,18711459
"Barcelona, Catalunya, Spain",el Fort Pienc,el Fort Pienc,Barcelona,Spain,ES,Point,"[2.18269, 41.40006]",True,18712467
"Honolulu, HI, United States",Honolulu,Primary Urban Center,Oahu,United States,US,Point,"[-157.8236, 21.27477]",True,18721645
"Barcelona, Catalunya, Spain",El Poble-sec,el Poble Sec,Barcelona,Spain,ES,Point,"[2.16187, 41.37292]",True,18730346
"Montréal, Québec, Canada",Mile End,Rosemont-La Petite-Patrie,Montreal,Canada,CA,Point,"[-73.6159, 45.53344]",True,18734995
"barcelona, Catalunya, Spain",La Sagrada Família,la Sagrada Família,Barcelona,Spain,ES,Point,"[2.17851, 41.40943]",False,18748105
"Porto, Porto, Portugal",,"Cedofeita, Ildefonso, Sé, Miragaia, Nicolau, Vitória",Porto,Portugal,PT,Point,"[-8.61902, 41.16112]",True,18769857
"New York, NY, United States",East Village,East Village,New York,United States,US,Point,"[-73.98365, 40.73051]",True,18772566
"Montréal, Québec, Canada",Le Sud-Ouest,Le Sud-Ouest,Montreal,Canada,CA,Point,"[-73.57727, 45.483]",True,18776184
"Porto, Porto, Portugal",,"Cedofeita, Ildefonso, Sé, Miragaia, Nicolau, Vitória",Porto,Portugal,PT,Point,"[-8.60324, 41.14907]",True,18780832
"Marrickville, NSW, Australia",Marrickville,Marrickville,Sydney,Australia,AU,Point,"[151.1542, -33.91676]",True,18793287
"Barcelona, Catalunya, Spain",Vila de Gràcia,la Vila de Gràcia,Barcelona,Spain,ES,Point,"[2.16072, 41.406]",True,18809312
"Montreal, QC, Canada",Rosemont-La Petite-Patrie,Rosemont-La Petite-Patrie,Montreal,Canada,CA,Point,"[-73.60503, 45.53707]",True,1882020
"Şişli, İstanbul, Turkey",Şişli,Sisli,Istanbul,Turkey,TR,Point,"[28.98612, 41.05292]",False,18824084
"Hurstville Grove, NSW, Australia",Hurstville,City Of Kogarah,Sydney,Australia,AU,Point,"[151.09262, -33.97391]",True,18841207
"Hong Kong, Kowloon, Hong Kong",Yau Tsim Mong,Yau Tsim Mong,Hong Kong,Hong Kong,HK,Point,"[114.17269, 22.2987]",True,18841656
"New York, NY, United States",Harlem,Harlem,New York,United States,US,Point,"[-73.93563, 40.81711]",True,18848869
"Porto, Porto, Portugal",,"Cedofeita, Ildefonso, Sé, Miragaia, Nicolau, Vitória",Porto,Portugal,PT,Point,"[-8.61336, 41.14868]",True,18849075
"Honolulu, HI, United States",South Shore,Primary Urban Center,Oahu,United States,US,Point,"[-157.78795, 21.29712]",True,18859786
"Brooklyn, NY, United States",Brooklyn,Canarsie,New York,United States,US,Point,"[-73.89501, 40.64674]",True,1886978
"Montréal, Québec, Canada",Downtown Montreal,Ville-Marie,Montreal,Canada,CA,Point,"[-73.57264, 45.49594]",True,18877786
"Kadıköy, İstanbul, Turkey",Kadıköy,Kadikoy,Istanbul,Turkey,TR,Point,"[29.05299, 40.98823]",False,18887229
"Beyoğlu, İstanbul, Turkey",Beyoglu,Beyoglu,Istanbul,Turkey,TR,Point,"[28.98141, 41.03494]",False,18891380
"Bondi Beach, NSW, Australia",Bondi Beach,Waverley,Sydney,Australia,AU,Point,"[151.26665, -33.89161]",True,18905958
"Brooklyn, NY, United States",Borough Park,Borough Park,New York,United States,US,Point,"[-73.98209, 40.63993]",True,18908638
"Porto, Porto, Portugal",,Paranhos,Porto,Portugal,PT,Point,"[-8.61001, 41.1671]",True,18909301
"Bronx, NY, United States",Throgs Neck,Throgs Neck,New York,United States,US,Point,"[-73.82511, 40.83051]",True,18914730
"Hong Kong, Hong Kong Island, Hong Kong",Central & Western District,Central & Western,Hong Kong,Hong Kong,HK,Point,"[114.13245, 22.28357]",True,18916525
"Manly, NSW, Australia",Manly,Manly,Sydney,Australia,AU,Point,"[151.29402, -33.80149]",True,18917022
"Alexandria, NSW, Australia",Alexandria,Sydney,Sydney,Australia,AU,Point,"[151.19156, -33.89957]",True,18917356
"New York , NY, United States",Astoria,Long Island City,New York,United States,US,Point,"[-73.93154, 40.75844]",False,18917540
"Honolulu, HI, United States",Oʻahu,Primary Urban Center,Oahu,United States,US,Point,"[-157.82339, 21.277]",True,18918530
"Barcelona, Catalunya, Spain",Sant Martí,el Clot,Barcelona,Spain,ES,Point,"[2.187, 41.41361]",True,18925556
"Manly, NSW, Australia",Manly,Manly,Sydney,Australia,AU,Point,"[151.28998, -33.80067]",True,18935312
"New York, NY, United States",Manhattan,Upper East Side,New York,United States,US,Point,"[-73.9618, 40.76387]",False,18944834
"Üsküdar, İstanbul, Turkey",Üsküdar,Uskudar,Istanbul,Turkey,TR,Point,"[29.01925, 41.02515]",True,18954080
"New York, NY, United States",Midtown,Midtown,New York,United States,US,Point,"[-73.97062, 40.75463]",False,1897001
"Montréal, Québec, Canada",Villeray-Saint-Michel-Parc-Extension,Villeray-Saint-Michel-Parc-Extension,Montreal,Canada,CA,Point,"[-73.63168, 45.54549]",True,18994805
"Hong Kong, Kowloon, Hong Kong",Tsim Sha Tsui,Yau Tsim Mong,Hong Kong,Hong Kong,HK,Point,"[114.17237, 22.29738]",True,18999236
"Hong Kong, Kowloon, Hong Kong",Kowloon City,Kowloon City,Hong Kong,Hong Kong,HK,Point,"[114.18214, 22.30627]",True,19005784
"Kailua-Kona, HI, United States",Kailua/Kona,North Kona,The Big Island,United States,US,Point,"[-155.96569, 19.57224]",False,19014550
"Jacarepagua, Rio de Janeiro, Brazil",Barra da Tijuca,Jacarepaguá,Rio De Janeiro,Brazil,BR,Point,"[-43.38685995636604, -22.968553576373854]",False,19018752
"Barcelona, Catalunya, Spain",Vila de Gràcia,la Vila de Gràcia,Barcelona,Spain,ES,Point,"[2.15207, 41.40124]",False,19028601
"Porto, Porto, Portugal",,"Cedofeita, Ildefonso, Sé, Miragaia, Nicolau, Vitória",Porto,Portugal,PT,Point,"[-8.60232, 41.1459]",True,19029043
"Queens, NY, United States",Queens,Ozone Park,New York,United States,US,Point,"[-73.85568, 40.67488]",True,19030149
"Montréal, Québec, Canada",Saint-Henri,Le Sud-Ouest,Montreal,Canada,CA,Point,"[-73.58786, 45.48112]",True,19030572
"Barcelona, CT, Spain",Sants-Montjuïc,la Marina de Port,Barcelona,Spain,ES,Point,"[2.13769, 41.3646]",False,19036802
"Porto, Porto, Portugal",,Paranhos,Porto,Portugal,PT,Point,"[-8.60968, 41.18382]",False,19037045
"Kailua-Kona, HI, United States",Kailua/Kona,North Kona,The Big Island,United States,US,Point,"[-155.95926, 19.56773]",True,19038282
"Barcelona, Catalunya, Spain",Sant Martí,la Vila Olímpica del Poblenou,Barcelona,Spain,ES,Point,"[2.1966, 41.39356]",True,19044796
"Porto, Porto, Portugal",,"Aldoar, Foz do Douro e Nevogilde",Porto,Portugal,PT,Point,"[-8.67971, 41.16195]",True,19049757
"Porto, Porto, Portugal",,"Cedofeita, Ildefonso, Sé, Miragaia, Nicolau, Vitória",Porto,Portugal,PT,Point,"[-8.61434, 41.14511]",True,19050582
"Kailua, HI, United States",Oʻahu,Koolaupoko,Oahu,United States,US,Point,"[-157.74895, 21.41743]",True,19056339
"Hong Kong, Hong Kong Island, Hong Kong",Central & Western District,Central & Western,Hong Kong,Hong Kong,HK,Point,"[114.14943, 22.27814]",True,19057068
"Fatih, İstanbul, Turkey",Fatih,Fatih,Istanbul,Turkey,TR,Point,"[28.94917, 41.02957]",True,19060682
"Barcelona, Catalunya, Spain",Ciutat Vella,"Sant Pere, Santa Caterina i la Ribera",Barcelona,Spain,ES,Point,"[2.18339, 41.38499]",False,19061599
"Queens, NY, United States",Richmond Hill,Richmond Hill,New York,United States,US,Point,"[-73.8252, 40.69502]",True,19063118
"Kapaa, HI, United States",Kauaʻi,Kapaa-Wailua,Kauai,United States,US,Point,"[-159.32473, 22.05532]",True,19068240
"New York, NY, United States",Manhattan,Upper East Side,New York,United States,US,Point,"[-73.95811, 40.77352]",True,19070513
"Narrabeen, NSW, Australia",,Warringah,Sydney,Australia,AU,Point,"[151.29793, -33.71992]",False,1907162
"Montréal, Québec, Canada",Notre-Dame-de-Grace,Côte-des-Neiges-Notre-Dame-de-Grâce,Montreal,Canada,CA,Point,"[-73.6434, 45.46425]",True,19080306
"Hong Kong , Hong Kong Island, Hong Kong",Central & Western District,Central & Western,Hong Kong,Hong Kong,HK,Point,"[114.13009, 22.28313]",False,19083972
"Montréal, Québec, Canada",Gay Village,Ville-Marie,Montreal,Canada,CA,Point,"[-73.54923, 45.52764]",True,19086528
"Espinho, Aveiro, Portugal",,Espinho,Porto,Portugal,PT,Point,"[-8.64322, 41.00946]",True,19094047
"Hong Kong, Kowloon, Hong Kong",Mong Kok,Yau Tsim Mong,Hong Kong,Hong Kong,HK,Point,"[114.16977, 22.32245]",True,19095535
"New York, NY, United States",Chelsea,Chelsea,New York,United States,US,Point,"[-74.00559, 40.74619]",True,19098733
"Barcelona, Catalunya, Spain",La Sagrada Família,la Sagrada Família,Barcelona,Spain,ES,Point,"[2.17691, 41.40525]",False,19100444
"New York, NY, United States",West Village,West Village,New York,United States,US,Point,"[-74.00258, 40.73605]",True,19101306
"Hong Kong, Hong Kong Island, Hong Kong",Central & Western District,Central & Western,Hong Kong,Hong Kong,HK,Point,"[114.15313, 22.28091]",True,1910291
"Kapolei, HI, United States",Makakilo/Kapolei/Honokai Hale,Ewa,Oahu,United States,US,Point,"[-158.07366, 21.32452]",False,19104230
"New Territories, New Territories, Hong Kong",,Islands,Hong Kong,Hong Kong,HK,Point,"[114.01098, 22.30356]",False,19105533
"Istanbul, Istanbul Province, Turkey",Karaköy,Beyoglu,Istanbul,Turkey,TR,Point,"[28.97604, 41.02976]",False,191079
"Porto, Porto, Portugal",,"Cedofeita, Ildefonso, Sé, Miragaia, Nicolau, Vitória",Porto,Portugal,PT,Point,"[-8.6137, 41.14211]",True,19113128
"Honolulu, HI, United States",Honolulu,Primary Urban Center,Oahu,United States,US,Point,"[-157.83967, 21.29116]",False,19117590
"Rio De Janeiro, Rj, Brazil",Copacabana,Copacabana,Rio De Janeiro,Brazil,BR,Point,"[-43.18773342918093, -22.976748748799693]",True,1912695
"Brooklyn, NY, United States",Brooklyn,Williamsburg,New York,United States,US,Point,"[-73.96253, 40.71876]",True,19134150
"Porto, Porto, Portugal",,Aguiar de Sousa,Porto,Portugal,PT,Point,"[-8.44398, 41.1222]",False,19137059
"Honolulu, HI, United States",Waikiki,Primary Urban Center,Oahu,United States,US,Point,"[-157.82722, 21.28223]",False,19141928
"KIHEI, HI, United States",Maui,Kihei-Makena,Maui,United States,US,Point,"[-156.44543, 20.71513]",False,19142002
"KIHEI, HI, United States",Maui,Kihei-Makena,Maui,United States,US,Point,"[-156.45645, 20.75522]",False,19142081
"Porto, Porto, Portugal",,"Cedofeita, Ildefonso, Sé, Miragaia, Nicolau, Vitória",Porto,Portugal,PT,Point,"[-8.60957, 41.15363]",False,19149590
"Waianae, HI, United States",Oʻahu,Waianae,Oahu,United States,US,Point,"[-158.16608, 21.40539]",False,1915001
"Beşiktaş, İstanbul, Turkey",Beşiktaş,Besiktas,Istanbul,Turkey,TR,Point,"[29.01154, 41.04391]",False,19156662
"Porto, Porto, Portugal",,Bonfim,Porto,Portugal,PT,Point,"[-8.5984, 41.14957]",True,19158211
"Leça da Palmeira, Porto, Portugal",,Matosinhos e Leça da Palmeira,Porto,Portugal,PT,Point,"[-8.70197, 41.19964]",True,19160496
"Woollahra, NSW, Australia",Woollahra,Woollahra,Sydney,Australia,AU,Point,"[151.24043, -33.88909]",True,19165058
"Parramatta, NSW, Australia",,Parramatta,Sydney,Australia,AU,Point,"[151.00892, -33.81722]",False,19167153
"Porto, Porto, Portugal",,"Cedofeita, Ildefonso, Sé, Miragaia, Nicolau, Vitória",Porto,Portugal,PT,Point,"[-8.60257, 41.14851]",True,19170546
"Barcelona, Cataluña, Spain",Sants-Montjuïc,el Poble Sec,Barcelona,Spain,ES,Point,"[2.16837, 41.37295]",True,19172215
"Porto, Porto, Portugal",,Bonfim,Porto,Portugal,PT,Point,"[-8.60355, 41.15277]",True,19173256
"Vila Nova de Gaia, Porto, Portugal",,Santa Marinha e São Pedro da Afurada,Porto,Portugal,PT,Point,"[-8.609070000000001, 41.13416]",True,19177584
"Honokaa, HI, United States",Island of Hawaiʻi,Hamakua,The Big Island,United States,US,Point,"[-155.58451, 20.11881]",True,19178913
"North Curl Curl, NSW, Australia",,Warringah,Sydney,Australia,AU,Point,"[151.28567, -33.75922]",True,19197922
"New York, NY, United States",Manhattan,Greenwich Village,New York,United States,US,Point,"[-74.00122, 40.73]",True,19199353
"Kihei, HI, United States",Maui,Kihei-Makena,Maui,United States,US,Point,"[-156.44795, 20.72371]",True,1920293
"Hong Kong, Hong Kong Island, Hong Kong",Wan Chai District,Wan Chai,Hong Kong,Hong Kong,HK,Point,"[114.18369, 22.27966]",False,19213844
"Barcelona, Catalunya, Spain",Eixample,la Nova Esquerra de l'Eixample,Barcelona,Spain,ES,Point,"[2.14387, 41.38765]",True,19217460
"Montréal, Québec, Canada",Downtown Montreal,Ville-Marie,Montreal,Canada,CA,Point,"[-73.58038, 45.49287]",True,19220115
"Hong Kong, Kowloon, Hong Kong",Mong Kok,Yau Tsim Mong,Hong Kong,Hong Kong,HK,Point,"[114.17198, 22.31578]",True,19220298
"Waipahu, HI, United States",Waipahu,Central Oahu,Oahu,United States,US,Point,"[-158.02927, 21.40389]",True,19221893
"Fatih, İstanbul, Turkey",Sultanahmet,Fatih,Istanbul,Turkey,TR,Point,"[28.97244, 41.00549]",False,19235160
"Padstow, NSW, Australia",Padstow,Bankstown,Sydney,Australia,AU,Point,"[151.03201, -33.95576]",False,19238057
"Waikoloa Village, HI, United States",Island of Hawaiʻi,South Kohala,The Big Island,United States,US,Point,"[-155.88843, 19.91954]",True,19241544
"Fatih, İstanbul, Turkey",Fatih,Fatih,Istanbul,Turkey,TR,Point,"[28.93684, 41.00474]",False,19244141
"Porto, Porto, Portugal",,Lordelo do Ouro e Massarelos,Porto,Portugal,PT,Point,"[-8.62506, 41.15087]",True,19246639
"Hong Kong, New Territories, Hong Kong",,Islands,Hong Kong,Hong Kong,HK,Point,"[113.9522, 22.29421]",True,19249207
"Rio de Janeiro, Rio de Janeiro, Brazil",Botafogo,Botafogo,Rio De Janeiro,Brazil,BR,Point,"[-43.18810142586044, -22.95195417372592]",True,1925045
"Pepeekeo, HI, United States",Island of Hawaiʻi,South Hilo,The Big Island,United States,US,Point,"[-155.10658, 19.86094]",True,19253090
"Randwick, NSW, Australia",Randwick,Randwick,Sydney,Australia,AU,Point,"[151.24847, -33.90849]",True,19254909
"New York, NY, United States",Lower East Side,Lower East Side,New York,United States,US,Point,"[-73.98986, 40.7193]",True,1925519
"Vilar de Pinheiro, Porto, Portugal",,Vilar de Pinheiro,Porto,Portugal,PT,Point,"[-8.67803, 41.26997]",True,19259702
"Princeville, HI, United States",Kauaʻi,North Shore Kauai,Kauai,United States,US,Point,"[-159.47602, 22.22189]",True,19265750
"Zetland, NSW, Australia",Zetland,Sydney,Sydney,Australia,AU,Point,"[151.21095, -33.90617]",False,19270950
"Brooklyn, NY, United States",Brooklyn,Bedford-Stuyvesant,New York,United States,US,Point,"[-73.93997, 40.6861]",True,19271040
"Montréal, Québec, Canada",Verdun,Verdun,Montreal,Canada,CA,Point,"[-73.57117, 45.46199]",True,19273862
"Beaconsfield, NSW, Australia",Beaconsfield,Sydney,Sydney,Australia,AU,Point,"[151.19946, -33.914]",True,19280475
"Montréal, Québec, Canada",Mercier-Hochelaga-Maisonneuve,Mercier-Hochelaga-Maisonneuve,Montreal,Canada,CA,Point,"[-73.53516, 45.54855]",True,19296654
"Barcelona, Catalunya, Spain",La Barceloneta,la Barceloneta,Barcelona,Spain,ES,Point,"[2.19151, 41.38024]",False,19304849
"Montréal, Québec, Canada",Outremont,Outremont,Montreal,Canada,CA,Point,"[-73.59637, 45.51833]",True,19309013
"Porto, Porto, Portugal",,Matosinhos e Leça da Palmeira,Porto,Portugal,PT,Point,"[-8.68827, 41.20192]",False,19310295
"New York, NY, United States",Midtown,Hell's Kitchen,New York,United States,US,Point,"[-73.99181, 40.7709]",True,193105
"New York, NY, United States",Manhattan,Financial District,New York,United States,US,Point,"[-74.0072, 40.70602]",True,1931341
"Matosinhos, Porto, Portugal",,Matosinhos e Leça da Palmeira,Porto,Portugal,PT,Point,"[-8.68681, 41.17499]",True,19313670
"New York, NY, United States",Manhattan,Lower East Side,New York,United States,US,Point,"[-73.98794, 40.7114]",True,19319
"Randwick, NSW, Australia",Randwick,Randwick,Sydney,Australia,AU,Point,"[151.25427, -33.91163]",False,19320618
"Hong Kong, Hong Kong Island, Hong Kong",Central & Western District,Central & Western,Hong Kong,Hong Kong,HK,Point,"[114.14805, 22.2852]",True,19323111
"Beyoğlu, İstanbul, Turkey",Beyoglu,Beyoglu,Istanbul,Turkey,TR,Point,"[28.97954, 41.0297]",False,19326382
"Hong Kong, Kowloon, Hong Kong",Yau Tsim Mong,Yau Tsim Mong,Hong Kong,Hong Kong,HK,Point,"[114.16752, 22.32103]",False,1932651
"Montréal, Québec, Canada",Rosemont-La Petite-Patrie,Rosemont-La Petite-Patrie,Montreal,Canada,CA,Point,"[-73.59176, 45.54783]",True,19337464
"Montréal, Québec, Canada",Downtown Montreal,Ville-Marie,Montreal,Canada,CA,Point,"[-73.55441, 45.51722]",True,19340381
"Elizabeth Bay, NSW, Australia",Elizabeth Bay/Rushcutters Bay,Sydney,Sydney,Australia,AU,Point,"[151.22752, -33.87478]",True,19348489
"Şişli, İstanbul, Turkey",Şişli,Sisli,Istanbul,Turkey,TR,Point,"[28.97941, 41.04911]",False,19359010
"Kihei, HI, United States",Kihei/Wailea,Kihei-Makena,Maui,United States,US,Point,"[-156.44825, 20.72605]",True,19366111
"Bronx, NY, United States",City Island,City Island,New York,United States,US,Point,"[-73.78762, 40.85258]",True,1936633
"Porto, Porto, Portugal",,Bonfim,Porto,Portugal,PT,Point,"[-8.59521, 41.14905]",True,19373991
"Chippendale, NSW, Australia",Chippendale,Sydney,Sydney,Australia,AU,Point,"[151.20129, -33.88749]",True,19376053
"Barcelona, Catalunya, Spain",La Sagrada Família,la Sagrada Família,Barcelona,Spain,ES,Point,"[2.1724, 41.40648]",True,19380085
"Porto, Porto, Portugal",,Lordelo do Ouro e Massarelos,Porto,Portugal,PT,Point,"[-8.64037, 41.16078]",False,19396377
"Rio de Janeiro, State of Rio de Janeiro, Brazil",Copacabana,Copacabana,Rio De Janeiro,Brazil,BR,Point,"[-43.18899327109758, -22.979091504554468]",True,1940174
"Porto, Porto, Portugal",,"Cedofeita, Ildefonso, Sé, Miragaia, Nicolau, Vitória",Porto,Portugal,PT,Point,"[-8.62311, 41.15408]",False,19405074
"Honolulu, HI, United States",Nuuanu/Punchbowl,Primary Urban Center,Oahu,United States,US,Point,"[-157.84189, 21.32348]",True,19416383
"Vila Nova de Gaia, Porto, Portugal",,Mafamude e Vilar do Paraíso,Porto,Portugal,PT,Point,"[-8.60941, 41.11746]",True,19426217
"Hong Kong, Kowloon, Hong Kong",Mong Kok,Yau Tsim Mong,Hong Kong,Hong Kong,HK,Point,"[114.16959, 22.32108]",True,19428531
"Maltepe, İstanbul, Turkey",,Maltepe,Istanbul,Turkey,TR,Point,"[29.13953, 40.92457]",False,19430825
"Beyoğlu, İstanbul, Turkey",Beyoglu,Beyoglu,Istanbul,Turkey,TR,Point,"[28.98276, 41.03747]",False,19441009
"Wailea-Makena, HI, United States",Kihei/Wailea,Kihei-Makena,Maui,United States,US,Point,"[-156.43508, 20.69087]",True,19442650
"Surry Hills, NSW, Australia",Surry Hills,Sydney,Sydney,Australia,AU,Point,"[151.214, -33.87941]",True,1944996
"Şişli, İstanbul, Turkey",Şişli,Sisli,Istanbul,Turkey,TR,Point,"[28.99624, 41.06854]",True,19453414
"Porto, Porto, Portugal",,Lordelo do Ouro e Massarelos,Porto,Portugal,PT,Point,"[-8.62944, 41.15621]",False,19468798
"Montréal, Québec, Canada",Le Plateau,Le Plateau-Mont-Royal,Montreal,Canada,CA,Point,"[-73.57756, 45.53345]",True,19469971
"Barcelona, Catalunya, Spain",Sants-Montjuïc,Sants,Barcelona,Spain,ES,Point,"[2.14085, 41.37464]",False,19486889
"Istanbul, İstanbul, Turkey",Beyoglu,Beyoglu,Istanbul,Turkey,TR,Point,"[28.97182, 41.0349]",False,19494546
"Porto, Porto, Portugal",,"Cedofeita, Ildefonso, Sé, Miragaia, Nicolau, Vitória",Porto,Portugal,PT,Point,"[-8.62821, 41.15725]",True,19496193
"Porto, Porto, Portugal",,"Cedofeita, Ildefonso, Sé, Miragaia, Nicolau, Vitória",Porto,Portugal,PT,Point,"[-8.60509, 41.15355]",True,19499950
"Barcelona, Catalunya, Spain",Vila de Gràcia,la Vila de Gràcia,Barcelona,Spain,ES,Point,"[2.15266, 41.40163]",False,19499999
"Montréal, Québec, Canada",Le Plateau,Le Plateau-Mont-Royal,Montreal,Canada,CA,Point,"[-73.58929, 45.53065]",True,19501264
"North Balgowlah, NSW, Australia",Balgowlah,Warringah,Sydney,Australia,AU,Point,"[151.25322, -33.78975]",True,1950395
"Hong Kong, Kowloon, Hong Kong",Yau Tsim Mong,Yau Tsim Mong,Hong Kong,Hong Kong,HK,Point,"[114.16986, 22.31892]",True,19508342
"Newport, NSW, Australia",,Pittwater,Sydney,Australia,AU,Point,"[151.31135, -33.66131]",False,19508741
"Porto, Porto, Portugal",,"Cedofeita, Ildefonso, Sé, Miragaia, Nicolau, Vitória",Porto,Portugal,PT,Point,"[-8.61793, 41.14093]",True,19526091
"Porto, Porto, Portugal",,"Cedofeita, Ildefonso, Sé, Miragaia, Nicolau, Vitória",Porto,Portugal,PT,Point,"[-8.60596, 41.15711]",True,19530460
"Vila Nova de Gaia, Porto, Portugal",,Canidelo,Porto,Portugal,PT,Point,"[-8.66611, 41.12849]",True,19530827
"Şişli, İstanbul, Turkey",Taksim,Sisli,Istanbul,Turkey,TR,Point,"[28.98182, 41.04321]",False,19536219
"Barcelona, Barcelona, Spain",Sant Antoni,Sant Antoni,Barcelona,Spain,ES,Point,"[2.15476, 41.379]",False,19536693
"Porto, Porto, Portugal",,"Cedofeita, Ildefonso, Sé, Miragaia, Nicolau, Vitória",Porto,Portugal,PT,Point,"[-8.60427, 41.15383]",True,19547449
"Montréal, Québec, Canada",Villeray-Saint-Michel-Parc-Extension,Villeray-Saint-Michel-Parc-Extension,Montreal,Canada,CA,Point,"[-73.59652, 45.55936]",True,19550563
"Barcelona, CT, Spain",Sant Martí,el Clot,Barcelona,Spain,ES,Point,"[2.18479, 41.40548]",False,19550665
"Montréal, Québec, Canada",Le Plateau-Mont-Royal,Le Plateau-Mont-Royal,Montreal,Canada,CA,Point,"[-73.57404, 45.51985]",True,19555586
"Bronte, NSW, Australia",Bronte,Waverley,Sydney,Australia,AU,Point,"[151.25921, -33.90432]",True,19557455
"Hong Kong, Hong Kong Island, Hong Kong",Happy Valley,Wan Chai,Hong Kong,Hong Kong,HK,Point,"[114.18424, 22.26711]",True,19559079
"Beylikdüzü Osb, İstanbul, Turkey",,Esenyurt,Istanbul,Turkey,TR,Point,"[28.65576, 41.0099]",False,19559597
"New York, NY, United States",Harlem,Harlem,New York,United States,US,Point,"[-73.94297, 40.82555]",True,19568889
"Vila Nova da Telha, Porto, Portugal",,Vila Nova da Telha,Porto,Portugal,PT,Point,"[-8.66436, 41.25794]",True,19572281
"Bronte, NSW, Australia",Tamarama,Waverley,Sydney,Australia,AU,Point,"[151.26842, -33.89923]",False,19574869
"Lahaina, HI, United States",Westside,Lahaina,Maui,United States,US,Point,"[-156.67726, 20.9753]",True,19576456
"Montréal, Québec, Canada",Le Sud-Ouest,Le Sud-Ouest,Montreal,Canada,CA,Point,"[-73.59719, 45.46184]",True,19585700
"Şişli, İstanbul, Turkey",Şişli,Sisli,Istanbul,Turkey,TR,Point,"[29.01145, 41.06423]",True,19585860
"Hauula, HI, United States",Oʻahu,Koolauloa,Oahu,United States,US,Point,"[-157.90511, 21.60645]",True,19587001
"Porto, Porto, Portugal",,Campanhã,Porto,Portugal,PT,Point,"[-8.57567, 41.16206]",False,19587471
"Baltar, Porto, Portugal",,Baltar,Porto,Portugal,PT,Point,"[-8.37548, 41.18711]",True,19592028
"New York, NY, United States",Lower East Side,Lower East Side,New York,United States,US,Point,"[-73.98174, 40.71043]",True,19592057
"Porto, Porto, Portugal",,Campanhã,Porto,Portugal,PT,Point,"[-8.59071, 41.15222]",True,19592720
"Waterloo, NSW, Australia",Waterloo,Sydney,Sydney,Australia,AU,Point,"[151.21444, -33.89914]",True,19599721
"Montreal, QC, Canada",Downtown Montreal,Ville-Marie,Montreal,Canada,CA,Point,"[-73.56248, 45.50384]",True,1960400
"Erskineville, NSW, Australia",Erskineville,Sydney,Sydney,Australia,AU,Point,"[151.1859, -33.90239]",False,19610618
"Barcelona, Catalunya, Spain",Eixample,la Dreta de l'Eixample,Barcelona,Spain,ES,Point,"[2.1621, 41.39583]",False,19616417
"Mosman, NSW, Australia",Mosman,Mosman,Sydney,Australia,AU,Point,"[151.23467, -33.83608]",True,19641701
"Şişli, İstanbul, Turkey",Şişli,Sisli,Istanbul,Turkey,TR,Point,"[28.98674, 41.05469]",False,19653176
"Copacabana, Rio de Janeiro, Brazil",Copacabana,Copacabana,Rio De Janeiro,Brazil,BR,Point,"[-43.1853585947234, -22.966888992279614]",True,19654540
"Honolulu, HI, United States",Honolulu,Primary Urban Center,Oahu,United States,US,Point,"[-157.81241, 21.27564]",True,19660411
"Kailua, HI, United States",Oʻahu,Koolaupoko,Oahu,United States,US,Point,"[-157.73316, 21.3653]",False,19664691
"Queens, NY, United States",Queens,Long Island City,New York,United States,US,Point,"[-73.93502, 40.76652]",True,19664709
"Barcelona, Catalunya, Spain",Ciutat Vella,"Sant Pere, Santa Caterina i la Ribera",Barcelona,Spain,ES,Point,"[2.18328, 41.38321]",False,19677006
"Copacabana, Rio de Janeiro, Brazil",Copacabana,Copacabana,Rio De Janeiro,Brazil,BR,Point,"[-43.18121332876767, -22.964553213888866]",False,19678531
"Montréal, Québec, Canada",Downtown Montreal,Ville-Marie,Montreal,Canada,CA,Point,"[-73.58134, 45.49274]",True,19680142
"Montréal, Québec, Canada",Le Plateau-Mont-Royal,Le Plateau-Mont-Royal,Montreal,Canada,CA,Point,"[-73.58939, 45.52138]",True,19681765
"Hong Kong, Hong Kong Island, Hong Kong",Sheung Wan,Central & Western,Hong Kong,Hong Kong,HK,Point,"[114.14886, 22.28437]",True,19684176
"New York, NY, United States",Manhattan,Harlem,New York,United States,US,Point,"[-73.95275, 40.80832]",True,19691986
"Barcelona, Catalunya, Spain",Eixample,el Fort Pienc,Barcelona,Spain,ES,Point,"[2.17911, 41.39691]",True,19692712
"Barcelona, Catalunya, Spain",Gràcia,el Camp d'en Grassot i Gràcia Nova,Barcelona,Spain,ES,Point,"[2.16472, 41.40411]",False,19694143
"Barcelona, Catalonia, Spain",Vila de Gràcia,la Vila de Gràcia,Barcelona,Spain,ES,Point,"[2.1617, 41.39866]",False,19695963
"Porto, Porto, Portugal",,"Cedofeita, Ildefonso, Sé, Miragaia, Nicolau, Vitória",Porto,Portugal,PT,Point,"[-8.61213, 41.14258]",True,19699590
"Barcelona, Catalunya, Spain",Horta-Guinardó,el Carmel,Barcelona,Spain,ES,Point,"[2.1527, 41.4258]",True,19704903
"Lahaina, HI, United States",Westside,Lahaina,Maui,United States,US,Point,"[-156.68452, 20.959]",True,19712132
"Montréal, Québec, Canada",Villeray-Saint-Michel-Parc-Extension,Villeray-Saint-Michel-Parc-Extension,Montreal,Canada,CA,Point,"[-73.62093, 45.54322]",True,19718664
"Porto, Porto, Portugal",,"Cedofeita, Ildefonso, Sé, Miragaia, Nicolau, Vitória",Porto,Portugal,PT,Point,"[-8.61349, 41.14361]",False,19735591
"Marrickville, NSW, Australia",Marrickville,Marrickville,Sydney,Australia,AU,Point,"[151.14664, -33.91329]",True,19739919
"Barcelona, Catalunya, Spain",el Fort Pienc,el Fort Pienc,Barcelona,Spain,ES,Point,"[2.18628, 41.39811]",True,19741944
"Montréal, Québec, Canada",Le Plateau,Le Plateau-Mont-Royal,Montreal,Canada,CA,Point,"[-73.58225, 45.52711]",True,19746798
"New York, NY, United States",Manhattan,Midtown,New York,United States,US,Point,"[-73.96798, 40.75568]",True,19750905
"Potts Point, NSW, Australia",Potts Point,Sydney,Sydney,Australia,AU,Point,"[151.22603, -33.86963]",True,1975244
"Barcelona, Catalunya, Spain",El Poble-sec,el Poble Sec,Barcelona,Spain,ES,Point,"[2.16478, 41.37105]",True,19760228
"New York, NY, United States",Upper East Side,Upper East Side,New York,United States,US,Point,"[-73.94789, 40.77286]",True,19764243
"Brooklyn, NY, United States",Brooklyn,Greenpoint,New York,United States,US,Point,"[-73.95604, 40.73599]",True,19767452
"Montréal, QC, Canada",Mercier-Hochelaga-Maisonneuve,Mercier-Hochelaga-Maisonneuve,Montreal,Canada,CA,Point,"[-73.5548, 45.57572]",False,19767681
"Maroubra, NSW, Australia",Maroubra,Randwick,Sydney,Australia,AU,Point,"[151.25182, -33.94927]",True,19768051
"Neutral Bay, NSW, Australia",Neutral Bay,North Sydney,Sydney,Australia,AU,Point,"[151.21297, -33.8364]",True,19768922
"Porto, Porto, Portugal",,"Cedofeita, Ildefonso, Sé, Miragaia, Nicolau, Vitória",Porto,Portugal,PT,Point,"[-8.6041, 41.14762]",True,19773917
"Porto, Porto, Portugal",,"Cedofeita, Ildefonso, Sé, Miragaia, Nicolau, Vitória",Porto,Portugal,PT,Point,"[-8.62392, 41.16084]",True,19779206
"Barcelona, Catalunya, Spain",Sant Gervasi - Galvany,Sant Gervasi - Galvany,Barcelona,Spain,ES,Point,"[2.1539, 41.39584]",False,19779316
"Barcelona, Catalunya, Spain",El Gòtic,el Barri Gòtic,Barcelona,Spain,ES,Point,"[2.17323, 41.38797]",False,19780732
"Barcelona, Catalunya, Spain",Eixample,la Nova Esquerra de l'Eixample,Barcelona,Spain,ES,Point,"[2.14983, 41.38533]",True,19781115
"Queens, NY, United States",Jamaica,Rosedale,New York,United States,US,Point,"[-73.72838, 40.65766]",True,19786915
"Montréal, Québec, Canada",Old Rosemont,Rosemont-La Petite-Patrie,Montreal,Canada,CA,Point,"[-73.59178, 45.55179]",True,19789278
"Darlinghurst, NSW, Australia",Darlinghurst,Sydney,Sydney,Australia,AU,Point,"[151.21926, -33.87866]",True,1979960
"Şişli, İstanbul, Turkey",Şişli,Sisli,Istanbul,Turkey,TR,Point,"[28.98507, 41.0674]",False,19800005
"Barcelona, CT, Spain",Guinardó,el Guinardó,Barcelona,Spain,ES,Point,"[2.17694, 41.41944]",False,19803430
"Lahaina, HI, United States",Lahaina,Lahaina,Maui,United States,US,Point,"[-156.676, 20.87562]",False,19807212
"New York, NY, United States",Midtown East,Midtown,New York,United States,US,Point,"[-73.96949, 40.75094]",False,19815841
"BARCELONA, city, Spain",Carmel,el Carmel,Barcelona,Spain,ES,Point,"[2.15648, 41.41896]",True,19820634
"Barcelona, Cataluña, Spain",Ciutat Vella,el Barri Gòtic,Barcelona,Spain,ES,Point,"[2.17489, 41.38391]",True,19821682
"Montréal, Québec, Canada",Le Plateau-Mont-Royal,Le Plateau-Mont-Royal,Montreal,Canada,CA,Point,"[-73.59591, 45.52441]",True,19825124
"Brooklyn, NY, United States",Williamsburg,Williamsburg,New York,United States,US,Point,"[-73.94003, 40.71636]",False,19825963
"New York, NY, United States",Manhattan,Washington Heights,New York,United States,US,Point,"[-73.93822, 40.84102]",False,19827778
"Barcelona, Catalunya, Spain",La Nova Esquerra de l'Eixample,la Nova Esquerra de l'Eixample,Barcelona,Spain,ES,Point,"[2.15059, 41.37897]",False,19828489
"Brooklyn, NY, United States",Crown Heights,Crown Heights,New York,United States,US,Point,"[-73.95103, 40.66589]",True,19828845
"New York, NY, United States",East Village,East Village,New York,United States,US,Point,"[-73.98089, 40.72304]",True,19830008
"Hong Kong, Hong Kong Island, Hong Kong",Central & Western District,Central & Western,Hong Kong,Hong Kong,HK,Point,"[114.15339, 22.28095]",True,19830476
"Brookvale, NSW, Australia",,Warringah,Sydney,Australia,AU,Point,"[151.2754, -33.7574]",True,19830549
"Hong Kong, Kowloon, Hong Kong",Mong Kok,Yau Tsim Mong,Hong Kong,Hong Kong,HK,Point,"[114.16816, 22.31922]",True,19838729
"Manly, NSW, Australia",Manly,Manly,Sydney,Australia,AU,Point,"[151.28619, -33.79257]",True,1984069
"Kihei, HI, United States",Maui,Kihei-Makena,Maui,United States,US,Point,"[-156.45589, 20.74791]",False,19845395
"Crows Nest, NSW, Australia",Crows Nest,North Sydney,Sydney,Australia,AU,Point,"[151.20154, -33.8295]",True,19846740
"Brooklyn, NY, United States",Flatbush,East Flatbush,New York,United States,US,Point,"[-73.95085, 40.64377]",True,19847790
"Fatih, İstanbul, Turkey",Fatih,Fatih,Istanbul,Turkey,TR,Point,"[28.95387, 41.011]",False,19853110
"Wailuku, HI, United States",Maui,Kihei-Makena,Maui,United States,US,Point,"[-156.50841, 20.79575]",True,19862007
"Barcelona, Catalunya, Spain",Eixample,Sant Antoni,Barcelona,Spain,ES,Point,"[2.15252, 41.37667]",True,19865003
"Copacabana, Rio de Janeiro, Brazil",Copacabana,Copacabana,Rio De Janeiro,Brazil,BR,Point,"[-43.18146500943758, -22.965799361048358]",False,19865325
"BARCELONA, city, Spain",Horta-Guinardó,el Carmel,Barcelona,Spain,ES,Point,"[2.15653, 41.41861]",True,19866204
"Montréal, Québec, Canada",Rosemont-La Petite-Patrie,Rosemont-La Petite-Patrie,Montreal,Canada,CA,Point,"[-73.57634, 45.55347]",True,19869291
"Porto, Porto, Portugal",,"Cedofeita, Ildefonso, Sé, Miragaia, Nicolau, Vitória",Porto,Portugal,PT,Point,"[-8.60886, 41.15864]",True,19870743
"Kaneohe, HI, United States",Kaneohe,Koolaupoko,Oahu,United States,US,Point,"[-157.78858, 21.41175]",True,19877430
"Bronx, NY, United States",The Bronx,Claremont Village,New York,United States,US,Point,"[-73.9104, 40.83507]",True,19877706
"New York, NY, United States",Chelsea,Chelsea,New York,United States,US,Point,"[-74.00263, 40.74637]",False,19880329
"New York, NY, United States",Manhattan,East Harlem,New York,United States,US,Point,"[-73.94495, 40.78813]",True,1989972
"Hong Kong, Kowloon, Hong Kong",Sham Shui Po District,Kowloon City,Hong Kong,Hong Kong,HK,Point,"[114.17491, 22.33879]",True,19900130
"Montréal, Québec, Canada",Le Plateau-Mont-Royal,Le Plateau-Mont-Royal,Montreal,Canada,CA,Point,"[-73.59955, 45.52706]",True,19901356
"Montréal, Québec, Canada",Mercier-Hochelaga-Maisonneuve,Mercier-Hochelaga-Maisonneuve,Montreal,Canada,CA,Point,"[-73.53462, 45.57883]",True,19904358
"Hong Kong, Kowloon, Hong Kong",Yau Tsim Mong,Yau Tsim Mong,Hong Kong,Hong Kong,HK,Point,"[114.16569, 22.30788]",True,19906012
"Kihei, HI, United States",Maui,Kihei-Makena,Maui,United States,US,Point,"[-156.45763, 20.7468]",False,19907902
"New York, NY, United States",Manhattan,Hell's Kitchen,New York,United States,US,Point,"[-73.995, 40.76243]",True,19914589
"Aveiro, Aveiro, Portugal",,"Santa Maria da Feira, Travanca, Sanfins e Espargo",Porto,Portugal,PT,Point,"[-8.54816, 40.91385]",False,19920554
"Porto, Porto, Portugal",,"Cedofeita, Ildefonso, Sé, Miragaia, Nicolau, Vitória",Porto,Portugal,PT,Point,"[-8.60808, 41.15746]",True,19920988
"Barcelona, Catalunya, Spain",La Nova Esquerra de l'Eixample,l'Antiga Esquerra de l'Eixample,Barcelona,Spain,ES,Point,"[2.16278, 41.38545]",True,19928786
"Staten Island, NY, United States",Staten Island,Concord,New York,United States,US,Point,"[-74.0888, 40.60609]",True,19929723
"Hong Kong, Hong Kong Island, Hong Kong",Central & Western District,Central & Western,Hong Kong,Hong Kong,HK,Point,"[114.1482, 22.28505]",True,19933161
"Honolulu, HI, United States",Oʻahu,Primary Urban Center,Oahu,United States,US,Point,"[-157.83856, 21.28751]",True,19935458
"Montreal, QC, Canada",Le Plateau-Mont-Royal,Le Plateau-Mont-Royal,Montreal,Canada,CA,Point,"[-73.56711, 45.51987]",True,1995143
"Montréal, Québec, Canada",Downtown Montreal,Ville-Marie,Montreal,Canada,CA,Point,"[-73.57994, 45.49181]",True,19952004
"Montréal, Québec, Canada",Downtown Montreal,Ville-Marie,Montreal,Canada,CA,Point,"[-73.58287, 45.49537]",True,19953862
"Montréal, Québec, Canada",Downtown Montreal,Ville-Marie,Montreal,Canada,CA,Point,"[-73.57789, 45.49943]",True,19961067
"Porto, Porto, Portugal",,Lordelo do Ouro e Massarelos,Porto,Portugal,PT,Point,"[-8.62779, 41.1516]",False,19963866
"Maracanã, Rio de Janeiro, Brazil",,Maracanã,Rio De Janeiro,Brazil,BR,Point,"[-43.23087208227381, -22.91506000867233]",True,19967176
"Montréal, Québec, Canada",Gay Village,Ville-Marie,Montreal,Canada,CA,Point,"[-73.55674, 45.51862]",True,19976324
"Brooklyn , NY, United States",Sheepshead Bay,Sheepshead Bay,New York,United States,US,Point,"[-73.95709, 40.58745]",False,19979892
"Montréal, Québec, Canada",Le Plateau-Mont-Royal,Le Plateau-Mont-Royal,Montreal,Canada,CA,Point,"[-73.59495, 45.53024]",True,19981060
"Lahaina, HI, United States",Maui,Lahaina,Maui,United States,US,Point,"[-156.6654, 20.98887]",True,19981253
"New York, NY, United States",Manhattan,East Harlem,New York,United States,US,Point,"[-73.93904, 40.80266]",True,19981877
"Brooklyn, NY, United States",Brooklyn,Bay Ridge,New York,United States,US,Point,"[-74.02826, 40.63836]",False,19984692
"Porto, Porto, Portugal",,"Cedofeita, Ildefonso, Sé, Miragaia, Nicolau, Vitória",Porto,Portugal,PT,Point,"[-8.6143, 41.14192]",True,19985872
"Macquarie Fields, NSW, Australia",,Campbelltown,Sydney,Australia,AU,Point,"[150.8797, -33.98757]",False,19990097
"Montréal, Québec, Canada",Downtown Montreal,Ville-Marie,Montreal,Canada,CA,Point,"[-73.55429, 45.51681]",True,19993317
"Bondi, NSW, Australia",Bondi,Waverley,Sydney,Australia,AU,Point,"[151.26689, -33.89372]",False,19995621
"Bondi Junction, NSW, Australia",Woollahra,Waverley,Sydney,Australia,AU,Point,"[151.24984, -33.89084]",False,20006537
"Koloa, HI, United States",Kauaʻi,Koloa-Poipu,Kauai,United States,US,Point,"[-159.45594, 21.87381]",True,20007497
"New York, NY, United States",Hamilton Heights,Harlem,New York,United States,US,Point,"[-73.945, 40.82755]",True,20015668
"Hong Kong, Hong Kong Island, Hong Kong",Central & Western District,Central & Western,Hong Kong,Hong Kong,HK,Point,"[114.15197, 22.28403]",True,20019449
"Hong Kong, Kennedy Town, Hong Kong",Central & Western District,Central & Western,Hong Kong,Hong Kong,HK,Point,"[114.13076, 22.28427]",True,2002611
"Brooklyn, NY, United States",Brooklyn,Williamsburg,New York,United States,US,Point,"[-73.96161, 40.71078]",True,20030871
"Porto, Porto, Portugal",,Lordelo do Ouro e Massarelos,Porto,Portugal,PT,Point,"[-8.6307, 41.15387]",True,20035273
"Sans Souci, NSW, Australia",Sans Souci,Rockdale,Sydney,Australia,AU,Point,"[151.13593, -33.99682]",True,20038668
"Northmead, NSW, Australia",,Parramatta,Sydney,Australia,AU,Point,"[150.99625, -33.79092]",False,20044641
"Aveiro, Aveiro, Portugal",,São João de Ver,Porto,Portugal,PT,Point,"[-8.55065, 40.95377]",True,20045679
"Barcelona, CT, Spain",Dreta de l'Eixample,la Dreta de l'Eixample,Barcelona,Spain,ES,Point,"[2.16481, 41.39959]",False,20049287
"Montréal, Québec, Canada",Le Plateau,Le Plateau-Mont-Royal,Montreal,Canada,CA,Point,"[-73.57989, 45.53123]",True,20050561
"Ipanema, Rio de Janeiro, Brazil",Ipanema,Ipanema,Rio De Janeiro,Brazil,BR,Point,"[-43.1984941188805, -22.98174186842633]",True,20055406
"Darlinghurst, NSW, Australia",Darlinghurst,Sydney,Sydney,Australia,AU,Point,"[151.21536, -33.87614]",True,20055551
"Hong Kong, Hong Kong Island, Hong Kong",Eastern District,Eastern,Hong Kong,Hong Kong,HK,Point,"[114.21778, 22.28665]",True,20057865
"Hong Kong, Kowloon, Hong Kong",Yau Tsim Mong,Yau Tsim Mong,Hong Kong,Hong Kong,HK,Point,"[114.17175, 22.29778]",True,20061602
"Montréal, Canada",Cote-des-Neiges-Notre-Dame-de-Grace,Côte-des-Neiges-Notre-Dame-de-Grâce,Montreal,Canada,CA,Point,"[-73.63793, 45.48789]",True,20071164
"Barcelona, Catalunya, Spain",Vallcarca i els Penitents,Vallcarca i els Penitents,Barcelona,Spain,ES,Point,"[2.13675, 41.41756]",False,20071436
"Lihue, HI, United States",Kauaʻi,Lihue,Kauai,United States,US,Point,"[-159.33724, 22.03463]",False,20080108
"Kailua Kona, HI, United States",Island of Hawaiʻi,North Kona,The Big Island,United States,US,Point,"[-155.98602, 19.62554]",False,20081484
"Porto, Porto, Portugal",,"Cedofeita, Ildefonso, Sé, Miragaia, Nicolau, Vitória",Porto,Portugal,PT,Point,"[-8.60791, 41.15846]",True,20088277
"Montréal, Québec, Canada",Le Plateau-Mont-Royal,Le Plateau-Mont-Royal,Montreal,Canada,CA,Point,"[-73.58244, 45.51972]",True,20088771
"Brooklyn, NY, United States",Bushwick,Bushwick,New York,United States,US,Point,"[-73.90959, 40.69521]",True,20112687
"Barra da Tijuca, Rio de Janeiro, Brazil",Barra da Tijuca,Barra da Tijuca,Rio De Janeiro,Brazil,BR,Point,"[-43.428102518509476, -23.00884822358248]",True,20116519
"Kihei, HI, United States",Kihei/Wailea,Kihei-Makena,Maui,United States,US,Point,"[-156.44588, 20.71496]",True,20121488
"Erskineville, NSW, Australia",Erskineville,Sydney,Sydney,Australia,AU,Point,"[151.186, -33.90095]",True,20127052
"Montréal, Québec, Canada",Le Plateau,Le Plateau-Mont-Royal,Montreal,Canada,CA,Point,"[-73.58201, 45.52983]",False,20135359
"Montréal, Québec, Canada",Villeray,Villeray-Saint-Michel-Parc-Extension,Montreal,Canada,CA,Point,"[-73.61588, 45.54174]",True,20139359
"Montréal, Québec, Canada",Le Plateau,Le Plateau-Mont-Royal,Montreal,Canada,CA,Point,"[-73.56798, 45.51914]",True,2015101
"Montréal, Québec, Canada",Villeray-Saint-Michel-Parc-Extension,Villeray-Saint-Michel-Parc-Extension,Montreal,Canada,CA,Point,"[-73.63463, 45.54477]",True,20154076
"Hong Kong, Hong Kong Island, Hong Kong",Wan Chai District,Wan Chai,Hong Kong,Hong Kong,HK,Point,"[114.1722, 22.278]",True,20157105
"Hong Kong, Hong Kong Island, Hong Kong",Wan Chai District,Wan Chai,Hong Kong,Hong Kong,HK,Point,"[114.17907, 22.27862]",True,20159382
"Montréal, Québec, Canada",McGill Ghetto,Le Plateau-Mont-Royal,Montreal,Canada,CA,Point,"[-73.5763, 45.50964]",True,20164905
"Montréal, Québec, Canada",Villeray-Saint-Michel-Parc-Extension,Villeray-Saint-Michel-Parc-Extension,Montreal,Canada,CA,Point,"[-73.62396, 45.54508]",True,20172538
"Ataşehir, İstanbul, Turkey",,Atasehir,Istanbul,Turkey,TR,Point,"[29.10924, 40.97579]",False,20180729
"Honolulu, HI, United States",Oʻahu,Primary Urban Center,Oahu,United States,US,Point,"[-157.80702, 21.276]",False,20181414
"Porto, Porto, Portugal",,"Cedofeita, Ildefonso, Sé, Miragaia, Nicolau, Vitória",Porto,Portugal,PT,Point,"[-8.61602, 41.14783]",True,20188349
"Barcelona, Barcelona, Spain",Eixample,la Dreta de l'Eixample,Barcelona,Spain,ES,Point,"[2.15994, 41.39379]",True,2019384
"Manly, NSW, Australia",Manly,Manly,Sydney,Australia,AU,Point,"[151.28683, -33.78675]",True,20202806
"Montréal, Québec, Canada",La Petite-Patrie,Rosemont-La Petite-Patrie,Montreal,Canada,CA,Point,"[-73.60561, 45.54466]",False,20206015
"Bronte, NSW, Australia",Bronte,Waverley,Sydney,Australia,AU,Point,"[151.2639, -33.89884]",False,20206764
"Montréal, Québec, Canada",Rosemont-La Petite-Patrie,Rosemont-La Petite-Patrie,Montreal,Canada,CA,Point,"[-73.60834, 45.53653]",True,20211255
"Montréal, Québec, Canada",Quartier des Spectacles,Ville-Marie,Montreal,Canada,CA,Point,"[-73.56198, 45.50917]",True,20214521
"Kailua, HI, United States",Kailua,Koolaupoko,Oahu,United States,US,Point,"[-157.74931, 21.42022]",False,20228390
"Montréal, Québec, Canada",Villeray,Villeray-Saint-Michel-Parc-Extension,Montreal,Canada,CA,Point,"[-73.62015, 45.54338]",True,20234137
"Montréal, Québec, Canada",Cote-des-Neiges-Notre-Dame-de-Grace,Côte-des-Neiges-Notre-Dame-de-Grâce,Montreal,Canada,CA,Point,"[-73.62886, 45.50251]",True,20234554
"Montréal, Québec, Canada",Le Plateau-Mont-Royal,Le Plateau-Mont-Royal,Montreal,Canada,CA,Point,"[-73.5797, 45.51668]",True,20235027
"Istanbul, Istanbul, Turkey",Beyoglu,Beyoglu,Istanbul,Turkey,TR,Point,"[28.97444, 41.03464]",False,2023934
"Hong Kong, Hong Kong Island, Hong Kong",Wan Chai District,Wan Chai,Hong Kong,Hong Kong,HK,Point,"[114.18378, 22.27905]",True,20239903
"Barcelona, Catalunya, Spain",La Verneda i La Pau,la Verneda i la Pau,Barcelona,Spain,ES,Point,"[2.20377, 41.42283]",True,20240485
"Hong Kong, Kowloon, Hong Kong",Yau Tsim Mong,Yau Tsim Mong,Hong Kong,Hong Kong,HK,Point,"[114.16702, 22.30654]",True,20241972
"Brooklyn, NY, United States",Coney Island,Coney Island,New York,United States,US,Point,"[-73.9902, 40.5743]",True,20245250
"Montréal, Québec, Canada",Mercier-Hochelaga-Maisonneuve,Mercier-Hochelaga-Maisonneuve,Montreal,Canada,CA,Point,"[-73.53971, 45.54737]",True,20254510
"Brooklyn, NY, United States",Crown Heights,Crown Heights,New York,United States,US,Point,"[-73.95877, 40.67651]",True,20255158
"Barcelona, Catalunya, Spain",Sants-Montjuïc,Sants,Barcelona,Spain,ES,Point,"[2.13697, 41.37756]",True,20260320
"Montréal, Québec, Canada",Villeray-Saint-Michel-Parc-Extension,Villeray-Saint-Michel-Parc-Extension,Montreal,Canada,CA,Point,"[-73.61547, 45.55368]",True,20264769
"Şişli, İstanbul, Turkey",Şişli,Sisli,Istanbul,Turkey,TR,Point,"[28.98111, 41.05465]",False,20275354
"Kadıköy, İstanbul, Turkey",Kadıköy,Kadikoy,Istanbul,Turkey,TR,Point,"[29.02676, 40.98488]",False,20275415
"New York, NY, United States",Hell's Kitchen,Hell's Kitchen,New York,United States,US,Point,"[-73.99388, 40.76152]",True,20275670
"Barcelona, CT, Spain",Nou Barris,Porta,Barcelona,Spain,ES,Point,"[2.17337, 41.43616]",False,20276192
"Brooklyn, NY, United States",Williamsburg,Williamsburg,New York,United States,US,Point,"[-73.96288, 40.71534]",True,20280610
"Waimea, HI, United States",Island of Hawaiʻi,South Kohala,The Big Island,United States,US,Point,"[-155.67752, 20.02624]",True,20286842
"Kailua-Kona, HI, United States",Kailua/Kona,North Kona,The Big Island,United States,US,Point,"[-155.98335, 19.67595]",True,20287455
"Gulpilhares, Porto, Portugal",,Gulpilhares e Valadares,Porto,Portugal,PT,Point,"[-8.65162, 41.07399]",False,20289023
"Lahaina, HI, United States",Kaanapali,Lahaina,Maui,United States,US,Point,"[-156.68808, 20.95232]",True,20295849
"Barcelona, Catalonia, Spain",Ciutat Vella,el Barri Gòtic,Barcelona,Spain,ES,Point,"[2.1717, 41.38569]",True,2029840
"Porto, Porto, Portugal",,Paranhos,Porto,Portugal,PT,Point,"[-8.61083, 41.1839]",True,20307844
"New York, NY, United States",Manhattan,Battery Park City,New York,United States,US,Point,"[-74.01722, 40.71035]",True,20309202
"Honolulu, HI, United States",Oʻahu,Primary Urban Center,Oahu,United States,US,Point,"[-157.81437, 21.28148]",False,20309935
"Barcelona, Cataluña, Catalonia, Spain",el Fort Pienc,el Fort Pienc,Barcelona,Spain,ES,Point,"[2.18482, 41.39895]",True,2031134
"Barcelona, Catalunya, Spain",El Poble-sec,el Poble Sec,Barcelona,Spain,ES,Point,"[2.15567, 41.37236]",True,20312675
"Montréal, Québec, Canada",Hochelaga-Maisonneuve,Mercier-Hochelaga-Maisonneuve,Montreal,Canada,CA,Point,"[-73.55133, 45.55344]",True,20330011
"Rio de Janeiro, Rio de Janeiro, Brazil",Laranjeiras,Laranjeiras,Rio De Janeiro,Brazil,BR,Point,"[-43.18226159855448, -22.936218406687715]",True,2034021
"Barcelona, Catalunya, Spain",Eixample,la Dreta de l'Eixample,Barcelona,Spain,ES,Point,"[2.17156, 41.39427]",True,20353402
"Rio de Janeiro, RJ, Brazil",Copacabana,Copacabana,Rio De Janeiro,Brazil,BR,Point,"[-43.18483787150524, -22.968022739359935]",False,20354056
"Ipanema, Rio de Janeiro, Brazil",Ipanema,Ipanema,Rio De Janeiro,Brazil,BR,Point,"[-43.200852137465276, -22.981858614190504]",True,20357635
"Brooklyn , NY, United States",Brooklyn,Bedford-Stuyvesant,New York,United States,US,Point,"[-73.94226, 40.69522]",False,20358824
"Hong Kong, Hong Kong Island, Hong Kong",Wan Chai,Wan Chai,Hong Kong,Hong Kong,HK,Point,"[114.17605, 22.2784]",False,20362690
"Chippendale, NSW, Australia",Ultimo,Sydney,Sydney,Australia,AU,Point,"[151.20178, -33.88306]",True,20374683
"Montréal, Québec, Canada",LaSalle,LaSalle,Montreal,Canada,CA,Point,"[-73.65649, 45.42895]",True,20394583
"Montréal, Québec, Canada",La Petite-Patrie,Rosemont-La Petite-Patrie,Montreal,Canada,CA,Point,"[-73.59951, 45.53298]",True,20396803
"Hong Kong, Hong Kong Island, Hong Kong",Central & Western District,Central & Western,Hong Kong,Hong Kong,HK,Point,"[114.15115, 22.28161]",True,20397517
"İstanbul, Istanbul, Turkey",Fatih,Fatih,Istanbul,Turkey,TR,Point,"[28.93204, 41.00193]",False,20399030
"Porto, Porto, Portugal",,Lordelo do Ouro e Massarelos,Porto,Portugal,PT,Point,"[-8.62543, 41.1503]",False,20399277
"Honolulu, HI, United States",Oʻahu,Primary Urban Center,Oahu,United States,US,Point,"[-157.83201, 21.28585]",False,20413840
"Montreal, QC, Canada",Villeray-Saint-Michel-Parc-Extension,Villeray-Saint-Michel-Parc-Extension,Montreal,Canada,CA,Point,"[-73.61194, 45.54527]",True,2041957
"Porto, Porto, Portugal",,"Cedofeita, Ildefonso, Sé, Miragaia, Nicolau, Vitória",Porto,Portugal,PT,Point,"[-8.61922, 41.15211]",True,20450522
"Montréal, Québec, Canada",Notre-Dame-de-Grace,Côte-des-Neiges-Notre-Dame-de-Grâce,Montreal,Canada,CA,Point,"[-73.64578, 45.47208]",True,20455499
"Porto, Porto, Portugal",,"Cedofeita, Ildefonso, Sé, Miragaia, Nicolau, Vitória",Porto,Portugal,PT,Point,"[-8.62075, 41.15391]",True,20463831
"Porto, Porto, Portugal",,Bonfim,Porto,Portugal,PT,Point,"[-8.59384, 41.14696]",True,20478290
"Hong Kong, Hong Kong Island, Hong Kong",Central & Western District,Central & Western,Hong Kong,Hong Kong,HK,Point,"[114.13867, 22.28854]",False,20482959
"Koloa, HI, United States",Kauaʻi,Koloa-Poipu,Kauai,United States,US,Point,"[-159.4495, 21.87202]",True,20483790
"Barcelona, Catalunya, Spain",Ciutat Vella,la Barceloneta,Barcelona,Spain,ES,Point,"[2.18891, 41.3751]",True,20492711
"Kadıköy, Istanbul, Turkey",Kadıköy,Kadikoy,Istanbul,Turkey,TR,Point,"[29.042, 40.99027]",False,20494506
"Lahaina, HI, United States",Maui,Lahaina,Maui,United States,US,Point,"[-156.66025, 21.00239]",False,20503770
"Barcelona, Catalunya, Spain",Eixample,la Dreta de l'Eixample,Barcelona,Spain,ES,Point,"[2.15993, 41.39162]",True,20511510
"Copacabana, Rio de Janeiro, Brazil",Copacabana,Copacabana,Rio De Janeiro,Brazil,BR,Point,"[-43.187812921418406, -22.974942892683316]",True,20517090
"Pedrouços, Porto, Portugal",,São Mamede de Infesta e Senhora da Hora,Porto,Portugal,PT,Point,"[-8.59635, 41.19059]",False,20521331
"New York, NY, United States",Manhattan,Harlem,New York,United States,US,Point,"[-73.94606, 40.814]",True,20522971
"Brooklyn, NY, United States",Brooklyn,Bedford-Stuyvesant,New York,United States,US,Point,"[-73.94675, 40.68563]",True,20530001
"Porto, Porto, Portugal",,"Cedofeita, Ildefonso, Sé, Miragaia, Nicolau, Vitória",Porto,Portugal,PT,Point,"[-8.61555, 41.14226]",False,20530202
"Hong Kong, Hong Kong Island, Hong Kong",Wan Chai District,Wan Chai,Hong Kong,Hong Kong,HK,Point,"[114.18207, 22.28112]",True,20530526
"Barcelona, Catalunya, Spain",Sant Martí,el Besòs i el Maresme,Barcelona,Spain,ES,Point,"[2.21819, 41.41356]",True,20532252
"Barcelona, Catalonia, Spain",La Sagrada Família,la Sagrada Família,Barcelona,Spain,ES,Point,"[2.17371, 41.40764]",True,2053772
"Montreal, QC, Canada",Le Plateau-Mont-Royal,Le Plateau-Mont-Royal,Montreal,Canada,CA,Point,"[-73.57857, 45.52617]",True,2054110
"Lahaina, HI, United States",Lahaina,Lahaina,Maui,United States,US,Point,"[-156.67472, 20.87533]",True,20543265
"Mountain View, HI, United States",Island of Hawaiʻi,Puna,The Big Island,United States,US,Point,"[-155.19072, 19.44789]",True,20557566
"Barcelona, Catalonia, Spain",Ciutat Vella,"Sant Pere, Santa Caterina i la Ribera",Barcelona,Spain,ES,Point,"[2.18237, 41.38264]",False,20567444
"Kailua-Kona, HI, United States",Kailua/Kona,North Kona,The Big Island,United States,US,Point,"[-155.99081, 19.63641]",True,20569156
"Rio de Janeiro, Rio de Janeiro, Brazil",,Copacabana,Rio De Janeiro,Brazil,BR,Point,"[-43.192356549487435, -22.982149572273705]",False,20570876
"Surry Hills, NSW, Australia",Surry Hills,Sydney,Sydney,Australia,AU,Point,"[151.2101, -33.88173]",True,20578419
"HONOLULU, HI, United States",Honolulu,Primary Urban Center,Oahu,United States,US,Point,"[-157.82066, 21.27282]",False,20580703
"Pointe-Claire, Québec, Canada",Pointe-Claire,Pointe-Claire,Montreal,Canada,CA,Point,"[-73.82578, 45.42679]",True,20588113
"Brooklyn, NY, United States",Brooklyn,Bushwick,New York,United States,US,Point,"[-73.92211, 40.70068]",True,20589142
"Montréal, QC, Canada",Mercier-Hochelaga-Maisonneuve,Mercier-Hochelaga-Maisonneuve,Montreal,Canada,CA,Point,"[-73.54197, 45.6127]",False,20589502
"Jacarepagua, Rio de Janeiro, Brazil",Barra da Tijuca,Jacarepaguá,Rio De Janeiro,Brazil,BR,Point,"[-43.40026088647492, -22.96582085696907]",True,20596543
"Istanbul, Istanbul Province, Turkey",Şişli,Sisli,Istanbul,Turkey,TR,Point,"[28.99364, 41.05325]",False,2059723
"Gávea, Rio de Janeiro, Brazil",Gávea,Gávea,Rio De Janeiro,Brazil,BR,Point,"[-43.22784574381933, -22.976462304901506]",True,20597925
"Copacabana, Rio de Janeiro, Brazil",Copacabana,Copacabana,Rio De Janeiro,Brazil,BR,Point,"[-43.18718456816157, -22.967091594195264]",True,20599393
"Montréal, Québec, Canada",Hochelaga-Maisonneuve,Mercier-Hochelaga-Maisonneuve,Montreal,Canada,CA,Point,"[-73.54584, 45.55933]",True,20605168
"Barcelona, Catalunya, Spain",Eixample,la Nova Esquerra de l'Eixample,Barcelona,Spain,ES,Point,"[2.14405, 41.3859]",True,20611485
"Barcelona, Spain",Vila de Gràcia,la Vila de Gràcia,Barcelona,Spain,ES,Point,"[2.15801, 41.3984]",True,206122
"Vila Nova de Gaia, Porto, Portugal",,Santa Marinha e São Pedro da Afurada,Porto,Portugal,PT,Point,"[-8.6313, 41.14421]",False,20619682
"New York, NY, United States",Manhattan,Lower East Side,New York,United States,US,Point,"[-73.98702, 40.72049]",True,20620144
"Laranjeiras, Rio de Janeiro, Brazil",Laranjeiras,Laranjeiras,Rio De Janeiro,Brazil,BR,Point,"[-43.179570979151094, -22.934684245400753]",True,20633816
"Leblon, Rio de Janeiro, Brazil",Leblon,Leblon,Rio De Janeiro,Brazil,BR,Point,"[-43.22808916689376, -22.984893625479053]",False,20643726
"Porto, Porto, Portugal",,"Cedofeita, Ildefonso, Sé, Miragaia, Nicolau, Vitória",Porto,Portugal,PT,Point,"[-8.60841, 41.15367]",True,20645080
"Istanbul, Istanbul Province, Turkey",Kadıköy,Kadikoy,Istanbul,Turkey,TR,Point,"[29.08102, 40.95526]",False,2066014
"Brooklyn, NY, United States",Bedford-Stuyvesant,Bedford-Stuyvesant,New York,United States,US,Point,"[-73.93975, 40.69574]",False,20660511
"Barra da Tijuca, Rio de Janeiro, Brazil",Barra da Tijuca,Jacarepaguá,Rio De Janeiro,Brazil,BR,Point,"[-43.39751500160934, -22.967909192216286]",True,20666508
"Koloa, HI, United States",Kauaʻi,Koloa-Poipu,Kauai,United States,US,Point,"[-159.46625, 21.88169]",True,20668195
"Barcelona, Catalunya, Spain",El Besòs i el Maresme,el Besòs i el Maresme,Barcelona,Spain,ES,Point,"[2.21575, 41.41429]",False,20669488
"Beyoğlu, Istanbul, Turkey",Beyoglu,Beyoglu,Istanbul,Turkey,TR,Point,"[28.97583, 41.03393]",False,20672298
"Porto, Porto, Portugal",,"Cedofeita, Ildefonso, Sé, Miragaia, Nicolau, Vitória",Porto,Portugal,PT,Point,"[-8.61245, 41.13978]",True,20677646
"Porto, Porto, Portugal",,"Cedofeita, Ildefonso, Sé, Miragaia, Nicolau, Vitória",Porto,Portugal,PT,Point,"[-8.61142, 41.13992]",True,20677802
"Montréal, Québec, Canada",Le Plateau-Mont-Royal,Le Plateau-Mont-Royal,Montreal,Canada,CA,Point,"[-73.59151, 45.52503]",True,20677942
"Parada de Lucas, Rio de Janeiro, Brazil",Parada de Lucas,Parada de Lucas,Rio De Janeiro,Brazil,BR,Point,"[-43.29676263073681, -22.816388006091728]",True,20678327
"Kailua, HI, United States",Kailua,Koolaupoko,Oahu,United States,US,Point,"[-157.74155, 21.40607]",True,20680853
"Laie, HI, United States",Oʻahu,Koolauloa,Oahu,United States,US,Point,"[-157.92798, 21.64568]",True,20681944
"Barcelona, Catalunya, Spain",Ciutat Vella,el Barri Gòtic,Barcelona,Spain,ES,Point,"[2.17781, 41.37897]",True,2068454
"Moreira, Porto, Portugal",,Moreira,Porto,Portugal,PT,Point,"[-8.66489, 41.24004]",True,20685775
"Porto, Porto, Portugal",,"Cedofeita, Ildefonso, Sé, Miragaia, Nicolau, Vitória",Porto,Portugal,PT,Point,"[-8.63469, 41.15913]",True,20692275
"New York, NY, United States",Manhattan,Greenwich Village,New York,United States,US,Point,"[-73.99413, 40.733]",True,20692563
"Brooklyn, NY, United States",Brooklyn,Williamsburg,New York,United States,US,Point,"[-73.94662, 40.71279]",True,20692888
"Copacabana, Rio de Janeiro, Brazil",Copacabana,Copacabana,Rio De Janeiro,Brazil,BR,Point,"[-43.190142475423734, -22.984062698107213]",False,20693549
"Pāhoa, HI, United States",Island of Hawaiʻi,Puna,The Big Island,United States,US,Point,"[-154.99088, 19.35237]",True,20695115
"Wentworth Point, NSW, Australia",Rhodes,Auburn,Sydney,Australia,AU,Point,"[151.07904, -33.82766]",True,20698056
"Hong Kong, Kowloon, Hong Kong",Kowloon City,Kowloon City,Hong Kong,Hong Kong,HK,Point,"[114.18809, 22.30294]",True,20701225
"Fatih, Istanbul, Turkey",Eminönü,Fatih,Istanbul,Turkey,TR,Point,"[28.97415, 41.01389]",False,20701559
"Montréal, Québec, Canada",Le Sud-Ouest,Le Sud-Ouest,Montreal,Canada,CA,Point,"[-73.58947, 45.45504]",True,20711019
"Honolulu, HI, United States",Honolulu,Primary Urban Center,Oahu,United States,US,Point,"[-157.82201, 21.27289]",True,20712093
"Kailua-Kona, HI, United States",Island of Hawaiʻi,North Kona,The Big Island,United States,US,Point,"[-156.00806, 19.72049]",True,20717948
"Montréal, Québec, Canada",Le Plateau-Mont-Royal,Le Plateau-Mont-Royal,Montreal,Canada,CA,Point,"[-73.5677, 45.53083]",True,2071929
"Hong Kong, Hong Kong Island, Hong Kong",Wan Chai,Wan Chai,Hong Kong,Hong Kong,HK,Point,"[114.17887, 22.27867]",False,20719961
"Hong Kong, Kowloon, Hong Kong",Yau Tsim Mong,Yau Tsim Mong,Hong Kong,Hong Kong,HK,Point,"[114.16714, 22.32054]",True,20720421
"Hong Kong, Kowloon, Hong Kong",Mong Kok,Yau Tsim Mong,Hong Kong,Hong Kong,HK,Point,"[114.16798, 22.32099]",True,20720982
"Montréal, Québec, Canada",Downtown Montreal,Ville-Marie,Montreal,Canada,CA,Point,"[-73.55963, 45.49907]",True,20723241
"Barcelona, Catalunya, Spain",Torre Baró,Torre Baró,Barcelona,Spain,ES,Point,"[2.18543, 41.45542]",True,20724431
"Kailua, HI, United States",Kailua,Koolaupoko,Oahu,United States,US,Point,"[-157.72991, 21.37394]",False,20724571
"İstanbul, Istanbul, Turkey",Şişli,Sisli,Istanbul,Turkey,TR,Point,"[28.98505, 41.07007]",False,20726731
"Montréal, Québec, Canada",Old Montreal,Ville-Marie,Montreal,Canada,CA,Point,"[-73.55989, 45.50336]",True,20728606
"New York, NY, United States",Upper East Side,Upper East Side,New York,United States,US,Point,"[-73.95734, 40.77037]",False,20730891
"Barcelona, CT, Spain",El Besòs i el Maresme,el Besòs i el Maresme,Barcelona,Spain,ES,Point,"[2.21825, 41.4141]",False,20735001
"Hong Kong, Kowloon, Hong Kong",Mong Kok,Yau Tsim Mong,Hong Kong,Hong Kong,HK,Point,"[114.16948, 22.31694]",True,20736951
"Istanbul, Istanbul Province, Turkey",,Gaziosmanpasa,Istanbul,Turkey,TR,Point,"[28.91804, 41.05908]",False,2073897
"New York, NY, United States",Manhattan,Chelsea,New York,United States,US,Point,"[-73.99697, 40.74486]",False,20741058
"Queens, NY, United States",Jamaica,Rosedale,New York,United States,US,Point,"[-73.73432, 40.65429]",True,20744948
"Fatih, Istanbul, Turkey",Fatih,Fatih,Istanbul,Turkey,TR,Point,"[28.98043, 41.00509]",False,20755043
"Brooklyn, NY, United States",Williamsburg,Greenpoint,New York,United States,US,Point,"[-73.94118, 40.72056]",True,20763432
"Hong Kong, Kowloon, Hong Kong",Hung Hom,Kowloon City,Hong Kong,Hong Kong,HK,Point,"[114.18623, 22.30185]",False,20764769
"Sydney, NSW, Australia",Central Business District,Sydney,Sydney,Australia,AU,Point,"[151.20903, -33.8644]",True,20767798
"Matosinhos, Porto, Portugal",,Matosinhos e Leça da Palmeira,Porto,Portugal,PT,Point,"[-8.67997, 41.18542]",False,20774523
"Brooklyn, NY, United States",Brooklyn,Bushwick,New York,United States,US,Point,"[-73.91362, 40.6958]",True,20783233
"Brooklyn, NY, United States",Brooklyn,Canarsie,New York,United States,US,Point,"[-73.89678, 40.62944]",False,20788473
"Sydney, NSW, Australia",Central Business District,Sydney,Sydney,Australia,AU,Point,"[151.20309, -33.87345]",True,20788503
"Kailua-Kona, HI, United States",Island of Hawaiʻi,North Kona,The Big Island,United States,US,Point,"[-155.99363, 19.63885]",False,20789773
"Hong Kong, Hong Kong Island, Hong Kong",Eastern District,Eastern,Hong Kong,Hong Kong,HK,Point,"[114.19845, 22.28974]",True,20791526
"Fatih, Istanbul, Turkey",Sultanahmet,Fatih,Istanbul,Turkey,TR,Point,"[28.96792, 41.0063]",False,20792560
"Hong Kong, Kowloon, Hong Kong",Jordan,Yau Tsim Mong,Hong Kong,Hong Kong,HK,Point,"[114.17127, 22.30467]",True,20792923
"Darlington , NSW, Australia",Darlington,Sydney,Sydney,Australia,AU,Point,"[151.19701, -33.88925]",False,20804897
"深圳市, 广东省, China",,Yuen Long,Hong Kong,China,CN,Point,"[114.07371, 22.51558]",True,20804962
"Lahaina, HI, United States",Westside,Lahaina,Maui,United States,US,Point,"[-156.67976, 20.9706]",True,20806414
"Barcelona, Catalunya, Spain",Sants-Montjuïc,Sants,Barcelona,Spain,ES,Point,"[2.13707, 41.37615]",True,20807522
"Barcelona, Catalunya, Spain",Ciutat Vella,"Sant Pere, Santa Caterina i la Ribera",Barcelona,Spain,ES,Point,"[2.18275, 41.3848]",True,20809200
"Hong Kong, Hong Kong Island, Hong Kong",Wan Chai District,Wan Chai,Hong Kong,Hong Kong,HK,Point,"[114.17856, 22.27949]",True,20822448
"Brooklyn, NY, United States",Brooklyn,Crown Heights,New York,United States,US,Point,"[-73.93131, 40.67139]",True,20827801
"Montréal, Québec, Canada",Le Plateau-Mont-Royal,Le Plateau-Mont-Royal,Montreal,Canada,CA,Point,"[-73.58029, 45.52042]",True,20827803
"Hong Kong, Kowloon, Hong Kong",Yau Tsim Mong,Yau Tsim Mong,Hong Kong,Hong Kong,HK,Point,"[114.16653, 22.30683]",True,20827826
"Barcelona, Catalunya, Spain",Porta,Porta,Barcelona,Spain,ES,Point,"[2.17909, 41.43897]",True,20829122
"Brooklyn, NY, United States",Crown Heights,Crown Heights,New York,United States,US,Point,"[-73.9476, 40.67064]",True,20834832
"Brooklyn, NY, United States",Brooklyn,Dyker Heights,New York,United States,US,Point,"[-74.01684, 40.62499]",True,20845108
"Copacabana, Rio de Janeiro, Brazil",Ipanema,Ipanema,Rio De Janeiro,Brazil,BR,Point,"[-43.19468776411647, -22.98429235594679]",True,20845825
"Jacarepagua, Rio de Janeiro, Brazil",Barra da Tijuca,Jacarepaguá,Rio De Janeiro,Brazil,BR,Point,"[-43.3784512685221, -22.967368557701523]",False,20849928
"Hong Kong, Kowloon, Hong Kong",Kowloon City,Kowloon City,Hong Kong,Hong Kong,HK,Point,"[114.19067, 22.32932]",False,20851877
"Rio, Rio de Janeiro, Brazil",Copacabana,Copacabana,Rio De Janeiro,Brazil,BR,Point,"[-43.18923945702505, -22.980694673782537]",True,2085520
"Montréal, Québec, Canada",Rosemont-La Petite-Patrie,Rosemont-La Petite-Patrie,Montreal,Canada,CA,Point,"[-73.57623, 45.5485]",True,20859319
"Porto, Porto, Portugal",,"Cedofeita, Ildefonso, Sé, Miragaia, Nicolau, Vitória",Porto,Portugal,PT,Point,"[-8.62887, 41.15774]",False,20860562
"Montréal, Québec, Canada",Outremont,Outremont,Montreal,Canada,CA,Point,"[-73.62099, 45.5179]",True,20861761
"Montréal, Québec, Canada",Mercier-Hochelaga-Maisonneuve,Mercier-Hochelaga-Maisonneuve,Montreal,Canada,CA,Point,"[-73.54044, 45.5785]",True,20864633
"Bronte, NSW, Australia",Bronte,Waverley,Sydney,Australia,AU,Point,"[151.26535, -33.90039]",False,20865085
"Princeville, HI, United States",Kauaʻi,North Shore Kauai,Kauai,United States,US,Point,"[-159.47871, 22.22043]",True,20865183
"Hong Kong, Kowloon, Hong Kong",Tsim Sha Tsui,Yau Tsim Mong,Hong Kong,Hong Kong,HK,Point,"[114.17191, 22.29725]",True,20866128
"Wailuku, HI, United States",Maui,Kihei-Makena,Maui,United States,US,Point,"[-156.50807, 20.79426]",True,20872439
"九龍, 九龍, Hong Kong",Yau Tsim Mong,Yau Tsim Mong,Hong Kong,Hong Kong,HK,Point,"[114.17018, 22.31085]",False,20880869
"Hong Kong, Hong Kong Island, Hong Kong",Wan Chai District,Wan Chai,Hong Kong,Hong Kong,HK,Point,"[114.17889, 22.28109]",True,20884878
"Jacarepagua, Rio de Janeiro, Brazil",,Jacarepaguá,Rio De Janeiro,Brazil,BR,Point,"[-43.37717041763941, -22.958386205584066]",True,20893660
"Jacarepagua, Rio de Janeiro, Brazil",Barra da Tijuca,Jacarepaguá,Rio De Janeiro,Brazil,BR,Point,"[-43.39925910373475, -22.963649715409364]",True,20896819
"Surry Hills, NSW, Australia",Haymarket,Sydney,Sydney,Australia,AU,Point,"[151.20649, -33.88406]",True,20906161
"Ultimo, NSW, Australia",Ultimo,Sydney,Sydney,Australia,AU,Point,"[151.19665, -33.88181]",True,20906942
"Rio de Janeiro, Rio de Janeiro, Brazil",Flamengo,Flamengo,Rio De Janeiro,Brazil,BR,Point,"[-43.17373209549835, -22.94022647963295]",True,2092831
"Brooklyn, NY, United States",Brooklyn,Williamsburg,New York,United States,US,Point,"[-73.94482, 40.71275]",True,20929703
"New York, NY, United States",Manhattan,Chelsea,New York,United States,US,Point,"[-73.99686, 40.74978]",True,2093064
"Hong Kong, Hong Kong Island, Hong Kong",Mid-Levels,Central & Western,Hong Kong,Hong Kong,HK,Point,"[114.14098, 22.28072]",False,20940124
"Montréal, Québec, Canada",Downtown Montreal,Ville-Marie,Montreal,Canada,CA,Point,"[-73.58179, 45.494]",True,20941829
"Montréal, Québec, Canada",Downtown Montreal,Ville-Marie,Montreal,Canada,CA,Point,"[-73.5761, 45.49295]",True,20945783
"Hong Kong, Hong Kong Island, Hong Kong",Wan Chai District,Wan Chai,Hong Kong,Hong Kong,HK,Point,"[114.17359, 22.27579]",True,20953036
"Sarıyer, Istanbul, Turkey",,Sariyer,Istanbul,Turkey,TR,Point,"[29.04741, 41.10758]",True,20955863
"Vila Nova de Gaia, Porto, Portugal",,Santa Marinha e São Pedro da Afurada,Porto,Portugal,PT,Point,"[-8.62181, 41.13354]",False,20958766
"Flamengo, Rio de Janeiro, Brazil",Laranjeiras,Laranjeiras,Rio De Janeiro,Brazil,BR,Point,"[-43.179986361692464, -22.934147737102347]",True,20959398
"Haymarket, NSW, Australia",Haymarket,Sydney,Sydney,Australia,AU,Point,"[151.20742, -33.87951]",True,20962081
"İstanbul, Istanbul, Turkey",Kadıköy,Kadikoy,Istanbul,Turkey,TR,Point,"[29.08659, 40.95819]",False,20964078
"Póvoa de Varzim, Porto, Portugal",,"Póvoa de Varzim, Beiriz e Argivai",Porto,Portugal,PT,Point,"[-8.76841, 41.38887]",False,20965875
"Barra da Tijuca, Rio de Janeiro, Brazil",Barra da Tijuca,Barra da Tijuca,Rio De Janeiro,Brazil,BR,Point,"[-43.344495885394124, -23.009052932155523]",True,20969380
"Hong Kong, Hong Kong Island, Hong Kong",Wan Chai District,Wan Chai,Hong Kong,Hong Kong,HK,Point,"[114.18152, 22.28052]",True,20973119
"Narrabeen, NSW, Australia",,Warringah,Sydney,Australia,AU,Point,"[151.29774, -33.71797]",True,20989061
"Kihei, HI, United States",Maui,Kihei-Makena,Maui,United States,US,Point,"[-156.45813, 20.76371]",True,20994775
"Porto, Porto, Portugal",,"Cedofeita, Ildefonso, Sé, Miragaia, Nicolau, Vitória",Porto,Portugal,PT,Point,"[-8.60697, 41.1461]",False,21005012
"Barcelona, Catalunya, Spain",Sants-Montjuïc,el Poble Sec,Barcelona,Spain,ES,Point,"[2.17039, 41.37302]",True,21006757
"Porto, Porto, Portugal",,"Cedofeita, Ildefonso, Sé, Miragaia, Nicolau, Vitória",Porto,Portugal,PT,Point,"[-8.60242, 41.14862]",False,21031806
"Barcelona, Catalonia, Spain",Gràcia,la Vila de Gràcia,Barcelona,Spain,ES,Point,"[2.16127, 41.39879]",True,2104807
"Ipanema, Rio de Janeiro, Brazil",,Ipanema,Rio De Janeiro,Brazil,BR,Point,"[-43.20482124326665, -22.98101328072026]",True,21053564
"Barcelona, Catalunya, Spain",Eixample,la Sagrada Família,Barcelona,Spain,ES,Point,"[2.17263, 41.40557]",True,21055635
"Barcelona, Catalunya, Spain",Sant Martí,el Clot,Barcelona,Spain,ES,Point,"[2.19112, 41.41492]",False,21056118
"Rio, Rio de Janeiro, Brazil",Botafogo,Botafogo,Rio De Janeiro,Brazil,BR,Point,"[-43.18290485401979, -22.953429842875952]",True,2105881
"Leblon, Rio de Janeiro, Brazil",Leblon,Leblon,Rio De Janeiro,Brazil,BR,Point,"[-43.21954175082818, -22.981946093764247]",True,21059755
"Küçükçekmece, İstanbul, Turkey",,Kucukcekmece,Istanbul,Turkey,TR,Point,"[28.7659, 41.04997]",False,21061587
"Guildford, NSW, Australia",,Holroyd,Sydney,Australia,AU,Point,"[150.98024, -33.84736]",True,21063718
"Porto, Porto, Portugal",,"Cedofeita, Ildefonso, Sé, Miragaia, Nicolau, Vitória",Porto,Portugal,PT,Point,"[-8.61432, 41.14235]",True,21066228
"Barcelona, Cataluña, Spain",Sant Andreu,Navas,Barcelona,Spain,ES,Point,"[2.18748, 41.418]",False,21078272
"Haleiwa, HI, United States",North Shore,North Shore Oahu,Oahu,United States,US,Point,"[-158.03187, 21.67999]",True,210968
"Hong Kong, Kowloon, Hong Kong",Kowloon City,Kowloon City,Hong Kong,Hong Kong,HK,Point,"[114.19318, 22.32031]",True,21097380
"Barcelona, Cataluña, Spain",Sants-Montjuïc,el Poble Sec,Barcelona,Spain,ES,Point,"[2.16834, 41.37236]",True,21103245
"Hong Kong, Kowloon, Hong Kong",Mong Kok,Yau Tsim Mong,Hong Kong,Hong Kong,HK,Point,"[114.17289, 22.31743]",True,21103954
"Montréal, Québec, Canada",Downtown Montreal,Ville-Marie,Montreal,Canada,CA,Point,"[-73.57226, 45.49653]",True,21105022
"New York, NY, United States",Chinatown,Chinatown,New York,United States,US,Point,"[-73.9909, 40.71363]",True,21106002
"Montréal, Québec, Canada",McGill Ghetto,Le Plateau-Mont-Royal,Montreal,Canada,CA,Point,"[-73.5772, 45.50893]",True,21111727
"Sydney, NSW, Australia",Haymarket,Sydney,Sydney,Australia,AU,Point,"[151.20899, -33.87929]",False,21127680
"Barcelona, Catalunya, Spain",Eixample,la Nova Esquerra de l'Eixample,Barcelona,Spain,ES,Point,"[2.15105, 41.38455]",True,21130291
"Porto, Porto, Portugal",,Paranhos,Porto,Portugal,PT,Point,"[-8.58695, 41.17431]",True,21132824
"Hong Kong, Kowloon, Hong Kong",Jordan,Yau Tsim Mong,Hong Kong,Hong Kong,HK,Point,"[114.16908, 22.30658]",True,2113358
"Rio, Rio de Janeiro, Brazil",Copacabana,Copacabana,Rio De Janeiro,Brazil,BR,Point,"[-43.17434177324787, -22.963813564505323]",True,2113927
"Montréal, Québec, Canada",Villeray,Villeray-Saint-Michel-Parc-Extension,Montreal,Canada,CA,Point,"[-73.63296, 45.54191]",True,21145923
"Beyoğlu, İstanbul, Turkey",Beyoglu,Beyoglu,Istanbul,Turkey,TR,Point,"[28.98106, 41.04043]",False,21155900
"Rio, Rio de Janeiro, Brazil",Santa Teresa,Santa Teresa,Rio De Janeiro,Brazil,BR,Point,"[-43.18941884593226, -22.923863383559716]",True,2116352
"İstanbul, İstanbul, Turkey",Şişli,Sisli,Istanbul,Turkey,TR,Point,"[28.97047, 41.05901]",False,21174788
"Montréal, Québec, Canada",Downtown Montreal,Ville-Marie,Montreal,Canada,CA,Point,"[-73.57043, 45.4968]",True,21179158
"Barcelona, Catalunya, Spain",Eixample,la Nova Esquerra de l'Eixample,Barcelona,Spain,ES,Point,"[2.15002, 41.38031]",True,21180955
"Porto, Porto, Portugal",,Paranhos,Porto,Portugal,PT,Point,"[-8.61735, 41.16556]",True,21181684
"Istanbul, Istanbul Province, Turkey",Sultanahmet,Fatih,Istanbul,Turkey,TR,Point,"[28.97931, 41.00446]",True,2118641
"Rio, Rio de Janeiro, Brazil",Copacabana,Copacabana,Rio De Janeiro,Brazil,BR,Point,"[-43.18662928619766, -22.968132232886543]",False,2119162
"Rio, Rio de Janeiro, Brazil",Barra da Tijuca,Barra da Tijuca,Rio De Janeiro,Brazil,BR,Point,"[-43.35434051966628, -23.008210117666557]",False,2119780
"Montréal, Québec, Canada",Downtown Montreal,Ville-Marie,Montreal,Canada,CA,Point,"[-73.57906, 45.49463]",True,21199380
"Leça da Palmeira, Porto, Portugal",,Matosinhos e Leça da Palmeira,Porto,Portugal,PT,Point,"[-8.70008, 41.19393]",True,21201544
"Copacabana, Rio de Janeiro, Brazil",Copacabana,Copacabana,Rio De Janeiro,Brazil,BR,Point,"[-43.17862215898904, -22.966088142975934]",False,21201643
"Montréal, Québec, Canada",Le Plateau-Mont-Royal,Le Plateau-Mont-Royal,Montreal,Canada,CA,Point,"[-73.57589, 45.5081]",True,21204926
"New York, NY, United States",Manhattan,Washington Heights,New York,United States,US,Point,"[-73.94294, 40.83638]",True,21210250
"Barcelona, Catalunya, Spain",El Raval,el Raval,Barcelona,Spain,ES,Point,"[2.17186, 41.37953]",True,21229065
"Vargem Grande, Rio de Janeiro, Brazil",,Vargem Grande,Rio De Janeiro,Brazil,BR,Point,"[-43.48059256763556, -22.977772875785778]",False,21232424
"Rio, Rio de Janeiro, Brazil",Copacabana,Copacabana,Rio De Janeiro,Brazil,BR,Point,"[-43.18834471025182, -22.976773857668213]",True,2123266
"Montréal, Québec, Canada",Le Plateau-Mont-Royal,Le Plateau-Mont-Royal,Montreal,Canada,CA,Point,"[-73.58341, 45.51726]",True,21234040
"Barra da Tijuca, Rio de Janeiro, Brazil",Barra da Tijuca,Barra da Tijuca,Rio De Janeiro,Brazil,BR,Point,"[-43.31949536808822, -23.006591934107966]",True,21237763
"Dee Why, NSW, Australia",,Warringah,Sydney,Australia,AU,Point,"[151.29737, -33.75839]",False,21244482
"Montréal, Québec, Canada",Mercier-Hochelaga-Maisonneuve,Ville-Marie,Montreal,Canada,CA,Point,"[-73.54414, 45.52984]",True,21248215
"Montréal, Québec, Canada",Mile End,Rosemont-La Petite-Patrie,Montreal,Canada,CA,Point,"[-73.60547, 45.5326]",True,21251556
"Porto, Porto, Portugal",,"Cedofeita, Ildefonso, Sé, Miragaia, Nicolau, Vitória",Porto,Portugal,PT,Point,"[-8.62903, 41.15703]",True,21261556
"New York, NY, United States",Manhattan,Morningside Heights,New York,United States,US,Point,"[-73.96031, 40.81467]",True,21264297
"Rose Bay, NSW, Australia",Bellevue Hill,Woollahra,Sydney,Australia,AU,Point,"[151.25416, -33.87239]",True,21281467
"Hong Kong, Hong Kong Island, Hong Kong",Wan Chai,Wan Chai,Hong Kong,Hong Kong,HK,Point,"[114.17473, 22.27798]",True,21281761
"RIO DE JANEIRO, Rio de Janeiro, Brazil",Copacabana,Copacabana,Rio De Janeiro,Brazil,BR,Point,"[-43.188743919374595, -22.976165347331882]",True,21291633
"九龍, 香港, Hong Kong",Yau Tsim Mong,Yau Tsim Mong,Hong Kong,Hong Kong,HK,Point,"[114.17503, 22.2968]",False,2130117
"Porto, Porto, Portugal",,"Cedofeita, Ildefonso, Sé, Miragaia, Nicolau, Vitória",Porto,Portugal,PT,Point,"[-8.60937, 41.15012]",False,21306698
"Kihei, HI, United States",Maui,Kihei-Makena,Maui,United States,US,Point,"[-156.44528, 20.71691]",False,21312909
"Barcelona, Catalunya, Spain",Horta-Guinardó,la Teixonera,Barcelona,Spain,ES,Point,"[2.14653, 41.42339]",True,21322869
"Istanbul, Istanbul Province, Turkey",Şişli,Sisli,Istanbul,Turkey,TR,Point,"[28.99543, 41.05987]",False,2133967
"Sydney Olympic Park, NSW, Australia",,Auburn,Sydney,Australia,AU,Point,"[151.07197, -33.84395]",False,21352206
"Barcelona, Catalunya, Spain",Eixample,la Nova Esquerra de l'Eixample,Barcelona,Spain,ES,Point,"[2.14745, 41.38376]",False,21353587
"São Félix da Marinha, Porto, Portugal",,São Félix da Marinha,Porto,Portugal,PT,Point,"[-8.62998, 41.0264]",False,21354176
"Porto, Porto, Portugal",,Azurara,Porto,Portugal,PT,Point,"[-8.7383, 41.3398]",False,21362635
"Hong Kong, Hong Kong Island, Hong Kong",Wan Chai District,Wan Chai,Hong Kong,Hong Kong,HK,Point,"[114.18183, 22.28021]",True,21365501
"Montréal, Québec, Canada",Le Plateau-Mont-Royal,Le Plateau-Mont-Royal,Montreal,Canada,CA,Point,"[-73.60294, 45.52529]",True,21368282
"Hong Kong, Kowloon, Hong Kong",Kowloon City,Kowloon City,Hong Kong,Hong Kong,HK,Point,"[114.17977, 22.32187]",True,21379141
"Şişli, İstanbul, Turkey",Şişli,Sisli,Istanbul,Turkey,TR,Point,"[28.99616, 41.05978]",False,21382912
"Barcelona, Catalunya, Spain",Sants-Montjuïc,Sants,Barcelona,Spain,ES,Point,"[2.13676, 41.38121]",False,21389251
"Kihei, HI, United States",Maui,Kihei-Makena,Maui,United States,US,Point,"[-156.45783, 20.7619]",False,21395598
"Lantau, New Territories, Hong Kong",,Islands,Hong Kong,Hong Kong,HK,Point,"[113.95479, 22.23542]",False,21406716
"New York, NY, United States",Harlem,Harlem,New York,United States,US,Point,"[-73.95353, 40.81968]",True,2141667
"Pyrmont, Australia",Pyrmont,Sydney,Sydney,Australia,AU,Point,"[151.19355, -33.86632]",True,21421463
"Surry Hills, NSW, Australia",Surry Hills,Sydney,Sydney,Australia,AU,Point,"[151.21005, -33.88883]",True,21426586
"Lahaina, HI, United States",Lahaina,Lahaina,Maui,United States,US,Point,"[-156.67402, 20.87291]",True,2142754
"Brooklyn, NY, United States",Brooklyn,Bedford-Stuyvesant,New York,United States,US,Point,"[-73.94368, 40.68602]",True,21428625
"Hong Kong, Hong Kong",Central & Western District,Central & Western,Hong Kong,Hong Kong,HK,Point,"[114.14373, 22.28628]",False,21430389
"New York, NY, United States",Manhattan,Hell's Kitchen,New York,United States,US,Point,"[-73.98324, 40.76673]",True,21440587
"Hong Kong, Hong Kong Island, Hong Kong",Central & Western District,Central & Western,Hong Kong,Hong Kong,HK,Point,"[114.15104, 22.28583]",True,21441057
"Randwick, NSW, Australia",Randwick,Randwick,Sydney,Australia,AU,Point,"[151.24671, -33.90454]",True,21451259
"Fatih, İstanbul, Turkey",Fatih,Fatih,Istanbul,Turkey,TR,Point,"[28.97113, 41.00438]",True,21493665
"Beylikdüzü Osb, İstanbul, Turkey",,Avcilar,Istanbul,Turkey,TR,Point,"[28.69811, 41.00188]",False,21497042
"Montréal, Québec, Canada",Downtown Montreal,Ville-Marie,Montreal,Canada,CA,Point,"[-73.56466, 45.50362]",True,21501614
"Manly, NSW, Australia",Manly,Manly,Sydney,Australia,AU,Point,"[151.28537, -33.79054]",True,21507285
"Montréal, QC, Canada",Le Plateau-Mont-Royal,Le Plateau-Mont-Royal,Montreal,Canada,CA,Point,"[-73.57365, 45.53145]",False,21511027
"Porto, Porto, Portugal",,"Cedofeita, Ildefonso, Sé, Miragaia, Nicolau, Vitória",Porto,Portugal,PT,Point,"[-8.62062, 41.14488]",False,21514017
"Brooklyn, NY, United States",Bedford-Stuyvesant,Bedford-Stuyvesant,New York,United States,US,Point,"[-73.94626, 40.68922]",True,2151479
"Honolulu, HI, United States",Kaimuki,Primary Urban Center,Oahu,United States,US,Point,"[-157.80199, 21.28063]",True,21519013
"Barcelona, Catalunya, Spain",El Poble-sec,el Poble Sec,Barcelona,Spain,ES,Point,"[2.1645, 41.37343]",True,21522442
"Porto, Grande Porto, Portugal",,Bonfim,Porto,Portugal,PT,Point,"[-8.6018, 41.14861]",False,21523368
"Barcelona, Catalonia, Spain",Sant Martí,Diagonal Mar i el Front Marítim del Poblenou,Barcelona,Spain,ES,Point,"[2.21403, 41.40434]",True,2152426
"Beyoğlu, İstanbul, Turkey",Beyoglu,Beyoglu,Istanbul,Turkey,TR,Point,"[28.98195, 41.02808]",False,21526172
"Porto, Porto, Portugal",,"Cedofeita, Ildefonso, Sé, Miragaia, Nicolau, Vitória",Porto,Portugal,PT,Point,"[-8.61166, 41.15184]",False,21526718
"Annandale, NSW, Australia",Annandale/Leichhardt,Leichhardt,Sydney,Australia,AU,Point,"[151.17142, -33.8844]",True,21530399
"Erskineville, NSW, Australia",Erskineville,Sydney,Sydney,Australia,AU,Point,"[151.18805, -33.89864]",True,21531457
"Brooklyn, NY, United States",Williamsburg,Williamsburg,New York,United States,US,Point,"[-73.96351, 40.71587]",True,2153435
"Montréal, Québec, Canada",Le Plateau-Mont-Royal,Le Plateau-Mont-Royal,Montreal,Canada,CA,Point,"[-73.5851, 45.53195]",True,21536635
"Beşiktaş, İstanbul, Turkey",Ortaköy,Besiktas,Istanbul,Turkey,TR,Point,"[29.02181, 41.05381]",False,21537425
"Honolulu, HI, United States",Oʻahu,Primary Urban Center,Oahu,United States,US,Point,"[-157.82482, 21.27579]",True,21541451
"Hong Kong, Hong Kong Island, Hong Kong",Causeway Bay,Wan Chai,Hong Kong,Hong Kong,HK,Point,"[114.18319, 22.28099]",False,21544362
"Porto, Porto, Portugal",,"Cedofeita, Ildefonso, Sé, Miragaia, Nicolau, Vitória",Porto,Portugal,PT,Point,"[-8.61247, 41.14513]",False,21544538
"Rio, Rio de Janeiro, Brazil",Botafogo,Botafogo,Rio De Janeiro,Brazil,BR,Point,"[-43.17576132873204, -22.952301437846344]",False,2155733
"Barcelona, Cataluña, Spain",El Poble-sec,el Poble Sec,Barcelona,Spain,ES,Point,"[2.16658, 41.37282]",True,21563508
"Marrickville, NSW, Australia",Marrickville,Marrickville,Sydney,Australia,AU,Point,"[151.15874, -33.91262]",False,21568012
"Hong Kong Island, Hong Kong Island, Hong Kong",Wan Chai,Wan Chai,Hong Kong,Hong Kong,HK,Point,"[114.16947, 22.27717]",False,21571388
"Rio de Janeiro, RJ, Brazil",Jardim Botânico,Jardim Botânico,Rio De Janeiro,Brazil,BR,Point,"[-43.21830263650278, -22.96519427083948]",False,2157376
"Campsie, NSW, Australia",Campsie,Canterbury,Sydney,Australia,AU,Point,"[151.10888, -33.91235]",True,21583253
"Artarmon, NSW, Australia",Artarmon,Willoughby,Sydney,Australia,AU,Point,"[151.18731, -33.81257]",True,21583732
"Porto, Porto, Portugal",,Paranhos,Porto,Portugal,PT,Point,"[-8.59182, 41.16912]",True,21584236
"Pāhoa, HI, United States",Island of Hawaiʻi,Puna,The Big Island,United States,US,Point,"[-154.93037, 19.3994]",True,21584327
"Hong Kong, Hong Kong Island, Hong Kong",Central & Western District,Central & Western,Hong Kong,Hong Kong,HK,Point,"[114.14937, 22.28814]",True,21584362
"Hong Kong, Hong Kong Island, Hong Kong",Southern District,Southern,Hong Kong,Hong Kong,HK,Point,"[114.22241, 22.24811]",False,21588050
"New York, NY, United States",Manhattan,East Village,New York,United States,US,Point,"[-73.98437, 40.72671]",True,2159898
"Hōlualoa, HI, United States",Island of Hawaiʻi,North Kona,The Big Island,United States,US,Point,"[-155.96322, 19.67365]",True,2160805
"Bondi Beach, NSW, Australia",North Bondi,Waverley,Sydney,Australia,AU,Point,"[151.28347, -33.89228]",False,21612701
"Manly, NSW, Australia",Fairlight,Manly,Sydney,Australia,AU,Point,"[151.27924, -33.79599]",True,21612973
"Hong Kong, Kowloon, Hong Kong",Yau Tsim Mong,Yau Tsim Mong,Hong Kong,Hong Kong,HK,Point,"[114.17082, 22.3043]",False,2161352
"Hong Kong, New Territories, Hong Kong",,Islands,Hong Kong,Hong Kong,HK,Point,"[113.93124, 22.22772]",True,21619355
"Sydney, NSW, Australia",Maroubra,Randwick,Sydney,Australia,AU,Point,"[151.2557, -33.9455]",True,2161945
"Porto, Porto, Portugal",,Bonfim,Porto,Portugal,PT,Point,"[-8.60005, 41.14891]",False,21624000
"Clareville, NSW, Australia",Avalon,Pittwater,Sydney,Australia,AU,Point,"[151.31235, -33.63588]",True,21625832
"Eyüp, İstanbul, Turkey",Beyoglu,Eyup,Istanbul,Turkey,TR,Point,"[28.94294, 41.05925]",False,21631729
"Rio, Rio de Janeiro, Brazil",,Ipanema,Rio De Janeiro,Brazil,BR,Point,"[-43.21103431782641, -22.98385851223473]",True,2163225
"纽约, NY, United States",Queens,Flushing,New York,United States,US,Point,"[-73.82287, 40.75856]",False,21632846
"Bondi Beach, NSW, Australia",Bondi Beach,Waverley,Sydney,Australia,AU,Point,"[151.2724, -33.89243]",True,21637487
"Mongkok , Kowloon, Hong Kong",Yau Tsim Mong,Yau Tsim Mong,Hong Kong,Hong Kong,HK,Point,"[114.1657, 22.3237]",False,21641743
"Honolulu, HI, United States",Kaimuki,Primary Urban Center,Oahu,United States,US,Point,"[-157.79265, 21.28101]",True,21641801
"Castle Hill, NSW, Australia",,The Hills Shire,Sydney,Australia,AU,Point,"[151.0034, -33.72709]",False,21648743
"Zetland, NSW, Australia",Zetland,Sydney,Sydney,Australia,AU,Point,"[151.21087, -33.90603]",True,21648821
"Barcelona, Catalunya, Spain",Sant Gervasi - Galvany,Sant Gervasi - Galvany,Barcelona,Spain,ES,Point,"[2.13911, 41.40216]",True,21652885
"Şişli, İstanbul, Turkey",Şişli,Sisli,Istanbul,Turkey,TR,Point,"[28.98611, 41.04295]",False,21654414
"Vila Nova de Gaia, Porto, Portugal",,Santa Marinha e São Pedro da Afurada,Porto,Portugal,PT,Point,"[-8.62536, 41.14151]",True,21662064
"Montréal, Québec, Canada",Montréal-Nord,Montréal-Nord,Montreal,Canada,CA,Point,"[-73.61619, 45.61603]",True,21664003
"New York, NY, United States",East Village,East Village,New York,United States,US,Point,"[-73.98152, 40.73014]",True,21669322
"Porto, Porto, Portugal",,"Cedofeita, Ildefonso, Sé, Miragaia, Nicolau, Vitória",Porto,Portugal,PT,Point,"[-8.61479, 41.14377]",True,21670822
"Brooklyn, NY, United States",Brooklyn,Bedford-Stuyvesant,New York,United States,US,Point,"[-73.94557, 40.68717]",True,21672349
"Hong Kong, Kowloon, Hong Kong",Jordan,Yau Tsim Mong,Hong Kong,Hong Kong,HK,Point,"[114.16981, 22.30765]",False,21675318
"Lahaina, HI, United States",Maui,Lahaina,Maui,United States,US,Point,"[-156.67633, 20.87506]",True,216766
"Montréal, Québec, Canada",Quartier des Spectacles,Ville-Marie,Montreal,Canada,CA,Point,"[-73.56128, 45.51037]",True,21680190
"Tamarama, NSW, Australia",Tamarama,Waverley,Sydney,Australia,AU,Point,"[151.2698, -33.89855]",True,21684913
"Hong Kong, Kowloon, Hong Kong",Kowloon City,Kowloon City,Hong Kong,Hong Kong,HK,Point,"[114.18577, 22.30863]",True,21686404
"Beşiktaş, İstanbul, Turkey",Beşiktaş,Besiktas,Istanbul,Turkey,TR,Point,"[29.00531, 41.04544]",False,21686582
"Kihei, HI, United States",Maui,Kihei-Makena,Maui,United States,US,Point,"[-156.4426, 20.71134]",True,21702142
"Kailua, HI, United States",Oʻahu,Koolaupoko,Oahu,United States,US,Point,"[-157.74463, 21.41425]",True,21702934
"Mosman, NSW, Australia",Mosman,Mosman,Sydney,Australia,AU,Point,"[151.24256, -33.81529]",True,21704747
"Porto, Porto, Portugal",,"Cedofeita, Ildefonso, Sé, Miragaia, Nicolau, Vitória",Porto,Portugal,PT,Point,"[-8.6109, 41.15469]",False,21711468
"Curl Curl, NSW, Australia",,Warringah,Sydney,Australia,AU,Point,"[151.28634, -33.76776]",True,21716100
"Porto, Porto, Portugal",,"Cedofeita, Ildefonso, Sé, Miragaia, Nicolau, Vitória",Porto,Portugal,PT,Point,"[-8.61051, 41.15615]",True,21739859
"Porto, Porto, Portugal",,"Aldoar, Foz do Douro e Nevogilde",Porto,Portugal,PT,Point,"[-8.66703, 41.16774]",True,21746886
"Póvoa de Varzim, Porto, Portugal",,"Póvoa de Varzim, Beiriz e Argivai",Porto,Portugal,PT,Point,"[-8.75491, 41.37744]",True,21761990
"Porto, Porto, Portugal",,"Cedofeita, Ildefonso, Sé, Miragaia, Nicolau, Vitória",Porto,Portugal,PT,Point,"[-8.60645, 41.15086]",True,21762139
"Eastwood, NSW, Australia",,Parramatta,Sydney,Australia,AU,Point,"[151.0716, -33.78411]",False,21768317
"Montréal, Québec, Canada",Villeray-Saint-Michel-Parc-Extension,Villeray-Saint-Michel-Parc-Extension,Montreal,Canada,CA,Point,"[-73.62968, 45.52952]",True,21786064
"Vila Nova de Gaia, Porto, Portugal",,Mafamude e Vilar do Paraíso,Porto,Portugal,PT,Point,"[-8.6102, 41.11905]",False,21795489
"Montréal, Québec, Canada",Downtown Montreal,Ville-Marie,Montreal,Canada,CA,Point,"[-73.56243, 45.50377]",True,21796094
"Porto, Porto, Portugal",,Lordelo do Ouro e Massarelos,Porto,Portugal,PT,Point,"[-8.63163, 41.1577]",True,21807569
"Waterloo, NSW, Australia",Waterloo,Sydney,Sydney,Australia,AU,Point,"[151.21345, -33.90017]",False,21815026
"Beyoğlu, İstanbul, Turkey",Beyoglu,Beyoglu,Istanbul,Turkey,TR,Point,"[28.98064, 41.03381]",False,21816095
"Porto, Porto, Portugal",,Bonfim,Porto,Portugal,PT,Point,"[-8.59679, 41.15752]",True,218191
"Hong Kong, Kowloon, Hong Kong",Mong Kok,Yau Tsim Mong,Hong Kong,Hong Kong,HK,Point,"[114.16976, 22.32301]",True,21819120
"İstanbul, Kağıthane, Turkey",,Sariyer,Istanbul,Turkey,TR,Point,"[28.9937, 41.17387]",False,21822223
"Hong Kong, Kowloon, Hong Kong",Mong Kok,Yau Tsim Mong,Hong Kong,Hong Kong,HK,Point,"[114.17082, 22.31445]",False,21832585
"Gávea, Rio de Janeiro, Brazil",,Gávea,Rio De Janeiro,Brazil,BR,Point,"[-43.23529129295523, -22.979171475150135]",False,21836642
"Hong Kong Island, 香港島, Hong Kong",Quarry Bay,Eastern,Hong Kong,Hong Kong,HK,Point,"[114.20811, 22.29039]",False,21842369
"Beyoğlu, İstanbul, Turkey",Taksim,Beyoglu,Istanbul,Turkey,TR,Point,"[28.97784, 41.03702]",True,21842463
"HK, Hong Kong",,Sai Kung,Hong Kong,Hong Kong,HK,Point,"[114.28646, 22.30479]",False,21844107
"Barcelona, Catalunya, Spain",Horta-Guinardó,el Baix Guinardó,Barcelona,Spain,ES,Point,"[2.17232, 41.41188]",False,21844137
"Barcelona, Catalunya, Spain",Sarrià-Sant Gervasi,Sant Gervasi - la Bonanova,Barcelona,Spain,ES,Point,"[2.12807, 41.40666]",False,21848831
"Waterloo, NSW, Australia",Waterloo,Sydney,Sydney,Australia,AU,Point,"[151.20798, -33.89819]",False,21851474
"Montréal, Québec, Canada",Cote-des-Neiges-Notre-Dame-de-Grace,Côte-des-Neiges-Notre-Dame-de-Grâce,Montreal,Canada,CA,Point,"[-73.6295, 45.49771]",True,21853819
"Montréal, Québec, Canada",Le Plateau-Mont-Royal,Le Plateau-Mont-Royal,Montreal,Canada,CA,Point,"[-73.57165, 45.53446]",True,21865684
"Montréal, Québec, Canada",Downtown Montreal,Ville-Marie,Montreal,Canada,CA,Point,"[-73.57712, 45.49131]",True,21865942
"Rio, Rio de Janeiro, Brazil",Tijuca,Tijuca,Rio De Janeiro,Brazil,BR,Point,"[-43.22026380561493, -22.923226245406838]",True,2187155
"Brooklyn, NY, United States",Flatlands,Flatlands,New York,United States,US,Point,"[-73.94071, 40.62857]",True,21871576
"Rio, Rio de Janeiro, Brazil",Copacabana,Copacabana,Rio De Janeiro,Brazil,BR,Point,"[-43.17568838612593, -22.96029524923354]",True,2187573
"Porto, Porto District, Portugal",,"Cedofeita, Ildefonso, Sé, Miragaia, Nicolau, Vitória",Porto,Portugal,PT,Point,"[-8.61632, 41.14118]",True,2187610
"Aveiro, Aveiro, Portugal",,"Lobão, Gião, Louredo e Guisande",Porto,Portugal,PT,Point,"[-8.45777, 40.98082]",True,21883829
"North Bondi, NSW, Australia",North Bondi,Waverley,Sydney,Australia,AU,Point,"[151.26978, -33.88233]",True,21884466
"Strathfield, NSW, Australia",Strathfield,Canada Bay,Sydney,Australia,AU,Point,"[151.0915, -33.86595]",True,21884991
"causeway bay , causeway bay, Hong Kong",Wan Chai District,Wan Chai,Hong Kong,Hong Kong,HK,Point,"[114.18395, 22.27666]",False,21893035
"Porto, Porto, Portugal",,"Cedofeita, Ildefonso, Sé, Miragaia, Nicolau, Vitória",Porto,Portugal,PT,Point,"[-8.60868, 41.14656]",True,21895438
"Montreal, QC, Canada",Le Plateau-Mont-Royal,Le Plateau-Mont-Royal,Montreal,Canada,CA,Point,"[-73.57893, 45.51696]",True,21897602
"Barcelona, Cataluña, Catalonia, Spain",Sants-Montjuïc,el Poble Sec,Barcelona,Spain,ES,Point,"[2.16033, 41.37128]",True,2190616
"Roseville, NSW, Australia",Chatswood,Willoughby,Sydney,Australia,AU,Point,"[151.18159, -33.78727]",True,21920190
"Fatih, İstanbul, Turkey",Fatih,Fatih,Istanbul,Turkey,TR,Point,"[28.97586, 41.01454]",False,21929645
"Brooklyn, NY, United States",Brooklyn,Williamsburg,New York,United States,US,Point,"[-73.9419, 40.7023]",True,21934202
"Montréal, Québec, Canada",Le Plateau,Le Plateau-Mont-Royal,Montreal,Canada,CA,Point,"[-73.57321, 45.51384]",True,21934440
"Bardwell Park, NSW, Australia",Bardwell Park,Rockdale,Sydney,Australia,AU,Point,"[151.12352, -33.93258]",False,21936741
"Surry Hills, NSW, Australia",Surry Hills,Sydney,Sydney,Australia,AU,Point,"[151.21718, -33.88653]",True,21939239
"Hilo, HI, United States",Hilo,South Hilo,The Big Island,United States,US,Point,"[-155.09374, 19.75874]",True,21946009
"Montréal, Québec, Canada",Le Plateau-Mont-Royal,Le Plateau-Mont-Royal,Montreal,Canada,CA,Point,"[-73.56405, 45.53504]",True,21947380
"Kartal, İstanbul, Turkey",,Kartal,Istanbul,Turkey,TR,Point,"[29.18833, 40.90591]",False,21954331
"Hong Kong, Hong Kong Island, Hong Kong",Central & Western District,Central & Western,Hong Kong,Hong Kong,HK,Point,"[114.15208, 22.27943]",True,21956266
"New Territories, New Territories, Hong Kong",,North,Hong Kong,Hong Kong,HK,Point,"[114.13928, 22.4926]",False,21968496
"Hong Kong, Kowloon, Hong Kong",Ho Man Tin,Kowloon City,Hong Kong,Hong Kong,HK,Point,"[114.17658, 22.31579]",True,21970465
"North Curl Curl, NSW, Australia",,Warringah,Sydney,Australia,AU,Point,"[151.28331, -33.76099]",True,21971876
"Hong Kong, Hong Kong Island, Hong Kong",Central & Western District,Central & Western,Hong Kong,Hong Kong,HK,Point,"[114.1522, 22.28236]",True,21974572
"銅鑼灣, 香港島, Hong Kong",Causeway Bay,Wan Chai,Hong Kong,Hong Kong,HK,Point,"[114.18302, 22.27821]",False,21975808
"Barcelona, Catalunya, Spain",Ciutat Vella,"Sant Pere, Santa Caterina i la Ribera",Barcelona,Spain,ES,Point,"[2.18094, 41.38717]",True,21976308
"Montreal, QC, Canada",Downtown Montreal,Ville-Marie,Montreal,Canada,CA,Point,"[-73.55597, 45.51887]",True,21977972
"Porto, Porto, Portugal",,"Cedofeita, Ildefonso, Sé, Miragaia, Nicolau, Vitória",Porto,Portugal,PT,Point,"[-8.60927, 41.15445]",False,21982406
"Vaucluse, NSW, Australia",Vaucluse/Watsons Bay,Woollahra,Sydney,Australia,AU,Point,"[151.27716, -33.85372]",True,21983555
"Hong Kong, Hong Kong Island, Hong Kong",Sheung Wan,Central & Western,Hong Kong,Hong Kong,HK,Point,"[114.1496, 22.28451]",True,21986801
"Hong Kong, Hong Kong Island, Hong Kong",Kennedy Town,Central & Western,Hong Kong,Hong Kong,HK,Point,"[114.12818, 22.28038]",True,21987106
"Wolli Creek, NSW, Australia",Wolli Creek,Rockdale,Sydney,Australia,AU,Point,"[151.14975, -33.93548]",True,21988560
"Porto, Porto, Portugal",,São Mamede de Infesta e Senhora da Hora,Porto,Portugal,PT,Point,"[-8.636, 41.18221]",True,21989302
"Barcelona, Catalunya, Spain",Ciutat Vella,el Barri Gòtic,Barcelona,Spain,ES,Point,"[2.1795, 41.3791]",True,21992735
"Sydney, NSW, Australia",Surry Hills,Sydney,Sydney,Australia,AU,Point,"[151.21, -33.87893]",True,21992856
"New York, NY, United States",Hell's Kitchen,Hell's Kitchen,New York,United States,US,Point,"[-73.99219, 40.76396]",True,21998466
"Watsons Bay, NSW, Australia",Vaucluse/Watsons Bay,Woollahra,Sydney,Australia,AU,Point,"[151.2792, -33.84018]",True,21999107
"Bondi Beach, NSW, Australia",Bondi Beach,Waverley,Sydney,Australia,AU,Point,"[151.26674, -33.88897]",True,22005432
"Barcelona, Catalunya, Spain",Sants-Montjuïc,Sants - Badal,Barcelona,Spain,ES,Point,"[2.12439, 41.37454]",False,22005538
"Porto, Porto, Portugal",,Lordelo do Ouro e Massarelos,Porto,Portugal,PT,Point,"[-8.6506, 41.14876]",True,22006891
"Şişli, İstanbul, Turkey",Şişli,Sisli,Istanbul,Turkey,TR,Point,"[28.9937, 41.05573]",False,22014353
"Montréal, Québec, Canada",Old Port,Ville-Marie,Montreal,Canada,CA,Point,"[-73.55211, 45.50787]",True,22015226
"Bondi Beach, NSW, Australia",Bondi Beach,Waverley,Sydney,Australia,AU,Point,"[151.27321, -33.89372]",True,22020910
"Barcelona, Catalunya, Spain",Sant Martí,el Camp de l'Arpa del Clot,Barcelona,Spain,ES,Point,"[2.18496, 41.41015]",True,22042206
"Shenzhen Shi, Guangdong Sheng, China",,North,Hong Kong,China,CN,Point,"[114.0877, 22.5302]",True,22042558
"Barra da Tijuca, Rio de Janeiro, Brazil",Barra da Tijuca,Barra da Tijuca,Rio De Janeiro,Brazil,BR,Point,"[-43.3294077147465, -23.011459700518376]",True,22058660
"New York, NY, United States",Lower East Side,Chinatown,New York,United States,US,Point,"[-73.99239, 40.71467]",True,22060712
"New York, NY, United States",Manhattan,Midtown,New York,United States,US,Point,"[-73.96781, 40.75701]",True,2206311
"Montréal, Québec, Canada",Le Plateau,Le Plateau-Mont-Royal,Montreal,Canada,CA,Point,"[-73.56745, 45.53532]",True,22066860
"Mount Colah, NSW, Australia",,Hornsby,Sydney,Australia,AU,Point,"[151.12125, -33.6674]",True,22068048
"Soho, Hong Kong Island, Hong Kong",Central & Western District,Central & Western,Hong Kong,Hong Kong,HK,Point,"[114.15154, 22.27993]",False,22075258
"Porto, Porto, Portugal",,"Cedofeita, Ildefonso, Sé, Miragaia, Nicolau, Vitória",Porto,Portugal,PT,Point,"[-8.60595, 41.14511]",False,22085738
"Barcelona, Catalunya, Spain",Sants-Montjuïc,Hostafrancs,Barcelona,Spain,ES,Point,"[2.14344, 41.37483]",False,22094381
"New York, NY, United States",Alphabet City,East Village,New York,United States,US,Point,"[-73.97901, 40.72229]",False,220946
"New York, NY, United States",Upper West Side,Upper West Side,New York,United States,US,Point,"[-73.97348, 40.78616]",True,2210041
"Hong Kong, New Territories, Hong Kong",,Islands,Hong Kong,Hong Kong,HK,Point,"[113.94326, 22.29258]",False,22101558
"Emu Heights, NSW, Australia",,Penrith,Sydney,Australia,AU,Point,"[150.65194, -33.71722]",False,22105082
"Brooklyn, NY, United States",Brooklyn,Bedford-Stuyvesant,New York,United States,US,Point,"[-73.94153, 40.68152]",True,22108306
"Vaucluse, NSW, Australia",Vaucluse/Watsons Bay,Waverley,Sydney,Australia,AU,Point,"[151.28069, -33.86307]",False,22108888
"Newport, NSW, Australia",,Pittwater,Sydney,Australia,AU,Point,"[151.3216, -33.66479]",False,22123688
"Sydney, NSW, Australia",Central Business District,Sydney,Sydney,Australia,AU,Point,"[151.20425, -33.86297]",True,22124796
"Hong Kong, Hong Kong Island, Hong Kong",Central & Western District,Central & Western,Hong Kong,Hong Kong,HK,Point,"[114.14861, 22.28552]",True,22125894
"Montréal, Québec, Canada",Le Plateau-Mont-Royal,Le Plateau-Mont-Royal,Montreal,Canada,CA,Point,"[-73.58899, 45.52856]",False,22130088
"Rio de Janeiro, Rio de Janeiro, Brazil",Barra da Tijuca,Barra da Tijuca,Rio De Janeiro,Brazil,BR,Point,"[-43.34366862122735, -23.01010957402265]",True,2213067
"Kowloon, Kowloon, Hong Kong",Yau Tsim Mong,Yau Tsim Mong,Hong Kong,Hong Kong,HK,Point,"[114.17077, 22.31849]",False,22131624
"Beyoğlu, İstanbul, Turkey",Karaköy,Beyoglu,Istanbul,Turkey,TR,Point,"[28.97546, 41.03177]",False,22134640
"New York, NY, United States",Manhattan,Harlem,New York,United States,US,Point,"[-73.94092, 40.82547]",False,22139932
"New York, NY, United States",Chelsea,Chelsea,New York,United States,US,Point,"[-73.99647, 40.75003]",True,22144662
"Hong Kong, Kowloon, Hong Kong",Yau Tsim Mong,Yau Tsim Mong,Hong Kong,Hong Kong,HK,Point,"[114.1702, 22.31705]",True,22145240
"Montréal, QC, Canada",Cote-des-Neiges-Notre-Dame-de-Grace,Côte-des-Neiges-Notre-Dame-de-Grâce,Montreal,Canada,CA,Point,"[-73.61068, 45.47443]",False,22145277
"Honolulu, HI, United States",Honolulu,Primary Urban Center,Oahu,United States,US,Point,"[-157.86021, 21.30823]",True,22148252
"Darling Point, NSW, Australia",Darling Point,Woollahra,Sydney,Australia,AU,Point,"[151.23584, -33.87581]",False,22153101
"Barcelona, Catalunya, Spain",Ciutat Vella,el Raval,Barcelona,Spain,ES,Point,"[2.17343, 41.38084]",True,22155071
"Brooklyn, NY, United States",Williamsburg,Williamsburg,New York,United States,US,Point,"[-73.94029, 40.7077]",True,22161352
"Brooklyn, NY, United States",Crown Heights,Crown Heights,New York,United States,US,Point,"[-73.95831, 40.6697]",True,22164073
"Brooklyn, NY, United States",Brooklyn,Bushwick,New York,United States,US,Point,"[-73.92867, 40.70039]",True,2216470
"Crows Nest, NSW, Australia",Crows Nest,North Sydney,Sydney,Australia,AU,Point,"[151.20138, -33.82616]",True,22165464
"Copacabana, Rio de Janeiro, Brazil",Copacabana,Copacabana,Rio De Janeiro,Brazil,BR,Point,"[-43.192394114527616, -22.97494827925532]",False,22172210
"Brooklyn, NY, United States",Bedford-Stuyvesant,Bedford-Stuyvesant,New York,United States,US,Point,"[-73.93705, 40.69414]",True,22175297
"Bronx, NY, United States",The Bronx,Williamsbridge,New York,United States,US,Point,"[-73.86347, 40.8785]",True,22179180
"Bondi Beach, NSW, Australia",Bondi Beach,Waverley,Sydney,Australia,AU,Point,"[151.27776, -33.88856]",False,22180812
"Hong Kong, Hong Kong Island, Hong Kong",Wan Chai District,Wan Chai,Hong Kong,Hong Kong,HK,Point,"[114.18205, 22.27684]",True,22180943
"Mosman, NSW, Australia",Mosman,Mosman,Sydney,Australia,AU,Point,"[151.23254, -33.82686]",True,22182168
"Barcelona, Catalunya, Spain",Sants-Montjuïc,el Poble Sec,Barcelona,Spain,ES,Point,"[2.15565, 41.37386]",True,22182637
"Póvoa de Varzim, Porto, Portugal",,"Póvoa de Varzim, Beiriz e Argivai",Porto,Portugal,PT,Point,"[-8.75607, 41.37701]",False,22188738
"New York, NY, United States",Manhattan,Harlem,New York,United States,US,Point,"[-73.95261, 40.81244]",True,22191831
"Montréal, Québec, Canada",Mercier-Hochelaga-Maisonneuve,Mercier-Hochelaga-Maisonneuve,Montreal,Canada,CA,Point,"[-73.53891, 45.5786]",True,22192465
"Bondi Beach, NSW, Australia",Bondi Beach,Waverley,Sydney,Australia,AU,Point,"[151.27351, -33.88922]",False,22196878
"Bilgola Plateau, NSW, Australia",Avalon,Pittwater,Sydney,Australia,AU,Point,"[151.31783, -33.64421]",True,22198157
"Porto, Porto, Portugal",,"Cedofeita, Ildefonso, Sé, Miragaia, Nicolau, Vitória",Porto,Portugal,PT,Point,"[-8.61464, 41.15224]",True,22199192
"Barcelona, Catalunya, Spain",Gràcia,la Vila de Gràcia,Barcelona,Spain,ES,Point,"[2.15849, 41.40913]",True,22199234
"Hong Kong, Kowloon, Hong Kong",Mong Kok,Yau Tsim Mong,Hong Kong,Hong Kong,HK,Point,"[114.17045, 22.3139]",False,22200454
"Hong Kong, Hong Kong Island, Hong Kong",Central & Western District,Central & Western,Hong Kong,Hong Kong,HK,Point,"[114.14993, 22.28422]",False,22200645
"BARCELONA, city, Spain",Sants-Montjuïc,el Poble Sec,Barcelona,Spain,ES,Point,"[2.16855, 41.37393]",True,22204642
"Bondi, NSW, Australia",Bondi,Waverley,Sydney,Australia,AU,Point,"[151.26131, -33.89634]",True,22208993
"Montréal, QC, Canada",Hochelaga-Maisonneuve,Ville-Marie,Montreal,Canada,CA,Point,"[-73.55033, 45.53608]",False,22210558
"Hong Kong, Hong Kong Island, Hong Kong",Causeway Bay,Wan Chai,Hong Kong,Hong Kong,HK,Point,"[114.18605, 22.27827]",True,22210575
"Maroubra, NSW, Australia",Maroubra,Randwick,Sydney,Australia,AU,Point,"[151.25741, -33.94568]",True,22216525
"Porto, Porto, Portugal",,"Cedofeita, Ildefonso, Sé, Miragaia, Nicolau, Vitória",Porto,Portugal,PT,Point,"[-8.61246, 41.14945]",True,22224705
"Portuguesa, Rio de Janeiro, Brazil",,Portuguesa,Rio De Janeiro,Brazil,BR,Point,"[-43.20475237067608, -22.80369559925885]",False,22232299
"Surry Hills, NSW, Australia",Surry Hills,Sydney,Sydney,Australia,AU,Point,"[151.21345, -33.8844]",True,22232416
"Surry Hills, NSW, Australia",Surry Hills,Sydney,Sydney,Australia,AU,Point,"[151.21029, -33.88087]",False,22261220
"Manly, NSW, Australia",Manly,Manly,Sydney,Australia,AU,Point,"[151.28704, -33.78924]",True,22265304
"Surry Hills, NSW, Australia",Surry Hills,Sydney,Sydney,Australia,AU,Point,"[151.21229, -33.89048]",False,22265826
"Montréal, Québec, Canada",Le Plateau-Mont-Royal,Le Plateau-Mont-Royal,Montreal,Canada,CA,Point,"[-73.58216, 45.53643]",True,22265832
"Copacabana, Rio de Janeiro, Brazil",Copacabana,Copacabana,Rio De Janeiro,Brazil,BR,Point,"[-43.187293168485795, -22.974836112866804]",False,22266125
"Rose Bay, NSW, Australia",Bellevue Hill,Woollahra,Sydney,Australia,AU,Point,"[151.25834, -33.87482]",True,22268452
"Potts Point, NSW, Australia",Potts Point,Sydney,Sydney,Australia,AU,Point,"[151.22437, -33.87561]",True,22269344
"Hong Kong, Kowloon, Hong Kong",Mong Kok,Kowloon City,Hong Kong,Hong Kong,HK,Point,"[114.17397, 22.32249]",True,22277833
"Rhodes, NSW, Australia",Rhodes,Canada Bay,Sydney,Australia,AU,Point,"[151.08417, -33.82808]",True,22282797
"Kailua, HI, United States",Oʻahu,Koolaupoko,Oahu,United States,US,Point,"[-157.73252, 21.3938]",True,2228741
"Centro, Rio de Janeiro, Brazil",Centro,Saúde,Rio De Janeiro,Brazil,BR,Point,"[-43.1829877915535, -22.900572329666712]",False,22287612
"Hong Kong, Hong Kong Island, Hong Kong",Soho,Central & Western,Hong Kong,Hong Kong,HK,Point,"[114.15137, 22.28196]",True,2228863
"Manly, NSW, Australia",Manly,Manly,Sydney,Australia,AU,Point,"[151.2893, -33.80665]",True,22295090
"Leichhardt, NSW, Australia",Annandale/Leichhardt,Leichhardt,Sydney,Australia,AU,Point,"[151.15151, -33.88792]",False,22295354
"Potts Point, NSW, Australia",Potts Point,Sydney,Sydney,Australia,AU,Point,"[151.2249, -33.87364]",False,22295401
"North Bondi, NSW, Australia",North Bondi,Waverley,Sydney,Australia,AU,Point,"[151.27945, -33.88432]",True,22295843
"Forest Lodge, NSW, Australia",Forest Lodge,Sydney,Sydney,Australia,AU,Point,"[151.18283, -33.88448]",False,22296970
"Kings Langley, NSW, Australia",,Blacktown,Sydney,Australia,AU,Point,"[150.93016, -33.74899]",True,22297561
"Edgecliff, NSW, Australia",Double Bay,Woollahra,Sydney,Australia,AU,Point,"[151.23883, -33.87782]",False,22304343
"Surry Hills, NSW, Australia",Surry Hills,Sydney,Sydney,Australia,AU,Point,"[151.21344, -33.88457]",False,22307086
"Rhodes, NSW, Australia",Rhodes,Canada Bay,Sydney,Australia,AU,Point,"[151.08448, -33.8273]",True,22308267
"Coogee, NSW, Australia",Coogee,Randwick,Sydney,Australia,AU,Point,"[151.25625, -33.91676]",True,22308786
"Barcelona, Catalonia, Spain",Ciutat Vella,el Raval,Barcelona,Spain,ES,Point,"[2.16375, 41.37956]",False,2231059
"Rio de Janeiro, Rio de Janeiro, Brazil",Flamengo,Flamengo,Rio De Janeiro,Brazil,BR,Point,"[-43.174591931700924, -22.937286676508734]",True,223200
"Hong Kong, Kowloon, Hong Kong",Yau Tsim Mong,Yau Tsim Mong,Hong Kong,Hong Kong,HK,Point,"[114.16841, 22.32441]",True,22322057
"Kingsford, NSW, Australia",Kingsford,Randwick,Sydney,Australia,AU,Point,"[151.23178, -33.92575]",True,22323221
"North Sydney, NSW, Australia",North Sydney,North Sydney,Sydney,Australia,AU,Point,"[151.20538, -33.83904]",True,22335017
"Montréal, Québec, Canada",Old Port,Ville-Marie,Montreal,Canada,CA,Point,"[-73.55506, 45.50624]",True,22336599
"Şişli, İstanbul, Turkey",Şişli,Sisli,Istanbul,Turkey,TR,Point,"[29.00289, 41.07033]",False,22336644
"Rosebery, NSW, Australia",Rosebery,Sydney,Sydney,Australia,AU,Point,"[151.20894, -33.91327]",True,22337456
"Istanbul, İstanbul, Turkey",Kadıköy,Kadikoy,Istanbul,Turkey,TR,Point,"[29.10343, 40.95698]",False,22339946
"Chippendale, NSW, Australia",Chippendale,Sydney,Sydney,Australia,AU,Point,"[151.19807, -33.88777]",True,22341528
"Newtown, NSW, Australia",Newtown/Enmore,Sydney,Sydney,Australia,AU,Point,"[151.18438, -33.89516]",False,22343897
"Palm Beach, NSW, Australia",Palm Beach,Pittwater,Sydney,Australia,AU,Point,"[151.33219, -33.60514]",True,22344471
"Castle Hill, NSW, Australia",,The Hills Shire,Sydney,Australia,AU,Point,"[151.00488, -33.73838]",True,22346270
"Montréal, Québec, Canada",Le Plateau,Le Plateau-Mont-Royal,Montreal,Canada,CA,Point,"[-73.57063, 45.51289]",True,22362074
"Darlinghurst, NSW, Australia",Darlinghurst,Sydney,Sydney,Australia,AU,Point,"[151.21446, -33.87698]",True,22362742
"Wailuku, HI, United States",Maui,Kihei-Makena,Maui,United States,US,Point,"[-156.50856, 20.79371]",True,2236449
"Waterloo, NSW, Australia",Waterloo,Sydney,Sydney,Australia,AU,Point,"[151.20988, -33.90261]",False,22367184
"Barcelona, Catalunya, Spain",Eixample,Sant Antoni,Barcelona,Spain,ES,Point,"[2.15374, 41.37718]",True,22370001
"Hong Kong, Kowloon, Hong Kong",Sham Shui Po District,Sham Shui Po,Hong Kong,Hong Kong,HK,Point,"[114.16515, 22.32895]",True,22370331
"Porto, Porto, Portugal",,"Cedofeita, Ildefonso, Sé, Miragaia, Nicolau, Vitória",Porto,Portugal,PT,Point,"[-8.61373, 41.14066]",True,22374646
"Dollard-des-Ormeaux, Québec, Canada",Dollard-des-Ormeaux,Dollard-des-Ormeaux,Montreal,Canada,CA,Point,"[-73.79539, 45.49149]",True,22376372
"Rushcutters Bay, NSW, Australia",Elizabeth Bay/Rushcutters Bay,Sydney,Sydney,Australia,AU,Point,"[151.22582, -33.87433]",True,22378312
"Barcelona, Catalunya, Spain",Ciutat Vella,"Sant Pere, Santa Caterina i la Ribera",Barcelona,Spain,ES,Point,"[2.17862, 41.38659]",True,22382752
"Copacabana, Rio de Janeiro, Brazil",Copacabana,Copacabana,Rio De Janeiro,Brazil,BR,Point,"[-43.19027208242078, -22.971859234419757]",True,22384305
"Hong Kong, New Territories, Hong Kong",,Islands,Hong Kong,Hong Kong,HK,Point,"[113.99049, 22.21251]",True,22385219
"Brooklyn, NY, United States",Brooklyn,Prospect Heights,New York,United States,US,Point,"[-73.96665, 40.67424]",True,223930
"Porto, Porto, Portugal",,Bonfim,Porto,Portugal,PT,Point,"[-8.59836, 41.14798]",True,22396955
"Gordon, NSW, Australia",,Ku-Ring-Gai,Sydney,Australia,AU,Point,"[151.14834, -33.75452]",False,22410282
"Kings Langley, NSW, Australia",,Blacktown,Sydney,Australia,AU,Point,"[150.91725, -33.74507]",False,22412815
"Recreio dos Bandeirantes, Rio de Janeiro, Brazil",Recreio dos Bandeirantes,Vargem Grande,Rio De Janeiro,Brazil,BR,Point,"[-43.49321846774024, -23.02083419067571]",True,22420791
"Honolulu, HI, United States",Oʻahu,East Honolulu,Oahu,United States,US,Point,"[-157.74931, 21.27853]",False,22452499
"Montréal, Québec, Canada",Rosemont-La Petite-Patrie,Rosemont-La Petite-Patrie,Montreal,Canada,CA,Point,"[-73.60385, 45.52941]",True,22464989
"Vila do Conde, Porto, Portugal",,Vila do Conde,Porto,Portugal,PT,Point,"[-8.75392, 41.35233]",True,22465071
"Valadares, Porto, Portugal",,Gulpilhares e Valadares,Porto,Portugal,PT,Point,"[-8.65394, 41.09343]",True,22479557
"Montréal, Canada",Downtown Montreal,Ville-Marie,Montreal,Canada,CA,Point,"[-73.55857, 45.51776]",True,22496428
"Hong Kong, New Territories, Hong Kong",,Tai Po,Hong Kong,Hong Kong,HK,Point,"[114.17048, 22.45252]",False,22499729
"Sydney, NSW, Australia",Central Business District,Sydney,Sydney,Australia,AU,Point,"[151.20811, -33.87815]",False,22509800
"Koloa, HI, United States",Kauaʻi,Koloa-Poipu,Kauai,United States,US,Point,"[-159.47383, 21.88115]",True,22519067
"Montréal, Québec, Canada",Le Plateau-Mont-Royal,Le Plateau-Mont-Royal,Montreal,Canada,CA,Point,"[-73.57851, 45.52997]",True,22529830
"Drummoyne, NSW, Australia",Drummoyne,Canada Bay,Sydney,Australia,AU,Point,"[151.14545, -33.85484]",False,22530493
"Montréal, Québec, Canada",Downtown Montreal,Ville-Marie,Montreal,Canada,CA,Point,"[-73.58467, 45.49681]",True,22533268
"New York, NY, United States",Manhattan,Tribeca,New York,United States,US,Point,"[-74.00571, 40.7196]",True,2253500
"Hong Kong, Hong Kong Island, Hong Kong",Central & Western District,Central & Western,Hong Kong,Hong Kong,HK,Point,"[114.14896, 22.2838]",True,22535144
"Castle Hill, NSW, Australia",,The Hills Shire,Sydney,Australia,AU,Point,"[150.99986, -33.73109]",False,22536752
"Newtown, NSW, Australia",Newtown/Enmore,Marrickville,Sydney,Australia,AU,Point,"[151.17746, -33.90751]",True,22536824
"Rio de Janeiro, RJ, Brazil",Barra da Tijuca,Barra da Tijuca,Rio De Janeiro,Brazil,BR,Point,"[-43.32757785990409, -23.011402303611757]",False,22548261
"New York, NY, United States",Chelsea,Chelsea,New York,United States,US,Point,"[-73.9994, 40.7444]",True,2255549
"Porto, Porto, Portugal",,Bonfim,Porto,Portugal,PT,Point,"[-8.6018, 41.15604]",True,22569026
"Kowloon, Kowloon, Hong Kong",Yau Tsim Mong,Yau Tsim Mong,Hong Kong,Hong Kong,HK,Point,"[114.16902, 22.31555]",False,22574501
"Montréal, Québec, Canada",Downtown Montreal,Ville-Marie,Montreal,Canada,CA,Point,"[-73.56003, 45.52542]",True,22585112
"Sultanbeyli, İstanbul, Turkey",,Sultanbeyli,Istanbul,Turkey,TR,Point,"[29.26114, 40.97625]",False,22586208
"Honolulu, HI, United States",Oʻahu,Primary Urban Center,Oahu,United States,US,Point,"[-157.82232, 21.27818]",True,22586401
"Montréal, QC, Canada",McGill Ghetto,Le Plateau-Mont-Royal,Montreal,Canada,CA,Point,"[-73.57604, 45.50725]",False,22600065
"Montréal, Québec, Canada",Ahuntsic-Cartierville,Ahuntsic-Cartierville,Montreal,Canada,CA,Point,"[-73.6495, 45.55217]",True,22610083
"Montréal, Québec, Canada",Ahuntsic-Cartierville,Ahuntsic-Cartierville,Montreal,Canada,CA,Point,"[-73.65371, 45.55593]",True,22613522
"Hilo, HI, United States",Island of Hawaiʻi,South Hilo,The Big Island,United States,US,Point,"[-155.08524, 19.68684]",True,22622636
"Beyoğlu, İstanbul, Turkey",Cihangir,Beyoglu,Istanbul,Turkey,TR,Point,"[28.9814, 41.03282]",True,22624198
"Rio, Rio de Janeiro, Brazil",Copacabana,Copacabana,Rio De Janeiro,Brazil,BR,Point,"[-43.17652688267036, -22.961961218731403]",True,2263327
"İstanbul, İstanbul, Turkey",Kadıköy,Kadikoy,Istanbul,Turkey,TR,Point,"[29.06419, 40.99423]",False,22649080
"Barcelona, Catalonia, Spain",Eixample,l'Antiga Esquerra de l'Eixample,Barcelona,Spain,ES,Point,"[2.162, 41.38621]",True,2265321
"Waianae, HI, United States",Leeward Side,Waianae,Oahu,United States,US,Point,"[-158.20469, 21.48223]",False,22654578
"Manly, NSW, Australia",Manly,Manly,Sydney,Australia,AU,Point,"[151.2874, -33.78834]",True,22661818
"Hong Kong Island, Hong Kong Island, Hong Kong",Central & Western District,Central & Western,Hong Kong,Hong Kong,HK,Point,"[114.13941, 22.28661]",False,22665888
"Brooklyn, NY, United States",Brooklyn,Greenpoint,New York,United States,US,Point,"[-73.94076, 40.72537]",True,2267006
"Copacabana, Rio de Janeiro, Brazil",Copacabana,Copacabana,Rio De Janeiro,Brazil,BR,Point,"[-43.18636131559526, -22.970618835546944]",True,22672234
"Montréal, Québec, Canada",Mercier-Hochelaga-Maisonneuve,Mercier-Hochelaga-Maisonneuve,Montreal,Canada,CA,Point,"[-73.53359, 45.55214]",True,22674839
"PAHOA, HI, United States",Island of Hawaiʻi,Puna,The Big Island,United States,US,Point,"[-154.91657, 19.53606]",False,22691928
"Istanbul , İstanbul, Turkey",Şişli,Sisli,Istanbul,Turkey,TR,Point,"[28.98235, 41.04634]",False,22697380
"Kailua-Kona, HI, United States",Kailua/Kona,North Kona,The Big Island,United States,US,Point,"[-155.97716, 19.69976]",True,22706114
"Montréal, Québec, Canada",Le Plateau,Le Plateau-Mont-Royal,Montreal,Canada,CA,Point,"[-73.57203, 45.52191]",True,22707139
"Canterbury, NSW, Australia",Canterbury,Canterbury,Sydney,Australia,AU,Point,"[151.11461, -33.91675]",True,22711366
"Fatih, İstanbul, Turkey",Fatih,Fatih,Istanbul,Turkey,TR,Point,"[28.97814, 41.01498]",True,22716126
"Barra da Tijuca, Rio de Janeiro, Brazil",Barra da Tijuca,Barra da Tijuca,Rio De Janeiro,Brazil,BR,Point,"[-43.41976199613926, -22.997687616294844]",False,2271702
"Montréal, Québec, Canada",La Petite-Patrie,Rosemont-La Petite-Patrie,Montreal,Canada,CA,Point,"[-73.60455, 45.53551]",True,22717303
"Porto, Porto, Portugal",,"Aldoar, Foz do Douro e Nevogilde",Porto,Portugal,PT,Point,"[-8.67456, 41.15297]",True,22730070
"Rio, Rio de Janeiro, Brazil",Santa Teresa,Santa Teresa,Rio De Janeiro,Brazil,BR,Point,"[-43.19058945671261, -22.924244403860058]",True,2274454
"Centro, Rio de Janeiro, Brazil",Santa Teresa,Santa Teresa,Rio De Janeiro,Brazil,BR,Point,"[-43.1862050026487, -22.915795156390473]",True,22773037
"Paddington, NSW, Australia",Paddington,Sydney,Sydney,Australia,AU,Point,"[151.22968, -33.88714]",True,2278444
"Lahaina, HI, United States",Lahaina,Lahaina,Maui,United States,US,Point,"[-156.68665, 20.88171]",False,2279098
"Beyoğlu, İstanbul, Turkey",Cihangir,Beyoglu,Istanbul,Turkey,TR,Point,"[28.98488, 41.035]",False,22792908
"Porto, Porto, Portugal",,"Cedofeita, Ildefonso, Sé, Miragaia, Nicolau, Vitória",Porto,Portugal,PT,Point,"[-8.6134, 41.15167]",True,22811503
"Tsim Sha Tsui, Kowloon, Hong Kong",Tsim Sha Tsui,Yau Tsim Mong,Hong Kong,Hong Kong,HK,Point,"[114.17119, 22.29736]",False,22823671
"Rio, Rio de Janeiro, Brazil",Irajá,Irajá,Rio De Janeiro,Brazil,BR,Point,"[-43.32314337963672, -22.85196551436599]",True,2283492
"Pendik, İstanbul, Turkey",,Pendik,Istanbul,Turkey,TR,Point,"[29.28268, 40.91084]",False,22852449
"Hong Kong, Kowloon, Hong Kong",Kowloon City,Kowloon City,Hong Kong,Hong Kong,HK,Point,"[114.18662, 22.30185]",True,22856113
"Porto, Porto, Portugal",,Lordelo do Ouro e Massarelos,Porto,Portugal,PT,Point,"[-8.6483, 41.15288]",True,22860459
"Hong Kong, Hong Kong Island, Hong Kong",Sheung Wan,Central & Western,Hong Kong,Hong Kong,HK,Point,"[114.15201, 22.28553]",True,22870249
"Honolulu, HI, United States",Oʻahu,Primary Urban Center,Oahu,United States,US,Point,"[-157.83802, 21.2874]",True,22878471
"Üsküdar, İstanbul, Turkey",Üsküdar,Uskudar,Istanbul,Turkey,TR,Point,"[29.0184, 41.01082]",False,22879740
"Maunaloa, HI, United States",Molokaʻi,Molokai,Other (Domestic),United States,US,Point,"[-157.24535, 21.18543]",False,22882443
"Barcelona, Catalunya, Spain",Les Corts,les Corts,Barcelona,Spain,ES,Point,"[2.13539, 41.38778]",True,22891830
"Rio, Rio de Janeiro, Brazil",Santa Teresa,Santa Teresa,Rio De Janeiro,Brazil,BR,Point,"[-43.18590238415861, -22.922411743082233]",True,2290346
"Porto, Porto, Portugal",,"Cedofeita, Ildefonso, Sé, Miragaia, Nicolau, Vitória",Porto,Portugal,PT,Point,"[-8.6136, 41.149]",True,22906280
"Jacarepagua, Rio de Janeiro, Brazil",Barra da Tijuca,Jacarepaguá,Rio De Janeiro,Brazil,BR,Point,"[-43.38677907854566, -22.966354670980976]",True,22906483
"BARCELONA, city, Spain",Guinardó,el Guinardó,Barcelona,Spain,ES,Point,"[2.17461, 41.42355]",False,22919250
"Flamengo, Rio de Janeiro, Brazil",Flamengo,Flamengo,Rio De Janeiro,Brazil,BR,Point,"[-43.17680548663649, -22.936782297663534]",False,22920564
"Montréal, Québec, Canada",Mile End,Le Plateau-Mont-Royal,Montreal,Canada,CA,Point,"[-73.59724, 45.52273]",True,22923322
"Sarıyer, İstanbul, Turkey",Beşiktaş,Sariyer,Istanbul,Turkey,TR,Point,"[29.0531, 41.08793]",True,22926186
"Porto, Porto, Portugal",,"Cedofeita, Ildefonso, Sé, Miragaia, Nicolau, Vitória",Porto,Portugal,PT,Point,"[-8.60262, 41.14956]",False,22936556
"Vila Nova de Gaia, Porto, Portugal",,Santa Marinha e São Pedro da Afurada,Porto,Portugal,PT,Point,"[-8.60762, 41.1393]",False,22938161
"Keaau, HI, United States",Island of Hawaiʻi,Puna,The Big Island,United States,US,Point,"[-154.94161, 19.59916]",True,22942398
"Hong Kong, Hong Kong, Hong Kong",,North,Hong Kong,Hong Kong,HK,Point,"[114.18791, 22.51962]",False,22947339
"Hong Kong, Hong Kong, Hong Kong",,North,Hong Kong,Hong Kong,HK,Point,"[114.20649, 22.5294]",False,22947425
"Barcelona, Catalunya, Spain",Sarrià,Sarrià,Barcelona,Spain,ES,Point,"[2.11271, 41.41055]",False,22949323
"Hong Kong, Kowloon, Hong Kong",Tsim Sha Tsui,Yau Tsim Mong,Hong Kong,Hong Kong,HK,Point,"[114.17289, 22.29665]",True,22949667
"Copacabana, Rio de Janeiro, Brazil",Copacabana,Copacabana,Rio De Janeiro,Brazil,BR,Point,"[-43.190461301652356, -22.976698329213754]",True,22950622
"Rio de Janeiro, RJ, Brazil",Copacabana,Copacabana,Rio De Janeiro,Brazil,BR,Point,"[-43.17961475035171, -22.964090783531653]",False,22952561
"Hong Kong Island, Hong Kong Island, Hong Kong",North Point,Eastern,Hong Kong,Hong Kong,HK,Point,"[114.19668, 22.29154]",False,22952950
"Lahaina, HI, United States",Kaanapali,Lahaina,Maui,United States,US,Point,"[-156.69431, 20.92259]",True,22960273
"Rio, Rio de Janeiro, Brazil",Leme,Leme,Rio De Janeiro,Brazil,BR,Point,"[-43.172452734781075, -22.964267560708254]",False,2296225
"Hong Kong, Kowloon, Hong Kong",Sham Shui Po District,Sham Shui Po,Hong Kong,Hong Kong,HK,Point,"[114.16, 22.32849]",True,22963647
"Grajau, Rio de Janeiro, Brazil",,Grajaú,Rio De Janeiro,Brazil,BR,Point,"[-43.26501071031305, -22.92155058709969]",True,22967401
"Rio, Rio de Janeiro, Brazil",Barra da Tijuca,Barra da Tijuca,Rio De Janeiro,Brazil,BR,Point,"[-43.37196105024481, -23.011392509244757]",True,2297326
"Montréal, QC, Canada",Downtown Montreal,Ville-Marie,Montreal,Canada,CA,Point,"[-73.57628, 45.49798]",False,22973623
"Hong Kong Island, 香港島, Hong Kong",Mid-Levels,Central & Western,Hong Kong,Hong Kong,HK,Point,"[114.15016, 22.28281]",False,22974298
"Barcelona, Catalunya, Spain",Horta-Guinardó,el Guinardó,Barcelona,Spain,ES,Point,"[2.17542, 41.42309]",False,22978545
"New York, NY, United States",Manhattan,Tribeca,New York,United States,US,Point,"[-74.00493, 40.72035]",True,2297951
"Rio, Rio de Janeiro, Brazil",Copacabana,Copacabana,Rio De Janeiro,Brazil,BR,Point,"[-43.185466986809175, -22.972320634618416]",True,2298271
"Hauula, HI, United States",Ko'olauloa,Koolauloa,Oahu,United States,US,Point,"[-157.90846, 21.60677]",True,229954
"Porto, Porto, Portugal",,"Cedofeita, Ildefonso, Sé, Miragaia, Nicolau, Vitória",Porto,Portugal,PT,Point,"[-8.62508, 41.16204]",False,22995937
"Montréal, Québec, Canada",Downtown Montreal,Ville-Marie,Montreal,Canada,CA,Point,"[-73.57121, 45.49706]",True,22998529
"Vila Nova de Gaia, Porto, Portugal",,Santa Marinha e São Pedro da Afurada,Porto,Portugal,PT,Point,"[-8.60689, 41.13647]",True,22999384
"Rio de Janeiro, Rio de Janeiro, Brazil",Ipanema,Ipanema,Rio De Janeiro,Brazil,BR,Point,"[-43.19521073777903, -22.98515768125023]",False,23002294
"Barcelona, Cataluña, Spain",El Bon Pastor,el Bon Pastor,Barcelona,Spain,ES,Point,"[2.20417, 41.43574]",True,23003772
"Vila Nova de Gaia, Porto, Portugal",,Mafamude e Vilar do Paraíso,Porto,Portugal,PT,Point,"[-8.60369, 41.12979]",False,23003982
"Hong Kong, Hong Kong Island, Hong Kong",Wan Chai,Wan Chai,Hong Kong,Hong Kong,HK,Point,"[114.17773, 22.27722]",True,23007600
"Kowloon, Kowloon, Hong Kong",Yau Tsim Mong,Yau Tsim Mong,Hong Kong,Hong Kong,HK,Point,"[114.17232, 22.31731]",False,23009002
"Rio, Rio de Janeiro, Brazil",Ipanema,Ipanema,Rio De Janeiro,Brazil,BR,Point,"[-43.20674159191011, -22.983189279302522]",True,2301710
"Hong Kong, Kowloon, Hong Kong",Mong Kok,Yau Tsim Mong,Hong Kong,Hong Kong,HK,Point,"[114.16203, 22.32547]",True,23026295
"Brooklyn, NY, United States",Brooklyn,Bedford-Stuyvesant,New York,United States,US,Point,"[-73.95167, 40.69046]",True,230321
"Montréal, Québec, Canada",Saint-Henri,Le Sud-Ouest,Montreal,Canada,CA,Point,"[-73.58178, 45.4846]",True,23046994
"Montréal, Québec, Canada",Downtown Montreal,Ville-Marie,Montreal,Canada,CA,Point,"[-73.57111, 45.50664]",True,23053892
"Barcelona, CT, Spain",El Raval,el Raval,Barcelona,Spain,ES,Point,"[2.1708, 41.37868]",False,23056162
"Copacabana, Rio de Janeiro, Brazil",Copacabana,Copacabana,Rio De Janeiro,Brazil,BR,Point,"[-43.18981895850035, -22.98359323820537]",False,23058133
"Hong Kong, Hong Kong Island, Hong Kong",Wan Chai District,Wan Chai,Hong Kong,Hong Kong,HK,Point,"[114.17232, 22.27899]",True,23065620
"Porto, Portugal",,"Cedofeita, Ildefonso, Sé, Miragaia, Nicolau, Vitória",Porto,Portugal,PT,Point,"[-8.60309, 41.14636]",False,23066385
"Sheung Wan, Hong Kong Island, Hong Kong",Central & Western District,Central & Western,Hong Kong,Hong Kong,HK,Point,"[114.15152, 22.28582]",False,23070341
"Rio De Janeiro, Rio de Janeiro, Brazil",Copacabana,Copacabana,Rio De Janeiro,Brazil,BR,Point,"[-43.17539500582481, -22.964594415650225]",True,23077196
"Ipanema, Rio de Janeiro, Brazil",Ipanema,Ipanema,Rio De Janeiro,Brazil,BR,Point,"[-43.2094657780822, -22.985709707060657]",True,23085006
"Honolulu, HI, United States",Oʻahu,East Honolulu,Oahu,United States,US,Point,"[-157.7238, 21.29196]",True,23091957
"Botafogo, Rio de Janeiro, Brazil",Botafogo,Botafogo,Rio De Janeiro,Brazil,BR,Point,"[-43.18504057858179, -22.950313507664287]",False,23104001
"New York, NY, United States",Chelsea,Chelsea,New York,United States,US,Point,"[-73.99723, 40.74935]",True,2310445
"North Ryde, NSW, Australia",,Ryde,Sydney,Australia,AU,Point,"[151.12484, -33.78679]",True,23106836
"Montréal, Québec, Canada",Saint-Laurent,Saint-Laurent,Montreal,Canada,CA,Point,"[-73.67791, 45.52717]",True,23109052
"Copacabana, Rio de Janeiro, Brazil",Copacabana,Copacabana,Rio De Janeiro,Brazil,BR,Point,"[-43.190186599650126, -22.983047230789303]",False,23115177
"Barcelona, Catalunya, Spain",Eixample,la Sagrada Família,Barcelona,Spain,ES,Point,"[2.17762, 41.40782]",True,23115849
"Barcelona, Catalunya, Spain",La Nova Esquerra de l'Eixample,l'Antiga Esquerra de l'Eixample,Barcelona,Spain,ES,Point,"[2.16192, 41.38878]",True,23121270
"Hong Kong, Kowloon, Hong Kong",Mong Kok,Yau Tsim Mong,Hong Kong,Hong Kong,HK,Point,"[114.17204, 22.31752]",True,23121553
"Barcelona, Catalunya, Spain",Ciutat Vella,el Raval,Barcelona,Spain,ES,Point,"[2.16731, 41.37874]",True,23122981
"Copacabana, Rio de Janeiro, Brazil",Copacabana,Copacabana,Rio De Janeiro,Brazil,BR,Point,"[-43.19213713094674, -22.971424097325322]",True,23136504
"New York, NY, United States",Manhattan,Upper West Side,New York,United States,US,Point,"[-73.98347, 40.7803]",True,2314392
"Rio, Rio de Janeiro, Brazil",,Leblon,Rio De Janeiro,Brazil,BR,Point,"[-43.223068052476755, -22.984144201400966]",True,2314585
"Montréal, Québec, Canada",Mile End,Le Plateau-Mont-Royal,Montreal,Canada,CA,Point,"[-73.59295, 45.52178]",True,23149443
"Rio, Rio de Janeiro, Brazil",Tijuca,Tijuca,Rio De Janeiro,Brazil,BR,Point,"[-43.2383038770407, -22.932416660150533]",False,2315341
"Barcelona, Catalunya, Spain",Ciutat Vella,el Raval,Barcelona,Spain,ES,Point,"[2.16422, 41.38119]",True,23160633
"Volcano, HI, United States",Island of Hawaiʻi,Puna,The Big Island,United States,US,Point,"[-155.17568, 19.43833]",False,23168092
"Porto, Porto, Portugal",,"Cedofeita, Ildefonso, Sé, Miragaia, Nicolau, Vitória",Porto,Portugal,PT,Point,"[-8.6189, 41.14921]",True,23168698
"New Territories, New Territories, Hong Kong",,Islands,Hong Kong,Hong Kong,HK,Point,"[114.12535, 22.20542]",False,23170038
"Hong Kong, Kowloon, Hong Kong",Yau Tsim Mong,Yau Tsim Mong,Hong Kong,Hong Kong,HK,Point,"[114.16151, 22.32178]",False,23170936
"Sydney, NSW, Australia",Central Business District,Sydney,Sydney,Australia,AU,Point,"[151.20415, -33.8695]",True,23171144
"İstanbul, İstanbul, Turkey",Taksim,Sisli,Istanbul,Turkey,TR,Point,"[28.98318, 41.04191]",False,23177595
"Barcelona, Catalunya, Spain",Ciutat Vella,el Raval,Barcelona,Spain,ES,Point,"[2.17513, 41.37837]",True,23178393
"Barcelona, CT, Spain",Ciutat Vella,el Raval,Barcelona,Spain,ES,Point,"[2.17344, 41.37609]",False,23180898
"Üsküdar, İstanbul, Turkey",Üsküdar,Uskudar,Istanbul,Turkey,TR,Point,"[29.03115, 41.01955]",True,23183387
"Montréal, Québec, Canada",Downtown Montreal,Ville-Marie,Montreal,Canada,CA,Point,"[-73.58017, 45.50139]",True,23184301
"Barcelona, Catalunya, Spain",Eixample,l'Antiga Esquerra de l'Eixample,Barcelona,Spain,ES,Point,"[2.15819, 41.38308]",True,23187368
"Ashfield, NSW, Australia",Ashfield,Ashfield,Sydney,Australia,AU,Point,"[151.12269, -33.88474]",False,23190119
"Centro, Rio de Janeiro, Brazil",Lapa,Centro,Rio De Janeiro,Brazil,BR,Point,"[-43.17390114597928, -22.911671245286293]",True,23199067
"Montréal, Québec, Canada",Griffintown,Ville-Marie,Montreal,Canada,CA,Point,"[-73.55701, 45.49919]",True,23202804
"Parramatta, NSW, Australia",,Parramatta,Sydney,Australia,AU,Point,"[151.00813, -33.82046]",True,23206433
"Montréal, Québec, Canada",Villeray-Saint-Michel-Parc-Extension,Villeray-Saint-Michel-Parc-Extension,Montreal,Canada,CA,Point,"[-73.61791, 45.54669]",True,23209370
"Mona Vale, NSW, Australia",,Pittwater,Sydney,Australia,AU,Point,"[151.31473, -33.67655]",True,23210058
"Istanbul , İstanbul, Turkey",Fatih,Fatih,Istanbul,Turkey,TR,Point,"[28.96944, 41.00495]",False,23210868
"Barcelona, Catalunya, Spain",Sarrià-Sant Gervasi,Sant Gervasi - Galvany,Barcelona,Spain,ES,Point,"[2.13862, 41.40219]",False,23211669
"Barcelona, Catalunya, Spain",Gràcia,la Vila de Gràcia,Barcelona,Spain,ES,Point,"[2.16011, 41.40502]",False,23211754
"Barcelona, Catalunya, Spain",Eixample,la Nova Esquerra de l'Eixample,Barcelona,Spain,ES,Point,"[2.14838, 41.38453]",True,23217617
"Glebe, NSW, Australia",Glebe,Sydney,Sydney,Australia,AU,Point,"[151.18243, -33.87329]",True,23219232
"Beyoğlu, İstanbul, Turkey",Beyoglu,Beyoglu,Istanbul,Turkey,TR,Point,"[28.95031, 41.05489]",True,23219274
"Sutherland, NSW, Australia",,Sutherland Shire,Sydney,Australia,AU,Point,"[151.06331, -34.03079]",False,23222456
"Rio, Rio de Janeiro, Brazil",,Freguesia (Jacarepaguá),Rio De Janeiro,Brazil,BR,Point,"[-43.34070126558797, -22.92720713050604]",True,2322556
"İstanbul , İstanbul, Turkey",Üsküdar,Uskudar,Istanbul,Turkey,TR,Point,"[29.0316, 41.02806]",False,23232473
"Rio, Rio de Janeiro, Brazil",Ipanema,Ipanema,Rio De Janeiro,Brazil,BR,Point,"[-43.20292557199069, -22.981579889918926]",True,2324694
"Montréal, Québec, Canada",Le Sud-Ouest,Le Sud-Ouest,Montreal,Canada,CA,Point,"[-73.58023, 45.48032]",True,23249192
"Centro, Rio de Janeiro, Brazil",Santa Teresa,Santa Teresa,Rio De Janeiro,Brazil,BR,Point,"[-43.17758290670382, -22.918236838685864]",True,23251205
"Porto, Grande Porto, Portugal",,"Cedofeita, Ildefonso, Sé, Miragaia, Nicolau, Vitória",Porto,Portugal,PT,Point,"[-8.61193, 41.16199]",True,23252017
"Hong Kong, Hong Kong Island, Hong Kong",Sheung Wan,Central & Western,Hong Kong,Hong Kong,HK,Point,"[114.14681, 22.28614]",True,23257630
"Hong Kong, Hong Kong Island, Hong Kong",Central & Western District,Central & Western,Hong Kong,Hong Kong,HK,Point,"[114.14965, 22.28482]",True,23258431
"Montréal, Québec, Canada",Le Plateau,Ville-Marie,Montreal,Canada,CA,Point,"[-73.56303, 45.52969]",True,23275462
"Barcelona, Catalunya, Spain",Dreta de l'Eixample,la Dreta de l'Eixample,Barcelona,Spain,ES,Point,"[2.16739, 41.39268]",True,23282173
"Barcelona, Catalunya, Spain",Ciutat Vella,el Barri Gòtic,Barcelona,Spain,ES,Point,"[2.17745, 41.38273]",False,23284399
"Hong Kong, Hong Kong Island, Hong Kong",Central & Western District,Central & Western,Hong Kong,Hong Kong,HK,Point,"[114.14932, 22.28623]",True,23286576
"Fatih, İstanbul, Turkey",Sultanahmet,Fatih,Istanbul,Turkey,TR,Point,"[28.97747, 41.01204]",True,23297459
"Istanbul, İstanbul, Turkey",Beyoglu,Beyoglu,Istanbul,Turkey,TR,Point,"[28.98306, 41.03676]",False,23298687
"Copacabana, Rio de Janeiro, Brazil",Leme,Copacabana,Rio De Janeiro,Brazil,BR,Point,"[-43.17306842860139, -22.96099670681764]",True,23300444
"Barcelona, Catalunya, Spain",Sant Gervasi - Galvany,Sant Gervasi - Galvany,Barcelona,Spain,ES,Point,"[2.13806, 41.40144]",True,23300467
"Barcelona, Barcelona, Spain",Sants-Montjuïc,el Poble Sec,Barcelona,Spain,ES,Point,"[2.15611, 41.37384]",False,23303574
"Strathfield, NSW, Australia",Strathfield,Strathfield,Sydney,Australia,AU,Point,"[151.09333, -33.87208]",True,23309295
"Hong Kong, Kowloon, Hong Kong",Kowloon City,Kowloon City,Hong Kong,Hong Kong,HK,Point,"[114.17526, 22.31888]",False,23311828
"Montreal, QC, Canada",Downtown Montreal,Ville-Marie,Montreal,Canada,CA,Point,"[-73.5796, 45.49285]",False,23311924
"North Curl Curl, NSW, Australia",,Warringah,Sydney,Australia,AU,Point,"[151.30023, -33.7639]",True,23312848
"Pāhoa, HI, United States",Island of Hawaiʻi,Puna,The Big Island,United States,US,Point,"[-154.89644, 19.55948]",True,23313997
"Barcelona, Catalunya, Spain",Gràcia,la Vila de Gràcia,Barcelona,Spain,ES,Point,"[2.15491, 41.40252]",True,23317712
"九龍, 九龍, Hong Kong",Shek Kip Mei,Sham Shui Po,Hong Kong,Hong Kong,HK,Point,"[114.1692, 22.32758]",False,23317959
"Barcelona, Spain",El Poblenou,el Poblenou,Barcelona,Spain,ES,Point,"[2.20727, 41.39763]",False,23321866
"Porto, Porto, Portugal",,"Cedofeita, Ildefonso, Sé, Miragaia, Nicolau, Vitória",Porto,Portugal,PT,Point,"[-8.60413, 41.15393]",True,23325683
"Porto, Porto, Portugal",,"Cedofeita, Ildefonso, Sé, Miragaia, Nicolau, Vitória",Porto,Portugal,PT,Point,"[-8.61599, 41.14908]",True,23341856
"Copacabana, Rio de Janeiro, Brazil",Copacabana,Copacabana,Rio De Janeiro,Brazil,BR,Point,"[-43.189304204978704, -22.978756685779924]",True,23341918
"Sydney, NSW, Australia",Central Business District,Sydney,Sydney,Australia,AU,Point,"[151.21034, -33.86657]",True,23357535
"Rosebery, NSW, Australia",Rosebery,Sydney,Sydney,Australia,AU,Point,"[151.20801, -33.91599]",True,23364269
"Porto, Porto, Portugal",,"Cedofeita, Ildefonso, Sé, Miragaia, Nicolau, Vitória",Porto,Portugal,PT,Point,"[-8.60464, 41.15962]",False,23370900
"Haleiwa, HI, United States",Oʻahu,North Shore Oahu,Oahu,United States,US,Point,"[-158.037, 21.67985]",False,23374190
"Istanbul, Istanbul Province, Turkey",Taksim,Beyoglu,Istanbul,Turkey,TR,Point,"[28.97523, 41.03674]",False,2338855
"Beylikdüzü Osb, İstanbul, Turkey",,Esenyurt,Istanbul,Turkey,TR,Point,"[28.63673, 41.02444]",False,23389233
"São João da Madeira, Aveiro, Portugal",,São João da Madeira,Porto,Portugal,PT,Point,"[-8.48714, 40.895]",True,23391765
"Hong Kong, Hong Kong Island, Hong Kong",Wan Chai District,Wan Chai,Hong Kong,Hong Kong,HK,Point,"[114.18136, 22.28117]",True,23394209
"Surry Hills, NSW, Australia",Surry Hills,Sydney,Sydney,Australia,AU,Point,"[151.21572, -33.88531]",True,23398484
"Kingsford, NSW, Australia",Kingsford,Randwick,Sydney,Australia,AU,Point,"[151.22519, -33.92301]",False,23402460
"Waialua, HI, United States",Oʻahu,North Shore Oahu,Oahu,United States,US,Point,"[-158.15757, 21.57967]",True,23403194
"Vila Chã, Porto, Portugal",,Vila Chã,Porto,Portugal,PT,Point,"[-8.73359, 41.29349]",True,23408377
"Seaforth, NSW, Australia",Seaforth,Manly,Sydney,Australia,AU,Point,"[151.24974, -33.79395]",False,23419162
"Eastlakes, NSW, Australia",Eastlakes,Botany Bay,Sydney,Australia,AU,Point,"[151.21113, -33.92506]",False,23428550
"Porto, Porto, Portugal",,"Cedofeita, Ildefonso, Sé, Miragaia, Nicolau, Vitória",Porto,Portugal,PT,Point,"[-8.61661, 41.14697]",True,23435015
"İstanbul, İstanbul, Turkey",Beyoglu,Beyoglu,Istanbul,Turkey,TR,Point,"[28.98531, 41.03457]",False,23440490
"Porto, Porto District, Portugal",,"Aldoar, Foz do Douro e Nevogilde",Porto,Portugal,PT,Point,"[-8.66375, 41.1648]",True,2344661
"Montréal, Québec, Canada",Cote-des-Neiges-Notre-Dame-de-Grace,Côte-des-Neiges-Notre-Dame-de-Grâce,Montreal,Canada,CA,Point,"[-73.60968, 45.47234]",True,23456309
"Hong Kong, Kowloon, Hong Kong",Mong Kok,Yau Tsim Mong,Hong Kong,Hong Kong,HK,Point,"[114.16954, 22.3191]",True,23458059
"Vila Nova de Gaia, Porto, Portugal",,Santa Marinha e São Pedro da Afurada,Porto,Portugal,PT,Point,"[-8.61388, 41.13771]",True,23465144
"Hong Kong, Hong Kong Island, Hong Kong",Wan Chai,Wan Chai,Hong Kong,Hong Kong,HK,Point,"[114.17093, 22.27793]",True,23471052
"Barcelona, Catalunya, Spain",Eixample,Hostafrancs,Barcelona,Spain,ES,Point,"[2.14587, 41.37808]",True,23479384
"İstanbul, İstanbul, Turkey",Üsküdar,Uskudar,Istanbul,Turkey,TR,Point,"[29.01676, 41.02681]",False,23482784
"Recreio dos Bandeirantes, Rio de Janeiro, Brazil",Recreio dos Bandeirantes,Recreio dos Bandeirantes,Rio De Janeiro,Brazil,BR,Point,"[-43.51122148081966, -23.019182606226938]",True,23483491
"Montréal, Québec, Canada",Le Plateau,Le Plateau-Mont-Royal,Montreal,Canada,CA,Point,"[-73.5784, 45.5224]",True,23484405
"Ryde, NSW, Australia",Putney,Ryde,Sydney,Australia,AU,Point,"[151.11431, -33.81832]",True,23484485
"Laranjeiras, Rio de Janeiro, Brazil",Laranjeiras,Laranjeiras,Rio De Janeiro,Brazil,BR,Point,"[-43.18210077303726, -22.9344642155179]",True,23486555
"Epping, NSW, Australia",,Parramatta,Sydney,Australia,AU,Point,"[151.06361, -33.78271]",False,23493822
"Montréal, Québec, Canada",Cote-des-Neiges-Notre-Dame-de-Grace,Côte-des-Neiges-Notre-Dame-de-Grâce,Montreal,Canada,CA,Point,"[-73.60512, 45.47588]",True,23494020
"Porto, Porto, Portugal",,"Cedofeita, Ildefonso, Sé, Miragaia, Nicolau, Vitória",Porto,Portugal,PT,Point,"[-8.61039, 41.15428]",True,23496149
"Montréal, Québec, Canada",Le Plateau-Mont-Royal,Le Plateau-Mont-Royal,Montreal,Canada,CA,Point,"[-73.57394, 45.5075]",True,23497303
"Porto, Porto, Portugal",,Bonfim,Porto,Portugal,PT,Point,"[-8.59647, 41.14246]",True,23504122
"Glebe, NSW, Australia",Glebe,Sydney,Sydney,Australia,AU,Point,"[151.1915, -33.87952]",True,23509047
"Hong Kong, Hong Kong Island, Hong Kong",Soho,Central & Western,Hong Kong,Hong Kong,HK,Point,"[114.15346, 22.2811]",False,23509750
"Surry Hills, NSW, Australia",Surry Hills,Sydney,Sydney,Australia,AU,Point,"[151.21065, -33.88225]",False,23509818
"Surry Hills, NSW, Australia",Surry Hills,Sydney,Sydney,Australia,AU,Point,"[151.20861, -33.88709]",True,23510317
"Rio de Janeiro, Rio de Janeiro, Brazil",Copacabana,Copacabana,Rio De Janeiro,Brazil,BR,Point,"[-43.18414288760948, -22.970608091218523]",True,2351455
"Hong Kong, Kowloon, Hong Kong",Yau Tsim Mong,Yau Tsim Mong,Hong Kong,Hong Kong,HK,Point,"[114.17139, 22.31474]",True,23519016
"Honolulu, HI, United States",Honolulu,Primary Urban Center,Oahu,United States,US,Point,"[-157.82312, 21.27494]",True,23521898
"Montréal, Québec, Canada",La Petite-Patrie,Rosemont-La Petite-Patrie,Montreal,Canada,CA,Point,"[-73.59871, 45.54211]",True,23527078
"Forest Lodge, NSW, Australia",Forest Lodge,Sydney,Sydney,Australia,AU,Point,"[151.17949, -33.88057]",True,23529310
"Hong Kong, Kowloon, Hong Kong",Yau Tsim Mong,Yau Tsim Mong,Hong Kong,Hong Kong,HK,Point,"[114.17507, 22.29897]",True,23531374
"Fatih, İstanbul, Turkey",Sultanahmet,Fatih,Istanbul,Turkey,TR,Point,"[28.96401, 41.00537]",True,23532756
"Montréal, Québec, Canada",Mile End,Le Plateau-Mont-Royal,Montreal,Canada,CA,Point,"[-73.60175, 45.52779]",True,23535021
"Porto, Portugal, Portugal",,"Cedofeita, Ildefonso, Sé, Miragaia, Nicolau, Vitória",Porto,Portugal,PT,Point,"[-8.61233, 41.15187]",False,23538605
"Porto, Portugal, Portugal",,"Cedofeita, Ildefonso, Sé, Miragaia, Nicolau, Vitória",Porto,Portugal,PT,Point,"[-8.61402, 41.15001]",False,23538754
"Hong Kong, Hong Kong Island, Hong Kong",Sai Ying Pun,Central & Western,Hong Kong,Hong Kong,HK,Point,"[114.14024, 22.28631]",True,23550998
"Barcelona, Catalunya, Spain",Sant Antoni,Sant Antoni,Barcelona,Spain,ES,Point,"[2.16311, 41.37766]",True,23553008
"Paddington, NSW, Australia",Paddington,Woollahra,Sydney,Australia,AU,Point,"[151.22471, -33.88175]",True,23562342
"New York, NY, United States",West Village,West Village,New York,United States,US,Point,"[-74.00381, 40.74]",True,235651
"Rio De Janeiro, Rj, Brazil",Copacabana,Copacabana,Rio De Janeiro,Brazil,BR,Point,"[-43.17458410281832, -22.963580574787592]",True,23572358
"Hong Kong, Kowloon, Hong Kong",Mong Kok,Yau Tsim Mong,Hong Kong,Hong Kong,HK,Point,"[114.17191, 22.32129]",True,23574380
"Waimea, HI, United States",Kauaʻi,Waimea-Kekaha,Kauai,United States,US,Point,"[-159.67869, 21.9593]",True,23578543
"Porto, Porto, Portugal",,"Cedofeita, Ildefonso, Sé, Miragaia, Nicolau, Vitória",Porto,Portugal,PT,Point,"[-8.602, 41.14642]",True,23587621
"Porto, Porto, Portugal",,"Cedofeita, Ildefonso, Sé, Miragaia, Nicolau, Vitória",Porto,Portugal,PT,Point,"[-8.60224, 41.14636]",True,23587909
"Jacarepagua, Rio de Janeiro, Brazil",Barra da Tijuca,Jacarepaguá,Rio De Janeiro,Brazil,BR,Point,"[-43.413896463087376, -22.97404368109086]",True,23606639
"Barcelona, Catalunya, Spain",Sant Martí,la Vila Olímpica del Poblenou,Barcelona,Spain,ES,Point,"[2.19584, 41.39595]",True,23611001
"İstanbul, İstanbul, Turkey",,Esenyurt,Istanbul,Turkey,TR,Point,"[28.62642, 41.02622]",False,23611060
"Leblon, Rio de Janeiro, Brazil",Leblon,Leblon,Rio De Janeiro,Brazil,BR,Point,"[-43.22797132429346, -22.98667769766149]",True,23621105
"Beyoğlu, İstanbul, Turkey",Beyoglu,Beyoglu,Istanbul,Turkey,TR,Point,"[28.97162, 41.02827]",False,23621554
"Osmanbey, İstanbul, Turkey",Şişli,Sisli,Istanbul,Turkey,TR,Point,"[28.9773, 41.0531]",False,23629071
"Kihei, HI, United States",Maui,Kihei-Makena,Maui,United States,US,Point,"[-156.45171, 20.7298]",True,23630079
"Porto, Porto, Portugal",,"Cedofeita, Ildefonso, Sé, Miragaia, Nicolau, Vitória",Porto,Portugal,PT,Point,"[-8.60265, 41.14604]",False,23630628
"Rhodes, NSW, Australia",Rhodes,Canada Bay,Sydney,Australia,AU,Point,"[151.08383, -33.83084]",True,23636182
"Laranjeiras, Rio de Janeiro, Brazil",Botafogo,Botafogo,Rio De Janeiro,Brazil,BR,Point,"[-43.18265182495336, -22.93988056399624]",True,23644123
"Kadıköy, İstanbul, Turkey",Moda,Kadikoy,Istanbul,Turkey,TR,Point,"[29.02331, 40.98428]",False,23648402
"Porto, Porto, Portugal",,"Cedofeita, Ildefonso, Sé, Miragaia, Nicolau, Vitória",Porto,Portugal,PT,Point,"[-8.61294, 41.14126]",True,23650296
"Darlinghurst, NSW, Australia",Darlinghurst,Sydney,Sydney,Australia,AU,Point,"[151.22245, -33.87594]",True,23650892
"Copacabana, Rio de Janeiro, Brazil",Copacabana,Copacabana,Rio De Janeiro,Brazil,BR,Point,"[-43.1854607821627, -22.96905050322832]",True,23662965
"Montréal, QC, Canada",Old Montreal,Ville-Marie,Montreal,Canada,CA,Point,"[-73.55165, 45.50909]",False,23671806
"Porto, Porto, Portugal",,Bonfim,Porto,Portugal,PT,Point,"[-8.60069, 41.14476]",False,23679945
"New York, NY, United States",Manhattan,Kips Bay,New York,United States,US,Point,"[-73.98137, 40.73997]",True,2368021
"BARCELONA, city, Spain",La Vila Olímpica,la Vila Olímpica del Poblenou,Barcelona,Spain,ES,Point,"[2.19552, 41.39343]",False,23681559
"BARCELONA, city, Spain",Vila de Gràcia,la Vila de Gràcia,Barcelona,Spain,ES,Point,"[2.16088, 41.39817]",False,23681585
"BARCELONA, city, Spain",Sant Antoni,Sant Antoni,Barcelona,Spain,ES,Point,"[2.1586, 41.38186]",False,23682266
"Porto, Porto, Portugal",,"Cedofeita, Ildefonso, Sé, Miragaia, Nicolau, Vitória",Porto,Portugal,PT,Point,"[-8.62326, 41.14701]",True,23684385
"Rio de Janeiro, Rio de Janeiro, Brazil",Santa Teresa,Santa Teresa,Rio De Janeiro,Brazil,BR,Point,"[-43.19306782705259, -22.916146943684616]",False,23686193
"Warriewood, NSW, Australia",,Pittwater,Sydney,Australia,AU,Point,"[151.30397, -33.69212]",False,23687643
"Montréal, Québec, Canada",Le Plateau,Le Plateau-Mont-Royal,Montreal,Canada,CA,Point,"[-73.58108, 45.51868]",True,23688192
"Porto, Porto, Portugal",,"Cedofeita, Ildefonso, Sé, Miragaia, Nicolau, Vitória",Porto,Portugal,PT,Point,"[-8.60605, 41.14458]",True,23692382
"Montréal, Québec, Canada",La Petite-Patrie,Rosemont-La Petite-Patrie,Montreal,Canada,CA,Point,"[-73.60259, 45.5461]",True,23695471
"Barcelona, Catalunya, Spain",El Raval,el Raval,Barcelona,Spain,ES,Point,"[2.17262, 41.37539]",True,23700685
"Porto, Porto, Portugal",,"Cedofeita, Ildefonso, Sé, Miragaia, Nicolau, Vitória",Porto,Portugal,PT,Point,"[-8.60705, 41.15192]",True,23715192
"Mascot, NSW, Australia",Mascot,Botany Bay,Sydney,Australia,AU,Point,"[151.19021, -33.92305]",True,23717824
"Hong Kong, Hong Kong Island, Hong Kong",Soho,Central & Western,Hong Kong,Hong Kong,HK,Point,"[114.1515, 22.28203]",True,23720900
"Surry Hills, NSW, Australia",Surry Hills,Sydney,Sydney,Australia,AU,Point,"[151.21391, -33.88587]",False,23730118
"Porto, Porto, Portugal",,"Cedofeita, Ildefonso, Sé, Miragaia, Nicolau, Vitória",Porto,Portugal,PT,Point,"[-8.61448, 41.14982]",True,2373963
"Vila Nova de Gaia, Porto, Portugal",,Canidelo,Porto,Portugal,PT,Point,"[-8.66554, 41.12151]",True,23743781
"Montréal, Québec, Canada",Downtown Montreal,Ville-Marie,Montreal,Canada,CA,Point,"[-73.56225, 45.50526]",True,23749673
"Beşiktaş, İstanbul, Turkey",Beşiktaş,Besiktas,Istanbul,Turkey,TR,Point,"[29.00155, 41.04642]",False,23755792
"Barcelona, Catalunya, Spain",Eixample,la Dreta de l'Eixample,Barcelona,Spain,ES,Point,"[2.16187, 41.39228]",True,23759457
"Vila Nova de Gaia, Porto, Portugal",,Santa Marinha e São Pedro da Afurada,Porto,Portugal,PT,Point,"[-8.63152, 41.12074]",True,23763097
"Vila Nova de Gaia, Porto, Portugal",,Santa Marinha e São Pedro da Afurada,Porto,Portugal,PT,Point,"[-8.63221, 41.12073]",True,23766166
"Montréal, Québec, Canada",Mile End,Rosemont-La Petite-Patrie,Montreal,Canada,CA,Point,"[-73.60694, 45.53192]",True,23769045
"Rio de Janeiro, RJ, Brazil",Rio Comprido,Rio Comprido,Rio De Janeiro,Brazil,BR,Point,"[-43.208941782382105, -22.919290089687333]",False,23769793
"Kailua, HI, United States",Oʻahu,Koolaupoko,Oahu,United States,US,Point,"[-157.7242, 21.39336]",True,23770863
"Montréal, QC, Canada",Old Montreal,Ville-Marie,Montreal,Canada,CA,Point,"[-73.55812, 45.50385]",False,23771506
"Istanbul, İstanbul, Turkey",Kadıköy,Kadikoy,Istanbul,Turkey,TR,Point,"[29.02372, 40.98429]",False,23788201
"Kealakekua, HI, United States",Island of Hawaiʻi,South Kona,The Big Island,United States,US,Point,"[-155.92696, 19.51331]",True,23792007
"Barcelona, Catalunya, Spain",El Poblenou,el Poblenou,Barcelona,Spain,ES,Point,"[2.19975, 41.40125]",True,23797007
"Barcelona, Catalunya, Spain",Sant Andreu,Navas,Barcelona,Spain,ES,Point,"[2.1805, 41.41756]",True,23803557
"Brooklyn, NY, United States",Crown Heights,Crown Heights,New York,United States,US,Point,"[-73.9513, 40.6769]",True,2380403
"Barcelona, Catalunya, Spain",Eixample,la Nova Esquerra de l'Eixample,Barcelona,Spain,ES,Point,"[2.15482, 41.38046]",False,23809500
"Montréal, Québec, Canada",Mile End,Le Plateau-Mont-Royal,Montreal,Canada,CA,Point,"[-73.59643, 45.52697]",True,23817774
"Montréal, Québec, Canada",Old Montreal,Ville-Marie,Montreal,Canada,CA,Point,"[-73.55192, 45.50945]",True,23822150
"Kailua-Kona, HI, United States",Island of Hawaiʻi,North Kona,The Big Island,United States,US,Point,"[-155.99107, 19.63583]",True,23828577
"Fatih, İstanbul, Turkey",Sultanahmet,Fatih,Istanbul,Turkey,TR,Point,"[28.98059, 41.0057]",True,23831089
"Barra da Tijuca, Rio de Janeiro, Brazil",Barra da Tijuca,Barra da Tijuca,Rio De Janeiro,Brazil,BR,Point,"[-43.32005393936848, -23.008770033906796]",False,23832922
"Ewa Beach, HI, United States",Leeward Side,Ewa,Oahu,United States,US,Point,"[-157.99501, 21.31398]",True,23839051
"Porto, Porto, Portugal",,"Cedofeita, Ildefonso, Sé, Miragaia, Nicolau, Vitória",Porto,Portugal,PT,Point,"[-8.62006, 41.16364]",True,23840566
"Bondi, NSW, Australia",Bondi,Waverley,Sydney,Australia,AU,Point,"[151.26902, -33.8944]",True,23862155
"New Territories, New Territories, Hong Kong",,Islands,Hong Kong,Hong Kong,HK,Point,"[113.93341, 22.22874]",False,23872995
"Hilo, HI, United States",Hilo,South Hilo,The Big Island,United States,US,Point,"[-155.01192, 19.73638]",True,23876137
"Barcelona, Catalunya, Spain",Eixample,la Sagrada Família,Barcelona,Spain,ES,Point,"[2.17574, 41.40557]",True,23887963
"Bondi Beach, NSW, Australia",North Bondi,Waverley,Sydney,Australia,AU,Point,"[151.27057, -33.88326]",False,23888208
"Hong Kong, Kowloon, Hong Kong",Tsim Sha Tsui,Yau Tsim Mong,Hong Kong,Hong Kong,HK,Point,"[114.17388, 22.30196]",True,23892039
"Montréal, Québec, Canada",Le Plateau-Mont-Royal,Le Plateau-Mont-Royal,Montreal,Canada,CA,Point,"[-73.58345, 45.53049]",True,23895712
"Barcelona, CT, Spain",Gràcia,la Vila de Gràcia,Barcelona,Spain,ES,Point,"[2.15076, 41.4069]",False,23896389
"Montréal, QC, Canada",Cote-des-Neiges-Notre-Dame-de-Grace,Côte-des-Neiges-Notre-Dame-de-Grâce,Montreal,Canada,CA,Point,"[-73.63115, 45.50941]",False,23897006
"Porto, Porto, Portugal",,"Cedofeita, Ildefonso, Sé, Miragaia, Nicolau, Vitória",Porto,Portugal,PT,Point,"[-8.61027, 41.14334]",True,23898015
"Naalehu, HI, United States",Island of Hawaiʻi,Kau,The Big Island,United States,US,Point,"[-155.63085, 19.04513]",True,23900565
"Montréal, QC, Canada",Old Montreal,Ville-Marie,Montreal,Canada,CA,Point,"[-73.55329, 45.50303]",False,23921295
"Porto, Porto, Portugal",,"Cedofeita, Ildefonso, Sé, Miragaia, Nicolau, Vitória",Porto,Portugal,PT,Point,"[-8.60819, 41.15338]",True,23923242
"Papaikou, HI, United States",Island of Hawaiʻi,South Hilo,The Big Island,United States,US,Point,"[-155.10169, 19.79571]",True,23926355
"Hong Kong, Hong Kong, Hong Kong",Sai Ying Pun,Central & Western,Hong Kong,Hong Kong,HK,Point,"[114.13993, 22.28482]",True,2393133
"Montréal, Québec, Canada",Le Plateau-Mont-Royal,Le Plateau-Mont-Royal,Montreal,Canada,CA,Point,"[-73.56918, 45.53972]",True,23938644
"Barcelona, Catalunya, Spain",Dreta de l'Eixample,la Dreta de l'Eixample,Barcelona,Spain,ES,Point,"[2.16673, 41.38789]",True,23953865
"Hong Kong, Hong Kong Island, Hong Kong",Wan Chai District,Wan Chai,Hong Kong,Hong Kong,HK,Point,"[114.18378, 22.2765]",True,23960324
"Hong Kong, Kowloon, Hong Kong",Mong Kok,Yau Tsim Mong,Hong Kong,Hong Kong,HK,Point,"[114.16694, 22.31738]",True,23970178
"Haiku-Pauwela, HI, United States",Haiku/Pauwela,Paia-Haiku,Maui,United States,US,Point,"[-156.31669, 20.92976]",True,23978926
"Kailua-Kona, HI, United States",Island of Hawaiʻi,North Kona,The Big Island,United States,US,Point,"[-155.9835, 19.73763]",True,23980486
"Montréal, Québec, Canada",Villeray-Saint-Michel-Parc-Extension,Villeray-Saint-Michel-Parc-Extension,Montreal,Canada,CA,Point,"[-73.62062, 45.54563]",True,23982823
"Barcelona, Catalunya, Spain",El Poblenou,el Poblenou,Barcelona,Spain,ES,Point,"[2.19918, 41.39715]",True,23989053
"Brooklyn, NY, United States",Lefferts Garden,Prospect-Lefferts Gardens,New York,United States,US,Point,"[-73.96003, 40.66068]",True,239899
"Hong Kong, Kowloon, Hong Kong",Yau Tsim Mong,Yau Tsim Mong,Hong Kong,Hong Kong,HK,Point,"[114.16911, 22.32093]",True,23999395
"Sarıyer, İstanbul, Turkey",,Sariyer,Istanbul,Turkey,TR,Point,"[29.0437, 41.16696]",True,24001961
"Barcelona, Catalunya, Spain",La Nova Esquerra de l'Eixample,la Nova Esquerra de l'Eixample,Barcelona,Spain,ES,Point,"[2.14741, 41.37974]",False,24004679
"Montreal, QC, Canada",Le Plateau-Mont-Royal,Le Plateau-Mont-Royal,Montreal,Canada,CA,Point,"[-73.59243, 45.52636]",True,2400861
"Vila Nova de Gaia, Porto, Portugal",,Santa Marinha e São Pedro da Afurada,Porto,Portugal,PT,Point,"[-8.61182, 41.13719]",True,24009924
"Kailua-Kona, HI, United States",Island of Hawaiʻi,North Kona,The Big Island,United States,US,Point,"[-155.98876, 19.63025]",False,24019419
"Barcelona, Catalunya, Spain",El Gòtic,el Barri Gòtic,Barcelona,Spain,ES,Point,"[2.17696, 41.37818]",False,24026688
"Barcelona, Catalunya, Spain",Ciutat Vella,"Sant Pere, Santa Caterina i la Ribera",Barcelona,Spain,ES,Point,"[2.18358, 41.38484]",True,24032849
"Üsküdar, İstanbul, Turkey",Üsküdar,Uskudar,Istanbul,Turkey,TR,Point,"[29.01415, 41.01496]",True,24038067
"São Félix da Marinha, Porto, Portugal",,São Félix da Marinha,Porto,Portugal,PT,Point,"[-8.63757, 41.03778]",True,24041662
"Barcelona, Catalunya, Spain",L'Antiga Esquerra de l'Eixample,la Nova Esquerra de l'Eixample,Barcelona,Spain,ES,Point,"[2.14306, 41.38186]",True,24049135
"Barcelona, Catalunya, Spain",Sant Antoni,Sant Antoni,Barcelona,Spain,ES,Point,"[2.16078, 41.38334]",True,24052553
"BARCELONA, city, Spain",La Barceloneta,la Barceloneta,Barcelona,Spain,ES,Point,"[2.19012, 41.38033]",False,24057445
"İstanbul, İstanbul, Turkey",Moda,Kadikoy,Istanbul,Turkey,TR,Point,"[29.03054, 40.98513]",False,24057513
"Montréal, Québec, Canada",Downtown Montreal,Ville-Marie,Montreal,Canada,CA,Point,"[-73.57948, 45.49994]",True,24064211
"Hong Kong, Kowloon, Hong Kong",Yau Tsim Mong,Yau Tsim Mong,Hong Kong,Hong Kong,HK,Point,"[114.17384, 22.29765]",True,24066499
"Vila Nova de Gaia, Porto, Portugal",,Mafamude e Vilar do Paraíso,Porto,Portugal,PT,Point,"[-8.60358, 41.11205]",True,24074680
"Montréal, Québec, Canada",Le Plateau-Mont-Royal,Le Plateau-Mont-Royal,Montreal,Canada,CA,Point,"[-73.584, 45.52163]",True,24083322
"Kihei, HI, United States",Kihei/Wailea,Kihei-Makena,Maui,United States,US,Point,"[-156.45704, 20.76492]",False,24100782
"Hong Kong, Hong Kong Island, Hong Kong",Wan Chai,Wan Chai,Hong Kong,Hong Kong,HK,Point,"[114.16933, 22.27582]",True,24106365
"Hong Kong, Hong Kong Island, Hong Kong",Central,Central & Western,Hong Kong,Hong Kong,HK,Point,"[114.15569, 22.27999]",True,24106738
"Keaau, HI, United States",Island of Hawaiʻi,Puna,The Big Island,United States,US,Point,"[-154.96773, 19.55797]",True,24119
"Montréal, Québec, Canada",Le Sud-Ouest,Le Sud-Ouest,Montreal,Canada,CA,Point,"[-73.59063, 45.45068]",True,24119630
"Montréal, Québec, Canada",Le Sud-Ouest,Le Sud-Ouest,Montreal,Canada,CA,Point,"[-73.59185, 45.45064]",True,24120262
"Hong Kong, Kowloon, Hong Kong",Kowloon City,Kowloon City,Hong Kong,Hong Kong,HK,Point,"[114.17685, 22.31537]",True,24146463
"Montréal, Québec, Canada",,Verdun,Montreal,Canada,CA,Point,"[-73.54677, 45.45147]",True,24156479
"Montréal, Québec, Canada",Le Plateau,Le Plateau-Mont-Royal,Montreal,Canada,CA,Point,"[-73.57711, 45.52783]",True,24159286
"Hong Kong, New Territories, Hong Kong",,Islands,Hong Kong,Hong Kong,HK,Point,"[113.95126, 22.29375]",True,24160559
"Montréal, QC, Canada",Ahuntsic-Cartierville,Ahuntsic-Cartierville,Montreal,Canada,CA,Point,"[-73.70265, 45.54136]",False,24161923
"Baulkham Hills, NSW, Australia",,The Hills Shire,Sydney,Australia,AU,Point,"[150.97336, -33.76091]",True,24163558
"Dee Why, NSW, Australia",,Warringah,Sydney,Australia,AU,Point,"[151.29191, -33.75445]",True,24169674
"Okmeydanı, İstanbul, Turkey",Beyoglu,Beyoglu,Istanbul,Turkey,TR,Point,"[28.95901, 41.05187]",False,24170892
"Barcelona, Catalunya, Spain",Eixample,la Dreta de l'Eixample,Barcelona,Spain,ES,Point,"[2.17051, 41.39397]",True,24173657
"İstanbul, Istanbul, Turkey",Kadıköy,Kadikoy,Istanbul,Turkey,TR,Point,"[29.08179, 40.95928]",True,2418216
"Rio de Janeiro, RJ, Brazil",Copacabana,Copacabana,Rio De Janeiro,Brazil,BR,Point,"[-43.19112038902159, -22.983219377528826]",False,24182390
"Flamengo, Rio de Janeiro, Brazil",Catete,Catete,Rio De Janeiro,Brazil,BR,Point,"[-43.17823418639687, -22.925439862942348]",True,24186376
"Willoughby, NSW, Australia",Willoughby,Willoughby,Sydney,Australia,AU,Point,"[151.19685, -33.79938]",True,24186748
"Curl Curl, NSW, Australia",,Warringah,Sydney,Australia,AU,Point,"[151.2904, -33.77223]",True,24187105
"Barcelona, Catalunya, Spain",Eixample,la Sagrada Família,Barcelona,Spain,ES,Point,"[2.1788, 41.40387]",True,24200355
"Montréal, Québec, Canada",Downtown Montreal,Ville-Marie,Montreal,Canada,CA,Point,"[-73.57347, 45.49718]",True,24207163
"Brooklyn , NY, United States",Bedford-Stuyvesant,Bedford-Stuyvesant,New York,United States,US,Point,"[-73.95623, 40.68915]",False,24208472
"Hong Kong, Kowloon, Hong Kong",Mong Kok,Kowloon City,Hong Kong,Hong Kong,HK,Point,"[114.17397, 22.31843]",True,24211932
"Hong Kong, Kowloon, Hong Kong",Yau Tsim Mong,Yau Tsim Mong,Hong Kong,Hong Kong,HK,Point,"[114.16965, 22.31769]",True,24212994
"Montréal, Québec, Canada",Le Plateau-Mont-Royal,Le Plateau-Mont-Royal,Montreal,Canada,CA,Point,"[-73.57632, 45.50792]",True,24218782
"Rio, État de Rio de Janeiro, Brazil",Lapa,Centro,Rio De Janeiro,Brazil,BR,Point,"[-43.174249308152504, -22.912190530528722]",True,2422745
"Vila Nova de Gaia, Porto, Portugal",,Mafamude e Vilar do Paraíso,Porto,Portugal,PT,Point,"[-8.59691, 41.12162]",True,24266056
"Lahaina, HI, United States",Napili/Honokowai,Lahaina,Maui,United States,US,Point,"[-156.66469, 20.99038]",True,24266863
"Barcelona, Catalunya, Spain",Sarrià-Sant Gervasi,Sant Gervasi - la Bonanova,Barcelona,Spain,ES,Point,"[2.13589, 41.40416]",True,24267275
"Princeville, HI, United States",Kauaʻi,North Shore Kauai,Kauai,United States,US,Point,"[-159.48153, 22.22622]",True,24270504
"Montréal, Québec, Canada",Le Plateau-Mont-Royal,Le Plateau-Mont-Royal,Montreal,Canada,CA,Point,"[-73.57334, 45.51878]",True,24278775
"Montréal, Québec, Canada",Le Plateau,Le Plateau-Mont-Royal,Montreal,Canada,CA,Point,"[-73.57113, 45.51169]",True,24279661
"Bakırköy, İstanbul, Turkey",,Bakirkoy,Istanbul,Turkey,TR,Point,"[28.87645, 40.97442]",False,24284013
"Hong Kong, Hong Kong Island, Hong Kong",Central & Western District,Central & Western,Hong Kong,Hong Kong,HK,Point,"[114.15004, 22.2838]",True,24290706
"Beyoğlu, İstanbul, Turkey",Taksim,Beyoglu,Istanbul,Turkey,TR,Point,"[28.97545, 41.03743]",True,24296834
"Fatih, İstanbul, Turkey",Sultanahmet,Fatih,Istanbul,Turkey,TR,Point,"[28.97072, 41.00667]",True,24298167
"Istanbul, Turkey",Cihangir,Beyoglu,Istanbul,Turkey,TR,Point,"[28.97899, 41.03333]",False,2432138
"Barcelona, Catalunya, Spain",Ciutat Vella,el Barri Gòtic,Barcelona,Spain,ES,Point,"[2.1737, 41.3846]",False,24322799
"Montréal, Québec, Canada",Mercier-Hochelaga-Maisonneuve,Mercier-Hochelaga-Maisonneuve,Montreal,Canada,CA,Point,"[-73.54863, 45.54561]",True,24322969
"Barcelona, Catalunya, Spain",Dreta de l'Eixample,la Dreta de l'Eixample,Barcelona,Spain,ES,Point,"[2.17445, 41.3973]",True,24324367
"Porto, Porto, Portugal",,Ramalde,Porto,Portugal,PT,Point,"[-8.6264, 41.16865]",True,24333246
"Montréal, QC, Canada",Ahuntsic-Cartierville,Ahuntsic-Cartierville,Montreal,Canada,CA,Point,"[-73.66589, 45.55934]",False,24335884
"Barcelona, Catalunya, Spain",Eixample,la Dreta de l'Eixample,Barcelona,Spain,ES,Point,"[2.17372, 41.39858]",True,24340252
"Barcelona, Catalunya, Spain",Guinardó,el Guinardó,Barcelona,Spain,ES,Point,"[2.17877, 41.41463]",True,24348022
"Zetland, NSW, Australia",Zetland,Sydney,Sydney,Australia,AU,Point,"[151.21104, -33.90945]",True,24360345
"Erskineville, NSW, Australia",Erskineville,Sydney,Sydney,Australia,AU,Point,"[151.18387, -33.89885]",True,24365442
"Montréal, Québec, Canada",Le Plateau-Mont-Royal,Le Plateau-Mont-Royal,Montreal,Canada,CA,Point,"[-73.57535, 45.52899]",True,24365488
"Hong Kong, Hong Kong Island, Hong Kong",Central & Western District,Central & Western,Hong Kong,Hong Kong,HK,Point,"[114.14937, 22.28425]",True,2436700
"Barcelona, Catalunya, Spain",Dreta de l'Eixample,la Dreta de l'Eixample,Barcelona,Spain,ES,Point,"[2.16664, 41.39064]",True,24368563
"Brooklyn, NY, United States",Crown Heights,Crown Heights,New York,United States,US,Point,"[-73.92316, 40.67085]",True,24378806
"Montréal, Québec, Canada",Gay Village,Ville-Marie,Montreal,Canada,CA,Point,"[-73.55932, 45.5173]",True,24391397
"Montréal, Québec, Canada",Old Montreal,Ville-Marie,Montreal,Canada,CA,Point,"[-73.55881, 45.50058]",True,24393912
"Vila Nova de Gaia, Porto, Portugal",,Mafamude e Vilar do Paraíso,Porto,Portugal,PT,Point,"[-8.59938, 41.1214]",True,24404723
"Millers Point, NSW, Australia",Millers Point,Sydney,Sydney,Australia,AU,Point,"[151.2027, -33.85929]",True,24413268
"New Territories, New Territories, Hong Kong",,Islands,Hong Kong,Hong Kong,HK,Point,"[114.02, 22.29475]",False,24417981
"Dudullu Osb, İstanbul, Turkey",,Atasehir,Istanbul,Turkey,TR,Point,"[29.1343, 40.9763]",False,24418052
"Hong Kong, Hong Kong Island, Hong Kong",Sai Ying Pun,Central & Western,Hong Kong,Hong Kong,HK,Point,"[114.14263, 22.28769]",True,2442588
"Barcelona, Catalunya, Spain",Sant Martí,el Besòs i el Maresme,Barcelona,Spain,ES,Point,"[2.20945, 41.41948]",True,24426527
"Montréal, Québec, Canada",Le Plateau,Le Plateau-Mont-Royal,Montreal,Canada,CA,Point,"[-73.58449, 45.51705]",True,24427877
"Barcelona, Spain",La Sagrada Família,la Sagrada Família,Barcelona,Spain,ES,Point,"[2.18163, 41.4073]",False,24448278
"Barcelona, Spain",La Vila Olímpica,la Vila Olímpica del Poblenou,Barcelona,Spain,ES,Point,"[2.19103, 41.39184]",False,24448873
"Custóias, Porto, Portugal",,"Custóias, Leça do Balio e Guifões",Porto,Portugal,PT,Point,"[-8.64083, 41.20109]",True,24450419
"Alexandria, NSW, Australia",Alexandria,Sydney,Sydney,Australia,AU,Point,"[151.19281, -33.90587]",False,24459731
"Potts Point, NSW, Australia",Potts Point,Sydney,Sydney,Australia,AU,Point,"[151.22298, -33.87245]",True,24460520
"Surry Hills, NSW, Australia",Surry Hills,Sydney,Sydney,Australia,AU,Point,"[151.20932, -33.88036]",True,24460964
"Barcelona, Catalunya, Spain",Sarrià-Sant Gervasi,Sant Gervasi - la Bonanova,Barcelona,Spain,ES,Point,"[2.13289, 41.41021]",True,24461559
"Hong Kong Island, Hong Kong Island, Hong Kong",Happy Valley,Wan Chai,Hong Kong,Hong Kong,HK,Point,"[114.18573, 22.27081]",False,24461891
"Montréal, Québec, Canada",Le Plateau,Ville-Marie,Montreal,Canada,CA,Point,"[-73.56264, 45.53148]",True,24462062
"Montréal, Québec, Canada",Le Plateau-Mont-Royal,Le Plateau-Mont-Royal,Montreal,Canada,CA,Point,"[-73.56457, 45.53236]",True,24474335
"Chiswick, NSW, Australia",Chiswick,Canada Bay,Sydney,Australia,AU,Point,"[151.13815, -33.85079]",True,24477058
"Neutral Bay, NSW, Australia",Neutral Bay,North Sydney,Sydney,Australia,AU,Point,"[151.22108, -33.83853]",False,24479494
"Barcelona, Catalunya, Spain",Sants-Montjuïc,el Poble Sec,Barcelona,Spain,ES,Point,"[2.15466, 41.37391]",True,24486669
"Beyoğlu, İstanbul, Turkey",Beyoglu,Beyoglu,Istanbul,Turkey,TR,Point,"[28.98827, 41.03429]",True,24492886
"Kadıköy, İstanbul, Turkey",Kadıköy,Kadikoy,Istanbul,Turkey,TR,Point,"[29.03181, 40.99294]",True,24495769
"Redfern, NSW, Australia",Redfern,Sydney,Sydney,Australia,AU,Point,"[151.21113, -33.89437]",True,24498566
"Porto, Porto, Portugal",,Bonfim,Porto,Portugal,PT,Point,"[-8.59829, 41.14641]",True,24505019
"İkitelli Osb, İstanbul, Turkey",,Basaksehir,Istanbul,Turkey,TR,Point,"[28.80665, 41.06395]",True,24505378
"Sarıyer, İstanbul, Turkey",Beşiktaş,Sariyer,Istanbul,Turkey,TR,Point,"[29.04535, 41.08823]",False,24505523
"Sarıyer, İstanbul, Turkey",,Sariyer,Istanbul,Turkey,TR,Point,"[29.0482, 41.14727]",False,24507361
"Vila Nova de Gaia, Porto, Portugal",,Canidelo,Porto,Portugal,PT,Point,"[-8.65134, 41.13057]",True,24511562
"Montréal, Québec, Canada",Westmount,Ville-Marie,Montreal,Canada,CA,Point,"[-73.58772, 45.49015]",True,24513807
"Porto, Grande Porto, Portugal",,"Cedofeita, Ildefonso, Sé, Miragaia, Nicolau, Vitória",Porto,Portugal,PT,Point,"[-8.60637, 41.15034]",False,24515090
"Porto, Porto, Portugal",,Ramalde,Porto,Portugal,PT,Point,"[-8.64467, 41.16132]",True,24521048
"Porto, Porto, Portugal",,"Cedofeita, Ildefonso, Sé, Miragaia, Nicolau, Vitória",Porto,Portugal,PT,Point,"[-8.62669, 41.15895]",True,24521177
"Beyoğlu, İstanbul, Turkey",Beyoglu,Beyoglu,Istanbul,Turkey,TR,Point,"[28.98269, 41.03971]",True,24527330
"Barcelona, Catalunya, Spain",Eixample,la Dreta de l'Eixample,Barcelona,Spain,ES,Point,"[2.1728, 41.39382]",False,24528857
"Brooklyn, NY, United States",Brooklyn,Crown Heights,New York,United States,US,Point,"[-73.95713, 40.67652]",True,2453739
"Brooklyn, NY, United States",Bedford-Stuyvesant,Bedford-Stuyvesant,New York,United States,US,Point,"[-73.95383, 40.6889]",True,245574
"Dover Heights, NSW, Australia",Rose Bay/Dover Heights,Woollahra,Sydney,Australia,AU,Point,"[151.27519, -33.86715]",True,2456142
"Hong Kong, New Territories, Hong Kong",,Islands,Hong Kong,Hong Kong,HK,Point,"[113.94273, 22.29162]",False,24574651
"Porto, Porto, Portugal",,Lordelo do Ouro e Massarelos,Porto,Portugal,PT,Point,"[-8.65454, 41.16035]",False,24579565
"Hong Kong, Kowloon, Hong Kong",King's Park,Yau Tsim Mong,Hong Kong,Hong Kong,HK,Point,"[114.17219, 22.30672]",True,2458782
"Dee Why, NSW, Australia",,Warringah,Sydney,Australia,AU,Point,"[151.29039, -33.75595]",True,24608152
"九龍, 九龍, Hong Kong",Hung Hom,Yau Tsim Mong,Hong Kong,Hong Kong,HK,Point,"[114.18605, 22.30004]",False,24608765
"Hong Kong, Hong Kong Island, Hong Kong",Wan Chai District,Wan Chai,Hong Kong,Hong Kong,HK,Point,"[114.18425, 22.27852]",False,24615811
"Taksim, Istanbul, Turkey",Cihangir,Beyoglu,Istanbul,Turkey,TR,Point,"[28.97933, 41.03038]",False,2462714
"Ipanema, Rio de Janeiro, Brazil",Ipanema,Ipanema,Rio De Janeiro,Brazil,BR,Point,"[-43.20362663891892, -22.983508564264493]",True,24627916
"Barcelona, Barcelona, Spain",Sants-Montjuïc,Sants,Barcelona,Spain,ES,Point,"[2.13627, 41.37637]",True,2462948
"Beyoğlu, İstanbul, Turkey",Beyoglu,Beyoglu,Istanbul,Turkey,TR,Point,"[28.97536, 41.02702]",False,24640187
"Rio, Rio de Janeiro, Brazil",Copacabana,Copacabana,Rio De Janeiro,Brazil,BR,Point,"[-43.18076965018176, -22.969865695516564]",False,2464745
"Hong Kong, Kowloon, Hong Kong",Yau Tsim Mong,Yau Tsim Mong,Hong Kong,Hong Kong,HK,Point,"[114.17145, 22.30012]",True,24647767
"Fatih, İstanbul, Turkey",Sultanahmet,Fatih,Istanbul,Turkey,TR,Point,"[28.98025, 41.00321]",True,24652262
"İstanbul, İstanbul, Turkey",,Kucukcekmece,Istanbul,Turkey,TR,Point,"[28.7871, 40.99693]",False,24652972
"North Sydney, NSW, Australia",Neutral Bay,North Sydney,Sydney,Australia,AU,Point,"[151.21632, -33.84401]",True,24660064
"Porto, Porto, Portugal",,"Cedofeita, Ildefonso, Sé, Miragaia, Nicolau, Vitória",Porto,Portugal,PT,Point,"[-8.61292, 41.14971]",True,24662841
"Montreal, QC, Canada",Downtown Montreal,Ville-Marie,Montreal,Canada,CA,Point,"[-73.58108, 45.49998]",True,2467258
"Montréal, Québec, Canada",Ahuntsic-Cartierville,Ahuntsic-Cartierville,Montreal,Canada,CA,Point,"[-73.64632, 45.5496]",True,24672681
"Queens, NY, United States",Queens,Bay Terrace,New York,United States,US,Point,"[-73.77958, 40.78645]",True,2467377
"Canidelo, Vila Nova de Gaia, Portugal",,Canidelo,Porto,Portugal,PT,Point,"[-8.6419, 41.12854]",True,24675658
"Barcelona, Catalunya, Spain",Eixample,la Dreta de l'Eixample,Barcelona,Spain,ES,Point,"[2.16417, 41.39902]",True,24693627
"Leblon, Rio de Janeiro, Brazil",Leblon,Leblon,Rio De Janeiro,Brazil,BR,Point,"[-43.22393926567802, -22.981403152315238]",True,24717812
"Montréal, Québec, Canada",Cote-des-Neiges-Notre-Dame-de-Grace,Côte-des-Neiges-Notre-Dame-de-Grâce,Montreal,Canada,CA,Point,"[-73.62714, 45.50395]",True,24735009
"Coogee, NSW, Australia",Coogee,Randwick,Sydney,Australia,AU,Point,"[151.25051, -33.9208]",False,24735200
"中环, 香港島, Hong Kong",Central & Western District,Central & Western,Hong Kong,Hong Kong,HK,Point,"[114.14901, 22.28446]",False,24735442
"Barcelona, CT, Spain",Sant Pere/Santa Caterina,"Sant Pere, Santa Caterina i la Ribera",Barcelona,Spain,ES,Point,"[2.18038, 41.38683]",False,24740074
"Barcelona, CT, Spain",Eixample,la Nova Esquerra de l'Eixample,Barcelona,Spain,ES,Point,"[2.15149, 41.38471]",False,24748967
"Koloa, HI, United States",Kauaʻi,Koloa-Poipu,Kauai,United States,US,Point,"[-159.44654, 21.8749]",True,24751719
"Küçükçekmece, İstanbul, Turkey",,Kucukcekmece,Istanbul,Turkey,TR,Point,"[28.78166, 41.05377]",False,24755982
"Porto, Porto, Portugal",,Lordelo do Ouro e Massarelos,Porto,Portugal,PT,Point,"[-8.6312, 41.14587]",True,24779608
"Hong Kong, Kowloon, Hong Kong",Yau Tsim Mong,Yau Tsim Mong,Hong Kong,Hong Kong,HK,Point,"[114.17065, 22.3044]",True,24785954
"Barcelona, Catalunya, Spain",El Besòs i el Maresme,el Besòs i el Maresme,Barcelona,Spain,ES,Point,"[2.21656, 41.41263]",True,24800927
"Porto, Porto, Portugal",,"Cedofeita, Ildefonso, Sé, Miragaia, Nicolau, Vitória",Porto,Portugal,PT,Point,"[-8.60737, 41.15974]",True,24806307
"Hong Kong, Kowloon, Hong Kong",Yau Tsim Mong,Yau Tsim Mong,Hong Kong,Hong Kong,HK,Point,"[114.17189, 22.29879]",True,24807963
"Hong Kong, Kowloon, Hong Kong",Sham Shui Po District,Sham Shui Po,Hong Kong,Hong Kong,HK,Point,"[114.14156, 22.33658]",False,24809999
"Hong Kong, Hong Kong Island, Hong Kong",Central & Western District,Central & Western,Hong Kong,Hong Kong,HK,Point,"[114.14509, 22.28684]",True,24818739
"Barcelona, Barcelona, Spain",Sarrià-Sant Gervasi,el Putxet i el Farró,Barcelona,Spain,ES,Point,"[2.14504, 41.40303]",False,24819150
"New York, NY, United States",Manhattan,Chelsea,New York,United States,US,Point,"[-74.00004, 40.74316]",True,2482036
"Hong Kong, Kowloon, Hong Kong",Tsim Sha Tsui,Yau Tsim Mong,Hong Kong,Hong Kong,HK,Point,"[114.17214, 22.29826]",True,24825256
"Şişli, İstanbul, Turkey",Şişli,Sisli,Istanbul,Turkey,TR,Point,"[28.99452, 41.07439]",False,24829178
"Beyoğlu, İstanbul, Turkey",Cihangir,Beyoglu,Istanbul,Turkey,TR,Point,"[28.98532, 41.03433]",False,24845400
"Vila do Conde, Portugal",,Vila do Conde,Porto,Portugal,PT,Point,"[-8.75351, 41.35085]",True,24847096
"Hong Kong, Hong Kong Island, Hong Kong",Wan Chai District,Wan Chai,Hong Kong,Hong Kong,HK,Point,"[114.18239, 22.27802]",True,24847275
"Hong Kong Island, Hong Kong Island, Hong Kong",,Kwai Tsing,Hong Kong,Hong Kong,HK,Point,"[114.12116, 22.36362]",False,24847281
"Darlinghurst, NSW, Australia",Darlinghurst,Sydney,Sydney,Australia,AU,Point,"[151.21246, -33.87649]",True,24848349
"Porto, Porto, Portugal",,"Cedofeita, Ildefonso, Sé, Miragaia, Nicolau, Vitória",Porto,Portugal,PT,Point,"[-8.61221, 41.14422]",True,24849266
"Wailea-Makena, HI, United States",Maui,Kihei-Makena,Maui,United States,US,Point,"[-156.44118, 20.6892]",False,24849631
"Porto, Porto, Portugal",,"Cedofeita, Ildefonso, Sé, Miragaia, Nicolau, Vitória",Porto,Portugal,PT,Point,"[-8.61876, 41.14765]",True,248537
"Montréal, Québec, Canada",Downtown Montreal,Ville-Marie,Montreal,Canada,CA,Point,"[-73.57056, 45.49661]",True,24857815
"Bondi Beach, NSW, Australia",Bondi Beach,Waverley,Sydney,Australia,AU,Point,"[151.27387, -33.89523]",True,24858356
"Hong Kong, Hong Kong Island, Hong Kong",Central & Western District,Central & Western,Hong Kong,Hong Kong,HK,Point,"[114.15185, 22.28483]",True,24859326
"Barcelona, Catalunya, Spain",Sants-Montjuïc,la Font de la Guatlla,Barcelona,Spain,ES,Point,"[2.14544, 41.37094]",True,24862771
"Bronte, NSW, Australia",Bronte,Waverley,Sydney,Australia,AU,Point,"[151.26521, -33.9004]",True,24863216
"Vila Nova de Gaia, Porto, Portugal",,Mafamude e Vilar do Paraíso,Porto,Portugal,PT,Point,"[-8.60886, 41.11709]",False,24867235
"Montréal, Québec, Canada",Downtown Montreal,Ville-Marie,Montreal,Canada,CA,Point,"[-73.57849, 45.50111]",True,24868157
"Dollard-des-Ormeaux, Québec, Canada",Dollard-des-Ormeaux,Dollard-des-Ormeaux,Montreal,Canada,CA,Point,"[-73.79282, 45.49385]",True,24871838
"Elizabeth Bay, NSW, Australia",Elizabeth Bay/Rushcutters Bay,Sydney,Sydney,Australia,AU,Point,"[151.22773, -33.87439]",True,24874349
"Vila Nova de Gaia, Porto, Portugal",,Santa Marinha e São Pedro da Afurada,Porto,Portugal,PT,Point,"[-8.6206, 41.12383]",True,24899410
"Vila Nova de Gaia, Porto, Portugal",,Mafamude e Vilar do Paraíso,Porto,Portugal,PT,Point,"[-8.60621, 41.12929]",True,24900291
"Monterey, NSW, Australia",Monterey,Rockdale,Sydney,Australia,AU,Point,"[151.15043, -33.97339]",True,24903267
"Barcelona, Catalonia, Spain",El Raval,el Raval,Barcelona,Spain,ES,Point,"[2.1697, 41.38471]",False,24903500
"Vila Nova de Gaia, Porto, Portugal",,Santa Marinha e São Pedro da Afurada,Porto,Portugal,PT,Point,"[-8.62662, 41.13615]",True,24916356
"Porto, Porto, Portugal",,"Cedofeita, Ildefonso, Sé, Miragaia, Nicolau, Vitória",Porto,Portugal,PT,Point,"[-8.61443, 41.15158]",True,24916415
"Beverly Hills, NSW, Australia",Beverly Hills,Hurstville,Sydney,Australia,AU,Point,"[151.08673, -33.94626]",False,24916551
"Dee Why, NSW, Australia",,Warringah,Sydney,Australia,AU,Point,"[151.29581, -33.7546]",False,24917020
"Copacabana, Rio de Janeiro, Brazil",Copacabana,Copacabana,Rio De Janeiro,Brazil,BR,Point,"[-43.17968350439843, -22.965476099031008]",True,24917622
"Montréal, Québec, Canada",Rosemont-La Petite-Patrie,Rosemont-La Petite-Patrie,Montreal,Canada,CA,Point,"[-73.57309, 45.54917]",True,24917821
"Barcelona, Catalunya, Spain",Eixample,el Fort Pienc,Barcelona,Spain,ES,Point,"[2.18066, 41.39332]",True,2493382
"Montréal, Québec, Canada",Old Port,Ville-Marie,Montreal,Canada,CA,Point,"[-73.55863, 45.50182]",True,24938559
"Montréal, Québec, Canada",Rivière-des-Prairies-Pointe-aux-Trembles,Rivière-des-Prairies-Pointe-aux-Trembles,Montreal,Canada,CA,Point,"[-73.61068, 45.63219]",True,24944774
"Porto, Porto, Portugal",,"Cedofeita, Ildefonso, Sé, Miragaia, Nicolau, Vitória",Porto,Portugal,PT,Point,"[-8.60491, 41.15812]",True,24945999
"Hong Kong Island, Hong Kong Island, Hong Kong",Sai Ying Pun,Central & Western,Hong Kong,Hong Kong,HK,Point,"[114.14157, 22.28498]",False,24948880
"Porto, Porto, Portugal",,Lordelo do Ouro e Massarelos,Porto,Portugal,PT,Point,"[-8.62891, 41.15483]",True,24952440
"Curicica, Rio de Janeiro, Brazil",,Curicica,Rio De Janeiro,Brazil,BR,Point,"[-43.383179178641036, -22.943987570940173]",True,24955954
"Şişli, İstanbul, Turkey",Şişli,Sisli,Istanbul,Turkey,TR,Point,"[28.98415, 41.04352]",False,24960094
"Kadıköy, İstanbul, Turkey",Kadıköy,Kadikoy,Istanbul,Turkey,TR,Point,"[29.03738, 40.98682]",True,24960259
"Vila do Conde, Porto, Portugal",,Vila do Conde,Porto,Portugal,PT,Point,"[-8.75701, 41.36072]",True,24960623
"Montréal, Québec, Canada",La Petite-Patrie,Rosemont-La Petite-Patrie,Montreal,Canada,CA,Point,"[-73.5938, 45.54885]",True,24969860
"Montréal, Québec, Canada",Villeray,Villeray-Saint-Michel-Parc-Extension,Montreal,Canada,CA,Point,"[-73.61981, 45.53843]",True,24970484
"Hong Kong Island, Hong Kong Island, Hong Kong",Central & Western District,Central & Western,Hong Kong,Hong Kong,HK,Point,"[114.1259, 22.27511]",False,24972885
"Hong Kong, Kowloon, Hong Kong",Mong Kok,Yau Tsim Mong,Hong Kong,Hong Kong,HK,Point,"[114.16968, 22.32252]",True,24981028
"Vila Nova de Gaia, Portugal",,Oliveira do Douro,Porto,Portugal,PT,Point,"[-8.599, 41.13317]",False,24982210
"Woolloomooloo, NSW, Australia",Woolloomooloo,Sydney,Sydney,Australia,AU,Point,"[151.21914, -33.8716]",True,24993202
"Lahaina, US, United States",Maui,Lahaina,Maui,United States,US,Point,"[-156.66905, 20.85909]",False,24999091
"Montréal, Québec, Canada",Le Plateau-Mont-Royal,Le Plateau-Mont-Royal,Montreal,Canada,CA,Point,"[-73.5848, 45.52347]",True,25014628
"Montréal, Québec, Canada",Cote-des-Neiges-Notre-Dame-de-Grace,Côte-des-Neiges-Notre-Dame-de-Grâce,Montreal,Canada,CA,Point,"[-73.63988, 45.45644]",True,25034631
"Honolulu, HI, United States",Oʻahu,Primary Urban Center,Oahu,United States,US,Point,"[-157.79939, 21.2946]",True,25061385
"Kailua, HI, United States",Oʻahu,Koolaupoko,Oahu,United States,US,Point,"[-157.71895, 21.3938]",True,25065550
"Beyoğlu, İstanbul, Turkey",Karaköy,Beyoglu,Istanbul,Turkey,TR,Point,"[28.97444, 41.02758]",True,25069056
"Porto, Porto, Portugal",,"Cedofeita, Ildefonso, Sé, Miragaia, Nicolau, Vitória",Porto,Portugal,PT,Point,"[-8.60613, 41.14843]",True,25069374
"Montréal, Québec, Canada",Le Plateau-Mont-Royal,Le Plateau-Mont-Royal,Montreal,Canada,CA,Point,"[-73.57488, 45.51285]",True,25070084
"Barcelona, Catalunya, Spain",El Gòtic,el Barri Gòtic,Barcelona,Spain,ES,Point,"[2.1746, 41.38634]",True,25070327
"Junqueira, Aveiro, Portugal",,Junqueira,Other (International),Portugal,PT,Point,"[-8.33777, 40.80005]",True,25071762
"Şişli, İstanbul, Turkey",Şişli,Sisli,Istanbul,Turkey,TR,Point,"[28.98502, 41.04858]",True,25082056
"Kihei, HI, United States",Maui,Kihei-Makena,Maui,United States,US,Point,"[-156.44299, 20.7079]",True,25086367
"Montréal, Québec, Canada",Downtown Montreal,Le Sud-Ouest,Montreal,Canada,CA,Point,"[-73.55964, 45.49096]",True,25086993
"İstanbul, İstanbul, Turkey",Cihangir,Beyoglu,Istanbul,Turkey,TR,Point,"[28.97929, 41.03054]",False,25104160
"İstanbul, İstanbul, Turkey",Kadıköy,Kadikoy,Istanbul,Turkey,TR,Point,"[29.08891, 40.95592]",False,25104214
"Potts Point, NSW, Australia",Potts Point,Sydney,Sydney,Australia,AU,Point,"[151.2222, -33.87451]",True,2510866
"Barcelona, Catalunya, Spain",L'Antiga Esquerra de l'Eixample,l'Antiga Esquerra de l'Eixample,Barcelona,Spain,ES,Point,"[2.1454, 41.39273]",True,25117844
"Hong Kong, Kowloon, Hong Kong",Yau Tsim Mong,Yau Tsim Mong,Hong Kong,Hong Kong,HK,Point,"[114.17315, 22.30337]",True,25118763
"Porto, Porto, Portugal",,"Aldoar, Foz do Douro e Nevogilde",Porto,Portugal,PT,Point,"[-8.67529, 41.16528]",False,25119033
"Porto, Porto, Portugal",,"Cedofeita, Ildefonso, Sé, Miragaia, Nicolau, Vitória",Porto,Portugal,PT,Point,"[-8.61376, 41.15167]",True,25130140
"Şişli, İstanbul, Turkey",Taksim,Sisli,Istanbul,Turkey,TR,Point,"[28.98313, 41.04217]",False,25134372
"Montréal, Québec, Canada",Le Plateau-Mont-Royal,Le Plateau-Mont-Royal,Montreal,Canada,CA,Point,"[-73.57112, 45.53623]",True,25135972
"Honolulu, HI, United States",McCully/Moiliili,Primary Urban Center,Oahu,United States,US,Point,"[-157.82755, 21.29037]",True,25136779
"Istanbul, Istanbul, Turkey",Cihangir,Beyoglu,Istanbul,Turkey,TR,Point,"[28.98564, 41.03203]",False,251414
"Jordan, Hong Kong, Hong Kong",Yau Tsim Mong,Yau Tsim Mong,Hong Kong,Hong Kong,HK,Point,"[114.17131, 22.30545]",False,25144253
"Saint Peters, NSW, Australia",St Peters,Marrickville,Sydney,Australia,AU,Point,"[151.17826, -33.9118]",False,25148829
"Lachine , QC, Canada",Lachine,Lachine,Montreal,Canada,CA,Point,"[-73.69629, 45.43375]",False,25150521
"Rio, Rio de Janeiro, Brazil",Santa Teresa,Santa Teresa,Rio De Janeiro,Brazil,BR,Point,"[-43.179866419091326, -22.91883814648638]",True,2515976
"Dorval, Québec, Canada",Dorval,Dorval,Montreal,Canada,CA,Point,"[-73.76779, 45.45358]",True,25167125
"Porto, Porto, Portugal",,"Cedofeita, Ildefonso, Sé, Miragaia, Nicolau, Vitória",Porto,Portugal,PT,Point,"[-8.61564, 41.15038]",True,25167361
"Hong Kong, Hong Kong Island, Hong Kong",Wan Chai District,Wan Chai,Hong Kong,Hong Kong,HK,Point,"[114.17963, 22.27639]",True,25173285
"Ipanema, Rio de Janeiro, Brazil",Ipanema,Ipanema,Rio De Janeiro,Brazil,BR,Point,"[-43.19369643242798, -22.985192888934353]",True,25183276
"Barcelona, Catalunya, Spain",El Clot,el Clot,Barcelona,Spain,ES,Point,"[2.18758, 41.41355]",True,25185445
"Montréal, QC, Canada",Quartier des Spectacles,Ville-Marie,Montreal,Canada,CA,Point,"[-73.56084, 45.51014]",True,25187510
"Montréal, Québec, Canada",Cote-des-Neiges-Notre-Dame-de-Grace,Côte-des-Neiges-Notre-Dame-de-Grâce,Montreal,Canada,CA,Point,"[-73.62276, 45.50528]",True,25188067
"Copacabana, Rio de Janeiro, Brazil",Copacabana,Copacabana,Rio De Janeiro,Brazil,BR,Point,"[-43.19072719492715, -22.982918380828945]",True,25189566
"Hong Kong, Kowloon, Hong Kong",Yau Tsim Mong,Yau Tsim Mong,Hong Kong,Hong Kong,HK,Point,"[114.17024, 22.31666]",False,25200117
"Porto, Porto, Portugal",,Bonfim,Porto,Portugal,PT,Point,"[-8.5978, 41.16037]",True,25200703
"Montréal, Québec, Canada",Ahuntsic-Cartierville,Ahuntsic-Cartierville,Montreal,Canada,CA,Point,"[-73.66881, 45.55895]",True,25211066
"Barcelona, CT, Spain",Ciutat Vella,el Barri Gòtic,Barcelona,Spain,ES,Point,"[2.17579, 41.379]",False,25217878
"Mosman, NSW, Australia",Mosman,Mosman,Sydney,Australia,AU,Point,"[151.23545, -33.82071]",True,25223461
"Westmount, Québec, Canada",Westmount,Westmount,Montreal,Canada,CA,Point,"[-73.58559, 45.48857]",True,25224358
"Brooklyn, NY, United States",Clinton Hill,Bedford-Stuyvesant,New York,United States,US,Point,"[-73.96065, 40.69284]",True,25226807
"Barcelona, Barcelona, Spain",Sant Martí,Diagonal Mar i el Front Marítim del Poblenou,Barcelona,Spain,ES,Point,"[2.21416, 41.40968]",False,25233509
"Shenzhen Shi, Guangdong Sheng, China",,Yuen Long,Hong Kong,China,CN,Point,"[114.06117, 22.51084]",True,25238139
"Şişli, İstanbul, Turkey",Şişli,Sisli,Istanbul,Turkey,TR,Point,"[28.98958, 41.05426]",True,25239252
"Üsküdar, İstanbul, Turkey",Üsküdar,Uskudar,Istanbul,Turkey,TR,Point,"[29.0379, 41.02706]",True,25241699
"Hong Kong, Hong Kong Island, Hong Kong",Wan Chai District,Wan Chai,Hong Kong,Hong Kong,HK,Point,"[114.1842, 22.27839]",True,25244992
"Beyoğlu, İstanbul, Turkey",Taksim,Beyoglu,Istanbul,Turkey,TR,Point,"[28.97966, 41.03957]",True,25248977
"Shenzhen Shi, Guangdong Sheng, China",,North,Hong Kong,China,CN,Point,"[114.12644, 22.53663]",False,25250380
"Montréal, QC, Canada",Hochelaga-Maisonneuve,Ville-Marie,Montreal,Canada,CA,Point,"[-73.55054, 45.53739]",False,25261646
"Kihei, HI, United States",Maui,Kihei-Makena,Maui,United States,US,Point,"[-156.45071, 20.75288]",True,25264318
"Montréal, Québec, Canada",Mile End,Le Plateau-Mont-Royal,Montreal,Canada,CA,Point,"[-73.60518, 45.52362]",True,25266022
"Grajau, Rio de Janeiro, Brazil",Grajaú,Grajaú,Rio De Janeiro,Brazil,BR,Point,"[-43.254812622976004, -22.919667645231222]",True,25266112
"Beşiktaş, İstanbul, Turkey",Beşiktaş,Besiktas,Istanbul,Turkey,TR,Point,"[29.00816, 41.04537]",False,25277573
"Büyükçekmece, İstanbul, Turkey",,Buyukcekmece,Istanbul,Turkey,TR,Point,"[28.59058, 41.02628]",False,25280061
"Şişli, İstanbul, Turkey",Şişli,Sisli,Istanbul,Turkey,TR,Point,"[28.98566, 41.05979]",True,25281132
"Montréal, Québec, Canada",Little Burgundy,Le Sud-Ouest,Montreal,Canada,CA,Point,"[-73.57575, 45.48745]",True,25281601
"Porto, Porto, Portugal",,Bonfim,Porto,Portugal,PT,Point,"[-8.60027, 41.16029]",True,25292788
"Honolulu, HI, United States",Honolulu,Primary Urban Center,Oahu,United States,US,Point,"[-157.85041, 21.31008]",True,2530337
"New Territories, New Territories, Hong Kong",,Tuen Mun,Hong Kong,Hong Kong,HK,Point,"[113.97528, 22.40478]",False,25311086
"Matosinhos, Porto, Portugal",,Matosinhos e Leça da Palmeira,Porto,Portugal,PT,Point,"[-8.67185, 41.18075]",True,25317459
"Leme, Rio de Janeiro, Brazil",Leme,Leme,Rio De Janeiro,Brazil,BR,Point,"[-43.172436514896255, -22.962853680527036]",True,25323086
"Bakırköy, İstanbul, Turkey",,Bakirkoy,Istanbul,Turkey,TR,Point,"[28.87705, 40.97825]",True,25366550
"Barcelona, Catalonia, Spain",Eixample,la Sagrada Família,Barcelona,Spain,ES,Point,"[2.1749, 41.40102]",True,2536984
"Humaitá, Rio de Janeiro, Brazil",Humaitá,Humaitá,Rio De Janeiro,Brazil,BR,Point,"[-43.1997376615213, -22.95792977662092]",True,25377740
"Istanbul, Istanbul Province, Turkey",,Kagithane,Istanbul,Turkey,TR,Point,"[28.98092, 41.0892]",False,2538085
"Brooklyn, NY, United States",Greenpoint,Greenpoint,New York,United States,US,Point,"[-73.95296, 40.73714]",True,253842
"Montréal, Québec, Canada",Cote-des-Neiges-Notre-Dame-de-Grace,Côte-des-Neiges-Notre-Dame-de-Grâce,Montreal,Canada,CA,Point,"[-73.62332, 45.51187]",True,25398833
"Vila Nova de Gaia, Porto, Portugal",,Santa Marinha e São Pedro da Afurada,Porto,Portugal,PT,Point,"[-8.61138, 41.13627]",True,25399181
"Barcelona, Catalunya, Spain",Ciutat Vella,el Raval,Barcelona,Spain,ES,Point,"[2.17466, 41.3781]",True,25402379
"TA KWU LING FANLING, NEW TERRITORIES, Hong Kong",,North,Hong Kong,Hong Kong,HK,Point,"[114.15282, 22.52856]",True,25408055
"Forest Lodge, NSW, Australia",Forest Lodge,Sydney,Sydney,Australia,AU,Point,"[151.18108, -33.88433]",True,25410221
"Montréal, Québec, Canada",Old Rosemont,Rosemont-La Petite-Patrie,Montreal,Canada,CA,Point,"[-73.57521, 45.55707]",True,25414968
"Barcelona, Catalunya, Spain",Sant Martí,el Besòs i el Maresme,Barcelona,Spain,ES,Point,"[2.21576, 41.41612]",False,25418032
"Beşiktaş/ bebek, İstanbul, Turkey",Beşiktaş,Besiktas,Istanbul,Turkey,TR,Point,"[29.03891, 41.07731]",True,25436
"Porto, Porto, Portugal",,Paranhos,Porto,Portugal,PT,Point,"[-8.60043, 41.16556]",True,25437034
"Porto, Porto, Portugal",,Bonfim,Porto,Portugal,PT,Point,"[-8.59822, 41.14889]",False,25446051
"Barcelona, Catalunya, Spain",Sant Pere/Santa Caterina,"Sant Pere, Santa Caterina i la Ribera",Barcelona,Spain,ES,Point,"[2.17317, 41.38848]",True,25448375
"Montréal, Québec, Canada",Downtown Montreal,Ville-Marie,Montreal,Canada,CA,Point,"[-73.58082, 45.50023]",True,25448488
"Barcelona, Catalunya, Spain",Eixample,la Dreta de l'Eixample,Barcelona,Spain,ES,Point,"[2.1747, 41.39243]",True,25453308
"Lachine , QC, Canada",Lachine,Lachine,Montreal,Canada,CA,Point,"[-73.69669, 45.43426]",False,25465501
"Montréal-Est, Québec, Canada",Rivière-des-Prairies-Pointe-aux-Trembles,Rivière-des-Prairies-Pointe-aux-Trembles,Montreal,Canada,CA,Point,"[-73.50062, 45.63482]",True,25479588
"Porto, Porto, Portugal",,"Cedofeita, Ildefonso, Sé, Miragaia, Nicolau, Vitória",Porto,Portugal,PT,Point,"[-8.60451, 41.1496]",True,25482600
"Beşiktaş, İstanbul, Turkey",Üsküdar,Uskudar,Istanbul,Turkey,TR,Point,"[29.04929, 41.00184]",False,25484442
"Beyoğlu, İstanbul, Turkey",Karaköy,Beyoglu,Istanbul,Turkey,TR,Point,"[28.97872, 41.02752]",True,25484862
"Porto, Porto, Portugal",,"Cedofeita, Ildefonso, Sé, Miragaia, Nicolau, Vitória",Porto,Portugal,PT,Point,"[-8.60233, 41.14555]",True,25485516
"Hong Kong, 香港島, Hong Kong",Sai Ying Pun,Central & Western,Hong Kong,Hong Kong,HK,Point,"[114.1356, 22.2876]",False,25501014
"Porto, Porto, Portugal",,"Cedofeita, Ildefonso, Sé, Miragaia, Nicolau, Vitória",Porto,Portugal,PT,Point,"[-8.60636, 41.15133]",True,25503333
"Vila Nova de Gaia, Porto, Portugal",,Santa Marinha e São Pedro da Afurada,Porto,Portugal,PT,Point,"[-8.60731, 41.13396]",True,25503822
"Rio de Janeiro, Rio de Janeiro, Brazil",Leblon,Leblon,Rio De Janeiro,Brazil,BR,Point,"[-43.22165332153727, -22.982693396483548]",False,25507516
"Rio De Janeiro, Brazil",Copacabana,Copacabana,Rio De Janeiro,Brazil,BR,Point,"[-43.18822533645001, -22.973207953474823]",False,25513422
"Barcelona, Catalunya, Spain",Sant Antoni,Sant Antoni,Barcelona,Spain,ES,Point,"[2.16108, 41.37541]",True,25529363
"Hong Kong, 新界, Hong Kong",,Sha Tin,Hong Kong,Hong Kong,HK,Point,"[114.17678, 22.37172]",True,25532301
"Barcelona, Catalunya, Spain",El Besòs i el Maresme,el Besòs i el Maresme,Barcelona,Spain,ES,Point,"[2.2145, 41.41214]",True,25538422
"Kadıköy, İstanbul, Turkey",Moda,Kadikoy,Istanbul,Turkey,TR,Point,"[29.0258, 40.98713]",False,25541515
"Copacabana, Rio de Janeiro, Brazil",Copacabana,Copacabana,Rio De Janeiro,Brazil,BR,Point,"[-43.19108109985895, -22.97805931377289]",True,25551939
"Barcelona, Catalunya, Spain",Ciutat Vella,"Sant Pere, Santa Caterina i la Ribera",Barcelona,Spain,ES,Point,"[2.17668, 41.3872]",False,25564284
"Adalar, İstanbul, Turkey",,Adalar,Istanbul,Turkey,TR,Point,"[29.06477, 40.88264]",False,25570581
"Montréal, QC, Canada",Outremont,Outremont,Montreal,Canada,CA,Point,"[-73.60989, 45.52276]",True,25575665
"Montréal, Québec, Canada",Downtown Montreal,Ville-Marie,Montreal,Canada,CA,Point,"[-73.55908, 45.51239]",True,25582976
"Waimea, HI, United States",Island of Hawaiʻi,South Kohala,The Big Island,United States,US,Point,"[-155.87606, 19.92999]",False,25595444
"New York, NY, United States",Chelsea,Chelsea,New York,United States,US,Point,"[-74.00253, 40.74599]",True,256328
"New York, NY, United States",Manhattan,East Village,New York,United States,US,Point,"[-73.99114, 40.72416]",True,2563967
"Montréal, Québec, Canada",Le Plateau,Le Plateau-Mont-Royal,Montreal,Canada,CA,Point,"[-73.58167, 45.5246]",True,25653807
"Potts Point, NSW, Australia",Potts Point,Sydney,Sydney,Australia,AU,Point,"[151.22345, -33.87199]",True,25684995
"Wailuku, HI, United States",Maui,Kihei-Makena,Maui,United States,US,Point,"[-156.50678, 20.79562]",True,25688687
"Rio, Rio de Janeiro, Brazil",Barra da Tijuca,Barra da Tijuca,Rio De Janeiro,Brazil,BR,Point,"[-43.35856376288552, -22.989971108927783]",True,2569326
"Vila Nova de Gaia, Porto, Portugal",,Santa Marinha e São Pedro da Afurada,Porto,Portugal,PT,Point,"[-8.61044, 41.13685]",True,25701117
"Hong Kong, Kowloon, Hong Kong",Kwun Tong District,Kwun Tong,Hong Kong,Hong Kong,HK,Point,"[114.23605, 22.29427]",False,25708577
"Labruge, Porto, Portugal",,Labruge,Porto,Portugal,PT,Point,"[-8.72207, 41.27715]",True,25715808
"TR, Turkey",,Bakirkoy,Istanbul,Turkey,TR,Point,"[28.88641, 40.99266]",False,25723457
"Medas, Porto, Portugal",,Melres e Medas,Porto,Portugal,PT,Point,"[-8.45309, 41.06131]",True,25726820
"Hong Kong, New Territories, Hong Kong",,Islands,Hong Kong,Hong Kong,HK,Point,"[113.95176, 22.29495]",True,25739053
"Kailua-Kona, HI, United States",Kailua/Kona,North Kona,The Big Island,United States,US,Point,"[-155.98514, 19.61952]",True,25741832
"Hong Kong, Kowloon, Hong Kong",Yau Tsim Mong,Yau Tsim Mong,Hong Kong,Hong Kong,HK,Point,"[114.17283, 22.30445]",True,25750703
"Lihue, HI, United States",Kauaʻi,Lihue,Kauai,United States,US,Point,"[-159.35173, 21.96126]",True,2576604
"Porto, Porto, Portugal",,"Cedofeita, Ildefonso, Sé, Miragaia, Nicolau, Vitória",Porto,Portugal,PT,Point,"[-8.61722, 41.14244]",False,25769873
"Ipanema, Rio de Janeiro, Brazil",Ipanema,Ipanema,Rio De Janeiro,Brazil,BR,Point,"[-43.21183832660308, -22.986408245066123]",True,25780094
"Montréal, Québec, Canada",Downtown Montreal,Ville-Marie,Montreal,Canada,CA,Point,"[-73.56208, 45.5122]",True,25784240
"Montréal, Québec, Canada",Downtown Montreal,Ville-Marie,Montreal,Canada,CA,Point,"[-73.58246, 45.48968]",True,25784659
"Hong Kong, New Territories, Hong Kong",,Tuen Mun,Hong Kong,Hong Kong,HK,Point,"[113.97378, 22.39716]",True,25785011
"Kihei, HI, United States",Kihei/Wailea,Kihei-Makena,Maui,United States,US,Point,"[-156.44683, 20.72441]",False,2578814
"Montréal, Québec, Canada",Le Plateau,Le Plateau-Mont-Royal,Montreal,Canada,CA,Point,"[-73.56559, 45.52799]",True,25792524
"Fatih, İstanbul, Turkey",Fatih,Fatih,Istanbul,Turkey,TR,Point,"[28.97196, 41.00537]",True,25794804
"Hong Kong, Hong Kong Island, Hong Kong",Wan Chai District,Wan Chai,Hong Kong,Hong Kong,HK,Point,"[114.17551, 22.27705]",True,25796321
"Princeville, HI, United States",Kauaʻi,North Shore Kauai,Kauai,United States,US,Point,"[-159.46807, 22.22189]",False,25803333
"Princeville, HI, United States",Kauaʻi,North Shore Kauai,Kauai,United States,US,Point,"[-159.47528, 22.22821]",False,25803348
"Princeville, HI, United States",Kauaʻi,North Shore Kauai,Kauai,United States,US,Point,"[-159.47092, 22.22033]",False,25803387
"İstanbul, Kadıköy, Turkey",Kadıköy Merkezi,Kadikoy,Istanbul,Turkey,TR,Point,"[29.02963, 40.99558]",False,25819967
"BARCELONA, city, Spain",El Raval,el Raval,Barcelona,Spain,ES,Point,"[2.16624, 41.38319]",False,25820671
"Istanbul , İstanbul, Turkey",Cihangir,Beyoglu,Istanbul,Turkey,TR,Point,"[28.98309, 41.03293]",False,25829784
"Barcelona, Barcelona, Spain",Horta-Guinardó,Can Baró,Barcelona,Spain,ES,Point,"[2.16097, 41.41465]",False,25831839
"Barcelona, Catalunya, Spain",Eixample,la Nova Esquerra de l'Eixample,Barcelona,Spain,ES,Point,"[2.15698, 41.38266]",True,25832582
"Princeville, HI, United States",Kauaʻi,North Shore Kauai,Kauai,United States,US,Point,"[-159.47801, 22.22061]",False,2584102
"Poipu, HI, United States",Kauaʻi,Koloa-Poipu,Kauai,United States,US,Point,"[-159.4449, 21.86867]",False,25841245
"Koloa/Poipu, HI, United States",Kauaʻi,Koloa-Poipu,Kauai,United States,US,Point,"[-159.4472, 21.87045]",False,25841258
"Istanbul, İstanbul, Turkey",Beyoglu,Beyoglu,Istanbul,Turkey,TR,Point,"[28.98128, 41.03107]",False,25845370
"Barcelona, Barcelona, Spain",Eixample,la Sagrada Família,Barcelona,Spain,ES,Point,"[2.17636, 41.40547]",False,25852937
"Hong Kong, Kowloon, Hong Kong",Sham Shui Po District,Sham Shui Po,Hong Kong,Hong Kong,HK,Point,"[114.16846, 22.3276]",True,25856585
"Beyoğlu, İstanbul, Turkey",Beyoglu,Beyoglu,Istanbul,Turkey,TR,Point,"[28.97163, 41.02763]",True,25865052
"Honolulu, HI, United States",Waikiki,Primary Urban Center,Oahu,United States,US,Point,"[-157.83098, 21.28493]",True,25875649
"Hong Kong, Kowloon, Hong Kong",Kowloon City,Kowloon City,Hong Kong,Hong Kong,HK,Point,"[114.19081, 22.31811]",True,25879830
"Kadıköy, İstanbul, Turkey",Kadıköy,Kadikoy,Istanbul,Turkey,TR,Point,"[29.07697, 40.98235]",False,25881010
"Barcelona, Catalunya, Spain",Vila de Gràcia,la Vila de Gràcia,Barcelona,Spain,ES,Point,"[2.15555, 41.39634]",True,25887595
"Hong Kong, Kowloon, Hong Kong",Mong Kok,Yau Tsim Mong,Hong Kong,Hong Kong,HK,Point,"[114.16893, 22.31462]",True,25895351
"Barra da Tijuca, Rio de Janeiro, Brazil",Barra da Tijuca,Barra da Tijuca,Rio De Janeiro,Brazil,BR,Point,"[-43.41899665288906, -23.003707685043466]",False,25911135
"Montréal, Québec, Canada",Cote-des-Neiges,Côte-des-Neiges-Notre-Dame-de-Grâce,Montreal,Canada,CA,Point,"[-73.64205, 45.4977]",True,25913216
"Montréal, Québec, Canada",Quartier des Spectacles,Ville-Marie,Montreal,Canada,CA,Point,"[-73.56208, 45.51139]",True,25919307
"Montréal, Québec, Canada",Downtown Montreal,Ville-Marie,Montreal,Canada,CA,Point,"[-73.58131, 45.49394]",True,25937713
"İstanbul , İstanbul, Turkey",,Bakirkoy,Istanbul,Turkey,TR,Point,"[28.87481, 40.99264]",False,25939348
"Kahana, HI, United States",Westside,Lahaina,Maui,United States,US,Point,"[-156.67987, 20.9713]",False,25949697
"深圳市, 广东省, China",,North,Hong Kong,China,CN,Point,"[114.12288, 22.5345]",False,25950909
"Honolulu, HI, United States",Oʻahu,Primary Urban Center,Oahu,United States,US,Point,"[-157.83454, 21.28482]",True,25953244
"Fatih, İstanbul, Turkey",Fatih,Fatih,Istanbul,Turkey,TR,Point,"[28.94747, 41.03157]",False,25956760
"Newtown, NSW, Australia",Newtown/Enmore,Marrickville,Sydney,Australia,AU,Point,"[151.17798, -33.90252]",True,25961494
"Porto, Porto, Portugal",,"Cedofeita, Ildefonso, Sé, Miragaia, Nicolau, Vitória",Porto,Portugal,PT,Point,"[-8.60221, 41.14578]",False,25964005
"Montreal, QC, Canada",Le Plateau-Mont-Royal,Le Plateau-Mont-Royal,Montreal,Canada,CA,Point,"[-73.57803, 45.52579]",True,259661
"Kadıköy, İstanbul, Turkey",Kadıköy,Kadikoy,Istanbul,Turkey,TR,Point,"[29.03158, 41.00278]",True,25970511
"Pyrmont, NSW, Australia",Pyrmont,Sydney,Sydney,Australia,AU,Point,"[151.19699, -33.87509]",True,25977467
"Lahaina, HI, United States",Westside,Lahaina,Maui,United States,US,Point,"[-156.68395, 20.95762]",True,25977832
"Hong Kong, Hong Kong Island, Hong Kong",Sai Ying Pun,Central & Western,Hong Kong,Hong Kong,HK,Point,"[114.14333, 22.28759]",True,25983004
"Beyoğlu, İstanbul, Turkey",Beyoglu,Beyoglu,Istanbul,Turkey,TR,Point,"[28.9771, 41.0308]",True,25989823
"Barcelona, Catalunya, Spain",El Born,"Sant Pere, Santa Caterina i la Ribera",Barcelona,Spain,ES,Point,"[2.17952, 41.38427]",True,25996203
"Povoa de Varzim, Porto District, Portugal",,"Póvoa de Varzim, Beiriz e Argivai",Porto,Portugal,PT,Point,"[-8.77257, 41.38792]",False,25997982
"Barcelona, CT, Spain",Eixample,la Dreta de l'Eixample,Barcelona,Spain,ES,Point,"[2.17331, 41.39985]",False,26008844
"Kaanapali, HI, United States",Maui,Lahaina,Maui,United States,US,Point,"[-156.69251, 20.92698]",True,26014383
"Honolulu, HI, United States",Oʻahu,Primary Urban Center,Oahu,United States,US,Point,"[-157.83596, 21.28486]",True,26014922
"Montréal, Québec, Canada",Old Montreal,Ville-Marie,Montreal,Canada,CA,Point,"[-73.55364, 45.51031]",True,26023825
"İstanbul, Sarıyer, Turkey",,Sariyer,Istanbul,Turkey,TR,Point,"[29.04304, 41.16868]",False,26044607
"Brooklyn, NY, United States",Fort Greene,Fort Greene,New York,United States,US,Point,"[-73.97203, 40.69142]",True,260451
"Porto, Porto, Portugal",,"Cedofeita, Ildefonso, Sé, Miragaia, Nicolau, Vitória",Porto,Portugal,PT,Point,"[-8.62537, 41.16068]",False,26048057
"Şişli, İstanbul, Turkey",Şişli,Sisli,Istanbul,Turkey,TR,Point,"[28.98097, 41.05279]",False,26060837
"El Prat de Llobregat, Catalunya, Spain",Sants-Montjuïc,la Marina del Prat Vermell,Barcelona,Spain,ES,Point,"[2.0978, 41.33371]",True,2606204
"Waialua, HI, United States",Oʻahu,North Shore Oahu,Oahu,United States,US,Point,"[-158.1092, 21.57044]",True,26064830
"Honolulu, HI, United States",Kalihi Valley,Primary Urban Center,Oahu,United States,US,Point,"[-157.84679, 21.36338]",True,260703
"New York, NY, United States",Manhattan,Upper East Side,New York,United States,US,Point,"[-73.95588, 40.77231]",True,2607583
"Montréal, Québec, Canada",Le Plateau,Le Plateau-Mont-Royal,Montreal,Canada,CA,Point,"[-73.58125, 45.52531]",True,26077159
"Porto, Porto, Portugal",,"Cedofeita, Ildefonso, Sé, Miragaia, Nicolau, Vitória",Porto,Portugal,PT,Point,"[-8.60269, 41.14802]",True,26077593
"Chatswood, NSW, Australia",Chatswood,Willoughby,Sydney,Australia,AU,Point,"[151.19258, -33.79566]",True,26084478
"Annandale, NSW, Australia",Annandale/Leichhardt,Leichhardt,Sydney,Australia,AU,Point,"[151.1729, -33.88452]",True,2609433
"Porto, Porto, Portugal",,"Cedofeita, Ildefonso, Sé, Miragaia, Nicolau, Vitória",Porto,Portugal,PT,Point,"[-8.62063, 41.15544]",True,26100353
"İstanbul, İstanbul, Turkey",Şişli,Sisli,Istanbul,Turkey,TR,Point,"[28.988, 41.06116]",False,26103478
"Barcelona, Catalunya, Spain",Eixample,el Fort Pienc,Barcelona,Spain,ES,Point,"[2.18089, 41.39684]",True,26105391
"Porto, Porto, Portugal",,Paranhos,Porto,Portugal,PT,Point,"[-8.5879, 41.17727]",False,26106075
"Barcelona, Catalunya, Spain",Gràcia,la Vila de Gràcia,Barcelona,Spain,ES,Point,"[2.15063, 41.40447]",True,26106160
"Kihei, HI, United States",Kihei/Wailea,Kihei-Makena,Maui,United States,US,Point,"[-156.44492, 20.71271]",True,26108786
"Rio de Janeiro, Rio de Janeiro, Brazil",Copacabana,Copacabana,Rio De Janeiro,Brazil,BR,Point,"[-43.18298112387927, -22.96827522014027]",False,26110157
"Pyrmont, NSW, Australia",Pyrmont,Sydney,Sydney,Australia,AU,Point,"[151.19653, -33.87332]",False,26112559
"Barcelona, Catalunya, Spain",Sants-Montjuïc,Hostafrancs,Barcelona,Spain,ES,Point,"[2.145, 41.37794]",True,26113123
"Barcelona, Catalunya, Spain",Sant Martí,el Poblenou,Barcelona,Spain,ES,Point,"[2.20117, 41.40255]",True,26120284
"Porto, Porto District, Portugal",,"Cedofeita, Ildefonso, Sé, Miragaia, Nicolau, Vitória",Porto,Portugal,PT,Point,"[-8.60273, 41.15036]",False,26120502
"Barcelona, Catalunya, Spain",El Raval,el Raval,Barcelona,Spain,ES,Point,"[2.16621, 41.38395]",True,26120851
"Hong Kong, Kowloon, Hong Kong",Yau Tsim Mong,Yau Tsim Mong,Hong Kong,Hong Kong,HK,Point,"[114.16932, 22.31863]",True,2612849
"Montréal, Québec, Canada",La Petite-Patrie,Rosemont-La Petite-Patrie,Montreal,Canada,CA,Point,"[-73.60055, 45.54112]",True,26134555
"Porto, Porto, Portugal",,"Aldoar, Foz do Douro e Nevogilde",Porto,Portugal,PT,Point,"[-8.67211, 41.15087]",True,26143851
"Hong Kong, Hong Kong Island, Hong Kong",Central & Western District,Central & Western,Hong Kong,Hong Kong,HK,Point,"[114.15335, 22.28533]",True,26146479
"Hong Kong, Kowloon, Hong Kong",Yau Tsim Mong,Yau Tsim Mong,Hong Kong,Hong Kong,HK,Point,"[114.16683, 22.30618]",True,26150475
"Vila Nova de Gaia, Porto, Portugal",,Mafamude e Vilar do Paraíso,Porto,Portugal,PT,Point,"[-8.60854, 41.12771]",True,26151425
"Beşiktaş, İstanbul, Turkey",Beşiktaş,Besiktas,Istanbul,Turkey,TR,Point,"[29.01307, 41.04606]",False,26158096
"Montréal, Québec, Canada",Le Plateau-Mont-Royal,Le Plateau-Mont-Royal,Montreal,Canada,CA,Point,"[-73.57857, 45.52293]",True,26164547
"Lahaina, HI, United States",Napili/Honokowai,Lahaina,Maui,United States,US,Point,"[-156.68587, 20.95666]",False,26170427
"Hong Kong, Hong Kong Island, Hong Kong",North Point,Eastern,Hong Kong,Hong Kong,HK,Point,"[114.19977, 22.29032]",True,26178812
"Montréal, Québec, Canada",Villeray,Villeray-Saint-Michel-Parc-Extension,Montreal,Canada,CA,Point,"[-73.62657, 45.53873]",True,26185187
"Kamuela, HI, United States",Island of Hawaiʻi,South Kohala,The Big Island,United States,US,Point,"[-155.85622, 19.94653]",False,26197507
"Leme, Rio de Janeiro, Brazil",Leme,Leme,Rio De Janeiro,Brazil,BR,Point,"[-43.16990793229011, -22.961917625695435]",True,26199936
"Waikiki, HI, United States",Honolulu,Primary Urban Center,Oahu,United States,US,Point,"[-157.822, 21.27413]",False,26204249
"Vila Nova de Gaia, Porto, Portugal",,Santa Marinha e São Pedro da Afurada,Porto,Portugal,PT,Point,"[-8.62179, 41.12777]",True,26209883
"Grajau, Rio de Janeiro, Brazil",Engenho Novo,Engenho Novo,Rio De Janeiro,Brazil,BR,Point,"[-43.2718506152968, -22.913544431538625]",True,26210993
"Montréal, Québec, Canada",Le Plateau-Mont-Royal,Le Plateau-Mont-Royal,Montreal,Canada,CA,Point,"[-73.59447, 45.52984]",True,26231187
"Porto, Porto, Portugal",,Bonfim,Porto,Portugal,PT,Point,"[-8.59848, 41.14567]",True,26232410
"Barcelona, Catalunya, Spain",El Gòtic,el Barri Gòtic,Barcelona,Spain,ES,Point,"[2.17855, 41.38164]",True,26242605
"Leichhardt, NSW, Australia",Annandale/Leichhardt,Leichhardt,Sydney,Australia,AU,Point,"[151.14769, -33.8802]",False,26244400
"Kihei, HI, United States",Maui,Kihei-Makena,Maui,United States,US,Point,"[-156.44098, 20.69808]",True,26257930
"Hong Kong, Kowloon, Hong Kong",Hung Hom,Kowloon City,Hong Kong,Hong Kong,HK,Point,"[114.18672, 22.30099]",True,26259025
"Barcelona, Catalunya, Spain",Ciutat Vella,el Raval,Barcelona,Spain,ES,Point,"[2.1663, 41.38394]",True,26263467
"Waikele, HI, United States",Oʻahu,Central Oahu,Oahu,United States,US,Point,"[-158.01012, 21.40908]",False,26263470
"Hong Kong, Hong Kong Island, Hong Kong",Shek Tong Tsui,Central & Western,Hong Kong,Hong Kong,HK,Point,"[114.13231, 22.28754]",True,26270602
"Kingsford, NSW, Australia",Kingsford,Randwick,Sydney,Australia,AU,Point,"[151.23078, -33.92315]",False,26273293
"Porto, Porto, Portugal",,Paranhos,Porto,Portugal,PT,Point,"[-8.60646, 41.17057]",True,26287233
"Honolulu, HI, United States",Honolulu,Primary Urban Center,Oahu,United States,US,Point,"[-157.8205, 21.27592]",True,2629234
"Malabar, NSW, Australia",Malabar,Randwick,Sydney,Australia,AU,Point,"[151.24884, -33.96664]",True,26308209
"Barcelona, Catalunya, Spain",Sant Pere/Santa Caterina,"Sant Pere, Santa Caterina i la Ribera",Barcelona,Spain,ES,Point,"[2.1818, 41.38763]",True,26313671
"Barcelona, Catalunya, Spain",Ciutat Vella,el Barri Gòtic,Barcelona,Spain,ES,Point,"[2.17585, 41.38406]",True,26313903
"Waianae, HI, United States",Nanakuli/Maili,Waianae,Oahu,United States,US,Point,"[-158.17655, 21.41425]",True,26315238
"New York, NY, United States",Manhattan,East Village,New York,United States,US,Point,"[-73.98591, 40.72534]",True,263190
"Barcelona, Catalunya, Spain",Ciutat Vella,el Barri Gòtic,Barcelona,Spain,ES,Point,"[2.17557, 41.38123]",True,26319639
"Montréal, Québec, Canada",Rosemont-La Petite-Patrie,Rosemont-La Petite-Patrie,Montreal,Canada,CA,Point,"[-73.5769, 45.56223]",True,26320917
"Porto, Grande Porto, Portugal",,"Cedofeita, Ildefonso, Sé, Miragaia, Nicolau, Vitória",Porto,Portugal,PT,Point,"[-8.60438, 41.1545]",False,26323083
"Alexandria, NSW, Australia",Redfern,Sydney,Sydney,Australia,AU,Point,"[151.19829, -33.89472]",False,26334724
"Drummoyne, NSW, Australia",Drummoyne,Canada Bay,Sydney,Australia,AU,Point,"[151.15249, -33.8464]",True,26340840
"Hong Kong, Kowloon, Hong Kong",Yau Tsim Mong,Yau Tsim Mong,Hong Kong,Hong Kong,HK,Point,"[114.16791, 22.31996]",True,26342079
"Şişli, İstanbul, Turkey",Şişli,Sisli,Istanbul,Turkey,TR,Point,"[28.98504, 41.0512]",True,26342532
"Hong Kong, New Territories, Hong Kong",,Sai Kung,Hong Kong,Hong Kong,HK,Point,"[114.26052, 22.39018]",False,26344088
"Barcelona, Catalunya, Spain",Ciutat Vella,el Barri Gòtic,Barcelona,Spain,ES,Point,"[2.17552, 41.37998]",True,26348233
"Mindelo, Porto District, Portugal",,Vila Chã,Porto,Portugal,PT,Point,"[-8.73177, 41.30549]",False,2634829
"Beyoğlu, İstanbul, Turkey",Taksim,Beyoglu,Istanbul,Turkey,TR,Point,"[28.98354, 41.03905]",False,26358814
"Honolulu, HI, United States",Honolulu,Primary Urban Center,Oahu,United States,US,Point,"[-157.8231, 21.27348]",True,26361065
"Waianae, HI, United States",Oʻahu,Waianae,Oahu,United States,US,Point,"[-158.21734, 21.46995]",True,26365192
"Montréal, Québec, Canada",Mercier-Hochelaga-Maisonneuve,Mercier-Hochelaga-Maisonneuve,Montreal,Canada,CA,Point,"[-73.55022, 45.57491]",True,26365414
"Barcelona, Catalunya, Spain",Sant Gervasi - Galvany,Sant Gervasi - Galvany,Barcelona,Spain,ES,Point,"[2.14869, 41.39592]",False,26366454
"Barcelona, Catalunya, Spain",Ciutat Vella,el Barri Gòtic,Barcelona,Spain,ES,Point,"[2.17539, 41.38126]",True,26380958
"Pāhoa, HI, United States",Island of Hawaiʻi,Puna,The Big Island,United States,US,Point,"[-154.9195, 19.50217]",True,26391176
"Kadıköy, İstanbul, Turkey",Moda,Kadikoy,Istanbul,Turkey,TR,Point,"[29.03209, 40.98724]",False,26405954
"Bondi Beach, NSW, Australia",Bondi Beach,Waverley,Sydney,Australia,AU,Point,"[151.26985, -33.88589]",True,26414600
"Hong Kong, Kowloon, Hong Kong",Mong Kok,Yau Tsim Mong,Hong Kong,Hong Kong,HK,Point,"[114.16829, 22.32116]",True,26415333
"Koloa, HI, United States",Kauaʻi,Koloa-Poipu,Kauai,United States,US,Point,"[-159.45861, 21.88376]",False,26419653
"Tijuca, Rio de Janeiro, Brazil",Tijuca,Tijuca,Rio De Janeiro,Brazil,BR,Point,"[-43.221281424364804, -22.92322135594837]",False,26427671
"Whale Beach, NSW, Australia",Palm Beach,Pittwater,Sydney,Australia,AU,Point,"[151.32739, -33.60676]",True,26430039
"Matosinhos, Porto, Portugal",,Matosinhos e Leça da Palmeira,Porto,Portugal,PT,Point,"[-8.69027, 41.17908]",True,26436758
"Montréal, QC, Canada",Mile End,Le Plateau-Mont-Royal,Montreal,Canada,CA,Point,"[-73.59376, 45.51961]",False,26438611
"Porto, Porto, Portugal",,"Cedofeita, Ildefonso, Sé, Miragaia, Nicolau, Vitória",Porto,Portugal,PT,Point,"[-8.60567, 41.15156]",True,26443961
"Barcelona, Catalunya, Spain",La Vila Olímpica,la Vila Olímpica del Poblenou,Barcelona,Spain,ES,Point,"[2.19483, 41.3942]",True,26444105
"Copacabana, Rio de Janeiro, Brazil",Copacabana,Copacabana,Rio De Janeiro,Brazil,BR,Point,"[-43.191166017041695, -22.974201594007827]",True,26463049
"Montréal, Québec, Canada",Parc-Extension,Villeray-Saint-Michel-Parc-Extension,Montreal,Canada,CA,Point,"[-73.62583, 45.52836]",False,26471879
"Coogee, NSW, Australia",Coogee,Randwick,Sydney,Australia,AU,Point,"[151.25564, -33.92142]",True,26474245
"Hong Kong, Kowloon, Hong Kong",Mong Kok,Yau Tsim Mong,Hong Kong,Hong Kong,HK,Point,"[114.17045, 22.31935]",True,26475990
"Hong Kong, Kowloon, Hong Kong",Wong Tai Sin District,Sha Tin,Hong Kong,Hong Kong,HK,Point,"[114.22315, 22.35991]",False,26486034
"Hong Kong, 九龍, Hong Kong",Mong Kok,Yau Tsim Mong,Hong Kong,Hong Kong,HK,Point,"[114.16967, 22.3219]",False,26487387
"Barcelona, Catalunya, Spain",Sant Pere/Santa Caterina,"Sant Pere, Santa Caterina i la Ribera",Barcelona,Spain,ES,Point,"[2.17964, 41.38919]",True,26488006
"Barcelona, Catalunya, Spain",Ciutat Vella,"Sant Pere, Santa Caterina i la Ribera",Barcelona,Spain,ES,Point,"[2.17968, 41.38982]",True,26488387
"Montréal, Québec, Canada",Le Plateau,Le Plateau-Mont-Royal,Montreal,Canada,CA,Point,"[-73.58263, 45.52309]",True,26493902
"Montréal, Québec, Canada",Cote-des-Neiges,Côte-des-Neiges-Notre-Dame-de-Grâce,Montreal,Canada,CA,Point,"[-73.63201, 45.48207]",True,26520002
"Barcelona, Catalunya, Spain",El Gòtic,el Barri Gòtic,Barcelona,Spain,ES,Point,"[2.17685, 41.38023]",True,26521403
"Keaau, HI, United States",Island of Hawaiʻi,Puna,The Big Island,United States,US,Point,"[-154.93593, 19.59112]",True,26527885
"Vila Nova de Gaia, Porto, Portugal",,Mafamude e Vilar do Paraíso,Porto,Portugal,PT,Point,"[-8.60823, 41.11993]",True,26532170
"Honolulu, HI, United States",Honolulu,Primary Urban Center,Oahu,United States,US,Point,"[-157.82209, 21.27353]",True,26533551
"Beşiktaş, İstanbul, Turkey",Beşiktaş,Besiktas,Istanbul,Turkey,TR,Point,"[29.00018, 41.04525]",True,26540293
"Hanalei, HI, United States",Kauaʻi,North Shore Kauai,Kauai,United States,US,Point,"[-159.49713, 22.20656]",False,26549061
"Barcelona, Catalunya, Spain",La Barceloneta,la Barceloneta,Barcelona,Spain,ES,Point,"[2.18998, 41.37773]",True,26549962
"Barcelona, Catalunya, Spain",Sant Martí,el Camp de l'Arpa del Clot,Barcelona,Spain,ES,Point,"[2.17736, 41.41175]",True,26553343
"Sanguedo, Aveiro, Portugal",,Sanguedo,Porto,Portugal,PT,Point,"[-8.52195, 41.00466]",False,26556751
"Porto, Porto, Portugal",,"Cedofeita, Ildefonso, Sé, Miragaia, Nicolau, Vitória",Porto,Portugal,PT,Point,"[-8.61822, 41.15119]",True,26558762
"Sanguedo, Aveiro, Portugal",,Sanguedo,Porto,Portugal,PT,Point,"[-8.50928, 41.00966]",False,26563602
"Montréal, Québec, Canada",Saint-Laurent,Saint-Laurent,Montreal,Canada,CA,Point,"[-73.67172, 45.50961]",True,26565457
"New York, NY, United States",Manhattan,Harlem,New York,United States,US,Point,"[-73.94647, 40.8106]",True,2657689
"Montréal, QC, Canada",Hochelaga-Maisonneuve,Mercier-Hochelaga-Maisonneuve,Montreal,Canada,CA,Point,"[-73.55393, 45.55324]",False,26592468
"Montréal, Québec, Canada",Le Sud-Ouest,Le Sud-Ouest,Montreal,Canada,CA,Point,"[-73.5827, 45.47431]",True,26600150
"Copacabana, Rio de Janeiro, Brazil",Copacabana,Copacabana,Rio De Janeiro,Brazil,BR,Point,"[-43.175123885006016, -22.96484718482345]",True,26607708
"Surry Hills, NSW, Australia",Surry Hills,Sydney,Sydney,Australia,AU,Point,"[151.21225, -33.88328]",False,26609688
"Gordon, NSW, Australia",,Ku-Ring-Gai,Sydney,Australia,AU,Point,"[151.1443, -33.76595]",True,2660996
"Bellevue Hill, NSW, Australia",Bellevue Hill,Woollahra,Sydney,Australia,AU,Point,"[151.25552, -33.88687]",True,2662127
"Porto, Porto, Portugal",,"Cedofeita, Ildefonso, Sé, Miragaia, Nicolau, Vitória",Porto,Portugal,PT,Point,"[-8.61802, 41.14229]",True,26627443
"Porto, Porto District, Portugal",,"Cedofeita, Ildefonso, Sé, Miragaia, Nicolau, Vitória",Porto,Portugal,PT,Point,"[-8.60614, 41.14573]",False,26628718
"Póvoa de Varzim, Portugal",,"AVer-o-Mar, Amorim e Terroso",Porto,Portugal,PT,Point,"[-8.77599, 41.39707]",True,26630155
"Barcelona, Catalunya, Spain",L'Antiga Esquerra de l'Eixample,la Nova Esquerra de l'Eixample,Barcelona,Spain,ES,Point,"[2.14352, 41.38702]",True,26633051
"Porto, Porto, Portugal",,"Cedofeita, Ildefonso, Sé, Miragaia, Nicolau, Vitória",Porto,Portugal,PT,Point,"[-8.60593, 41.16066]",True,26640206
"Barcelona, Catalunya, Spain",El Putget i Farró,el Putxet i el Farró,Barcelona,Spain,ES,Point,"[2.14007, 41.41128]",True,26664547
"Fatih, İstanbul, Turkey",Fatih,Fatih,Istanbul,Turkey,TR,Point,"[28.97529, 41.00569]",False,26669415
"Porto, Porto, Portugal",,"Cedofeita, Ildefonso, Sé, Miragaia, Nicolau, Vitória",Porto,Portugal,PT,Point,"[-8.60246, 41.14747]",True,26682757
"Vila Nova de Gaia, Porto, Portugal",,Madalena,Porto,Portugal,PT,Point,"[-8.66133, 41.10953]",True,26684891
"Esenyurt, İstanbul, Turkey",,Esenyurt,Istanbul,Turkey,TR,Point,"[28.65739, 41.02728]",False,26687281
"Istanbul, Istanbul, Turkey",Şişli,Sisli,Istanbul,Turkey,TR,Point,"[28.99592, 41.05783]",True,266879
"Kadıköy, İstanbul, Turkey",Moda,Kadikoy,Istanbul,Turkey,TR,Point,"[29.02413, 40.9902]",True,26701226
"Honokaa, HI, United States",Hamakua Coast,Hamakua,The Big Island,United States,US,Point,"[-155.58062, 20.11839]",True,2670173
"Şişli, İstanbul, Turkey",Şişli,Sisli,Istanbul,Turkey,TR,Point,"[28.98594, 41.04839]",True,26712529
"Chester Hill, NSW, Australia",,Bankstown,Sydney,Australia,AU,Point,"[151.00277, -33.88303]",True,26728997
"Montréal, Québec, Canada",Downtown Montreal,Ville-Marie,Montreal,Canada,CA,Point,"[-73.55906, 45.5233]",True,26737445
"Porto, Porto, Portugal",,"Cedofeita, Ildefonso, Sé, Miragaia, Nicolau, Vitória",Porto,Portugal,PT,Point,"[-8.62724, 41.16127]",True,26739925
"Montréal, Québec, Canada",Le Plateau-Mont-Royal,Le Plateau-Mont-Royal,Montreal,Canada,CA,Point,"[-73.56824, 45.5203]",True,26740256
"深圳市, 广东省, China",,Yuen Long,Hong Kong,China,CN,Point,"[114.07254, 22.51755]",True,26755714
"Porto, Porto, Portugal",,Bonfim,Porto,Portugal,PT,Point,"[-8.60288, 41.15871]",True,26763199
"Porto, Porto, Portugal",,Ramalde,Porto,Portugal,PT,Point,"[-8.63773, 41.16717]",True,26764641
"Porto, Porto, Portugal",,"Cedofeita, Ildefonso, Sé, Miragaia, Nicolau, Vitória",Porto,Portugal,PT,Point,"[-8.61423, 41.14209]",True,26767718
"Hong Kong, Kowloon, Hong Kong",Yau Tsim Mong,Yau Tsim Mong,Hong Kong,Hong Kong,HK,Point,"[114.17149, 22.29535]",True,26770490
"Montréal, Québec, Canada",Le Plateau-Mont-Royal,Le Plateau-Mont-Royal,Montreal,Canada,CA,Point,"[-73.58098, 45.51463]",True,26779943
"Potts Point, NSW, Australia",Darlinghurst,Sydney,Sydney,Australia,AU,Point,"[151.22326, -33.87602]",True,26785847
"Beşiktaş, İstanbul, Turkey",Beşiktaş,Besiktas,Istanbul,Turkey,TR,Point,"[29.00609, 41.05056]",False,26789870
"Barcelona, Catalunya, Spain",Sants-Montjuïc,Sants,Barcelona,Spain,ES,Point,"[2.14098, 41.38121]",True,26798122
"Porto, Porto, Portugal",,Bonfim,Porto,Portugal,PT,Point,"[-8.60154, 41.14918]",True,26805391
"Copacabana, Rio de Janeiro, Brazil",Copacabana,Copacabana,Rio De Janeiro,Brazil,BR,Point,"[-43.184009605983114, -22.967481487141658]",True,2681380
"Porto, Porto, Portugal",,"Cedofeita, Ildefonso, Sé, Miragaia, Nicolau, Vitória",Porto,Portugal,PT,Point,"[-8.61099, 41.15347]",True,26814340
"Barcelona, Catalonia, Spain",La Barceloneta,la Barceloneta,Barcelona,Spain,ES,Point,"[2.19166, 41.37976]",True,2681468
"Montréal, Québec, Canada",Ahuntsic-Cartierville,Ahuntsic-Cartierville,Montreal,Canada,CA,Point,"[-73.65547, 45.55272]",True,26815297
"Copacabana, Rio de Janeiro, Brazil",Copacabana,Copacabana,Rio De Janeiro,Brazil,BR,Point,"[-43.19004729936756, -22.983369242870747]",True,26816279
"İstanbul, İstanbul, Turkey",Sultanahmet,Fatih,Istanbul,Turkey,TR,Point,"[28.97127, 41.00325]",False,2682827
"Sydney Olympic Park, NSW, Australia",Homebush,Auburn,Sydney,Australia,AU,Point,"[151.07253, -33.84892]",True,26829659
"Rio de Janeiro, Rio de Janeiro, Brazil",Copacabana,Copacabana,Rio De Janeiro,Brazil,BR,Point,"[-43.19176042857255, -22.984208552942004]",True,2683147
"Montréal, Québec, Canada",Le Plateau-Mont-Royal,Le Plateau-Mont-Royal,Montreal,Canada,CA,Point,"[-73.57989, 45.53265]",True,26832903
"Copacabana, Rio de Janeiro, Brazil",Copacabana,Copacabana,Rio De Janeiro,Brazil,BR,Point,"[-43.196475195268356, -22.9816385135248]",True,26832958
"Kadıköy, İstanbul, Turkey",Kadıköy,Kadikoy,Istanbul,Turkey,TR,Point,"[29.09747, 40.96858]",True,26842020
"Vila Nova de Gaia, Porto, Portugal",,Mafamude e Vilar do Paraíso,Porto,Portugal,PT,Point,"[-8.6045, 41.12988]",True,26843360
"Montréal, QC, Canada",Le Sud-Ouest,Le Sud-Ouest,Montreal,Canada,CA,Point,"[-73.59039, 45.45209]",True,26849639
"Rio, Rio de Janeiro, Brazil",Barra da Tijuca,Barra da Tijuca,Rio De Janeiro,Brazil,BR,Point,"[-43.35145315428824, -22.991557299870923]",False,2686100
"Hong Kong, Hong Kong Island, Hong Kong",Eastern District,Eastern,Hong Kong,Hong Kong,HK,Point,"[114.19337, 22.28558]",True,2688143
"Kadıköy, İstanbul, Turkey",Kadıköy Merkezi,Kadikoy,Istanbul,Turkey,TR,Point,"[29.02817, 40.99592]",True,26885396
"Barcelona, CT, Spain",Eixample,la Nova Esquerra de l'Eixample,Barcelona,Spain,ES,Point,"[2.1493, 41.38051]",False,26892349
"Porto, Porto, Portugal",,Lordelo do Ouro e Massarelos,Porto,Portugal,PT,Point,"[-8.64861, 41.15192]",True,26897800
"深圳市, 广东省, China",,Yuen Long,Hong Kong,China,CN,Point,"[114.06346, 22.51148]",False,26899775
"Hong Kong, Hong Kong Island, Hong Kong",Central & Western District,Central & Western,Hong Kong,Hong Kong,HK,Point,"[114.13306, 22.28773]",True,26900171
"Hong Kong, Kowloon, Hong Kong",Yau Tsim Mong,Yau Tsim Mong,Hong Kong,Hong Kong,HK,Point,"[114.17468, 22.30004]",True,26916127
"Barcelona, Barcelona, Spain",Eixample,la Dreta de l'Eixample,Barcelona,Spain,ES,Point,"[2.16758, 41.39706]",False,26916776
"Beyoğlu, İstanbul, Turkey",Beyoglu,Beyoglu,Istanbul,Turkey,TR,Point,"[28.98432, 41.03314]",False,26925918
"Hong Kong, Hong Kong Island, Hong Kong",Sheung Wan,Central & Western,Hong Kong,Hong Kong,HK,Point,"[114.14385, 22.28788]",True,26926862
"Elizabeth Bay, NSW, Australia",Elizabeth Bay/Rushcutters Bay,Sydney,Sydney,Australia,AU,Point,"[151.22731, -33.8704]",True,26934151
"Barcelona, Catalunya, Spain",Sarrià-Sant Gervasi,Sant Gervasi - Galvany,Barcelona,Spain,ES,Point,"[2.1386, 41.39382]",True,26942581
"Montréal, Québec, Canada",Mercier-Hochelaga-Maisonneuve,Mercier-Hochelaga-Maisonneuve,Montreal,Canada,CA,Point,"[-73.54585, 45.54043]",True,26948900
"Matosinhos, Porto, Portugal",,Matosinhos e Leça da Palmeira,Porto,Portugal,PT,Point,"[-8.67446, 41.18169]",True,26950787
"Montréal, Québec, Canada",Cote-des-Neiges-Notre-Dame-de-Grace,Côte-des-Neiges-Notre-Dame-de-Grâce,Montreal,Canada,CA,Point,"[-73.61948, 45.49549]",True,26965807
"İstanbul, Turkey",Kadıköy Merkezi,Kadikoy,Istanbul,Turkey,TR,Point,"[29.02954, 40.99568]",False,26984962
"Montréal, QC, Canada",Saint-Henri,Le Sud-Ouest,Montreal,Canada,CA,Point,"[-73.5863, 45.47462]",False,26994348
"Rio, Rio de Janeiro, Brazil",Leme,Leme,Rio De Janeiro,Brazil,BR,Point,"[-43.16787185909529, -22.960606359512926]",False,2700075
"Istanbul , İstanbul, Turkey",Cihangir,Beyoglu,Istanbul,Turkey,TR,Point,"[28.98443, 41.03517]",False,27003273
"İstanbul, İstanbul, Turkey",,Eyup,Istanbul,Turkey,TR,Point,"[28.94224, 41.07543]",False,27009277
"Zetland, NSW, Australia",Alexandria,Sydney,Sydney,Australia,AU,Point,"[151.20279, -33.90619]",True,27009904
"barcelona, Catalunya, Spain",Dreta de l'Eixample,la Dreta de l'Eixample,Barcelona,Spain,ES,Point,"[2.16562, 41.39629]",False,27011219
"Rio de Janeiro, RJ, Brazil",Copacabana,Copacabana,Rio De Janeiro,Brazil,BR,Point,"[-43.185401827126476, -22.971553386243606]",False,27012681
"Hong Kong, Hong Kong Island, Hong Kong",Central & Western District,Central & Western,Hong Kong,Hong Kong,HK,Point,"[114.15507, 22.28028]",False,27013325
"Barcelona, Catalunya, Spain",Gràcia,la Vila de Gràcia,Barcelona,Spain,ES,Point,"[2.15797, 41.4057]",True,27020282
"Senhora da Hora, Porto, Portugal",,"Custóias, Leça do Balio e Guifões",Porto,Portugal,PT,Point,"[-8.65073, 41.1925]",True,27023392
"Kihei, HI, United States",Maui,Kihei-Makena,Maui,United States,US,Point,"[-156.45715, 20.7469]",True,27031450
"Princeville, HI, United States",Kauaʻi,North Shore Kauai,Kauai,United States,US,Point,"[-159.47353, 22.21703]",False,27041573
"BARCELONA, city, Spain",Eixample,la Dreta de l'Eixample,Barcelona,Spain,ES,Point,"[2.17146, 41.39603]",False,27044783
"BARCELONA, city, Spain",Eixample,la Dreta de l'Eixample,Barcelona,Spain,ES,Point,"[2.17096, 41.39726]",False,27045941
"Hong Kong, Hong Kong Island, Hong Kong",Sheung Wan,Central & Western,Hong Kong,Hong Kong,HK,Point,"[114.14832, 22.2865]",True,27048862
"Hong Kong, Kowloon, Hong Kong",Yau Tsim Mong,Yau Tsim Mong,Hong Kong,Hong Kong,HK,Point,"[114.16802, 22.3204]",True,27052571
"Hōlualoa, HI, United States",Island of Hawaiʻi,North Kona,The Big Island,United States,US,Point,"[-155.92964, 19.54486]",True,2706978
"İstanbul , İstanbul, Turkey",Beyoglu,Beyoglu,Istanbul,Turkey,TR,Point,"[28.95122, 41.0401]",False,27082981
"Barcelona, Catalunya, Spain",Nou Barris,el Turó de la Peira,Barcelona,Spain,ES,Point,"[2.16997, 41.43171]",True,27083634
"Porto, Grande Porto, Portugal",,"Cedofeita, Ildefonso, Sé, Miragaia, Nicolau, Vitória",Porto,Portugal,PT,Point,"[-8.60394, 41.1537]",False,27084674
"Hong Kong, Kowloon, Hong Kong",Mong Kok,Yau Tsim Mong,Hong Kong,Hong Kong,HK,Point,"[114.16916, 22.31899]",False,27099976
"Bondi Beach, NSW, Australia",Bondi Beach,Waverley,Sydney,Australia,AU,Point,"[151.27412, -33.888]",True,2711936
"Porto, Porto, Portugal",,"Cedofeita, Ildefonso, Sé, Miragaia, Nicolau, Vitória",Porto,Portugal,PT,Point,"[-8.60372, 41.14772]",True,27131603
"Beyoğlu, İstanbul, Turkey",Cihangir,Beyoglu,Istanbul,Turkey,TR,Point,"[28.98645, 41.03197]",True,27154192
"Adalar, İstanbul, Turkey",,Adalar,Istanbul,Turkey,TR,Point,"[29.05401, 40.90614]",True,27156355
"Beşiktaş, İstanbul, Turkey",Beşiktaş,Besiktas,Istanbul,Turkey,TR,Point,"[29.0174, 41.07453]",True,27156997
"Barcelona, Catalunya, Spain",El Raval,el Raval,Barcelona,Spain,ES,Point,"[2.1648, 41.38121]",False,27183245
"Montréal, QC, Canada",Downtown Montreal,Ville-Marie,Montreal,Canada,CA,Point,"[-73.55715, 45.4983]",False,27193472
"Barcelona, Catalunya, Spain",Eixample,la Sagrada Família,Barcelona,Spain,ES,Point,"[2.17282, 41.40669]",True,27193598
"Lahaina, HI, United States",Westside,Lahaina,Maui,United States,US,Point,"[-156.69044, 20.94524]",True,27194870
"Agrela, Porto, Portugal",,Água Longa,Porto,Portugal,PT,Point,"[-8.49918, 41.27389]",False,27218347
"Porto, Porto, Portugal",,"Cedofeita, Ildefonso, Sé, Miragaia, Nicolau, Vitória",Porto,Portugal,PT,Point,"[-8.61382, 41.15493]",False,27226046
"Dudullu Osb, İstanbul, Turkey",,Umraniye,Istanbul,Turkey,TR,Point,"[29.14113, 41.00089]",True,27226157
"Istanbul, Istanbul Province, Turkey",Şişli,Sisli,Istanbul,Turkey,TR,Point,"[28.98695, 41.05703]",False,2724572
"Porto, Porto, Portugal",,Bonfim,Porto,Portugal,PT,Point,"[-8.60134, 41.14714]",True,27254489
"Montréal, Québec, Canada",Villeray-Saint-Michel-Parc-Extension,Villeray-Saint-Michel-Parc-Extension,Montreal,Canada,CA,Point,"[-73.631, 45.54051]",True,27259809
"İstanbul, İstanbul, Turkey",,Eyup,Istanbul,Turkey,TR,Point,"[28.92785, 41.0537]",False,27260453
"Barra de Guaratiba, Rio de Janeiro, Brazil",Barra de Guaratiba,Barra de Guaratiba,Other (International),Brazil,BR,Point,"[-43.565773011893135, -23.063062210623134]",True,27265740
"Barcelona, Catalunya, Spain",Les Corts,les Corts,Barcelona,Spain,ES,Point,"[2.13978, 41.38432]",False,27270555
"Brooklyn, NY, United States",Brooklyn,Fort Greene,New York,United States,US,Point,"[-73.97321, 40.69135]",True,272706
"Porto, Porto, Portugal",,Campanhã,Porto,Portugal,PT,Point,"[-8.58214, 41.16466]",False,27272282
"New York, NY, United States",East Village,East Village,New York,United States,US,Point,"[-73.98259, 40.7221]",True,2728293
"Barcelona, Catalonia, Spain",Sant Antoni,Sant Antoni,Barcelona,Spain,ES,Point,"[2.15669, 41.37672]",True,2729334
"Barcelona, Catalunya, Spain",Ciutat Vella,el Raval,Barcelona,Spain,ES,Point,"[2.17458, 41.37919]",True,27298515
"Montréal, QC, Canada",Old Port,Ville-Marie,Montreal,Canada,CA,Point,"[-73.55885, 45.50081]",False,27334415
"Montréal, Québec, Canada",La Petite-Patrie,Rosemont-La Petite-Patrie,Montreal,Canada,CA,Point,"[-73.59909, 45.53924]",True,27335708
"Barcelona, Catalunya, Spain",El Raval,el Raval,Barcelona,Spain,ES,Point,"[2.16585, 41.37878]",True,27347264
"İstanbul, Başakşehir, Turkey",,Basaksehir,Istanbul,Turkey,TR,Point,"[28.75665, 41.10438]",False,27350274
"Arnavutköy, İstanbul, Turkey",,Arnavutkoy,Istanbul,Turkey,TR,Point,"[28.63679, 41.11476]",False,27355273
"Porto, Porto, Portugal",,"Cedofeita, Ildefonso, Sé, Miragaia, Nicolau, Vitória",Porto,Portugal,PT,Point,"[-8.61077, 41.14889]",True,27360647
"Montréal, QC, Canada",Old Port,Ville-Marie,Montreal,Canada,CA,Point,"[-73.55619, 45.50121]",False,27366599
"Montréal, QC, Canada",Old Montreal,Ville-Marie,Montreal,Canada,CA,Point,"[-73.55788, 45.50017]",False,27366716
"Montréal, Québec, Canada",Mile End,Rosemont-La Petite-Patrie,Montreal,Canada,CA,Point,"[-73.60443, 45.53223]",True,27371134
"Montréal, QC, Canada",LaSalle,LaSalle,Montreal,Canada,CA,Point,"[-73.64317, 45.42117]",False,27371387
"Montréal, Québec, Canada",Cote-des-Neiges-Notre-Dame-de-Grace,Côte-des-Neiges-Notre-Dame-de-Grâce,Montreal,Canada,CA,Point,"[-73.62595, 45.51065]",True,27372346
"Barcelona, Catalunya, Spain",L'Antiga Esquerra de l'Eixample,la Nova Esquerra de l'Eixample,Barcelona,Spain,ES,Point,"[2.14395, 41.38542]",True,27378937
"Fatih, İstanbul, Turkey",Fatih,Fatih,Istanbul,Turkey,TR,Point,"[28.96373, 41.00331]",False,27383511
"Barcelona, Barcelona, Spain",Eixample,Sant Antoni,Barcelona,Spain,ES,Point,"[2.15486, 41.37889]",True,2738727
"Barcelona, Catalunya, Spain",Eixample,la Dreta de l'Eixample,Barcelona,Spain,ES,Point,"[2.16219, 41.39821]",True,27400392
"Porto, Porto, Portugal",,Campanhã,Porto,Portugal,PT,Point,"[-8.58744, 41.14987]",True,27404002
"Hauula, HI, United States",Windward Side,Koolauloa,Oahu,United States,US,Point,"[-157.91296, 21.61278]",True,2741869
"Barcelona, Catalunya, Spain",El Raval,el Raval,Barcelona,Spain,ES,Point,"[2.1731, 41.38104]",True,27423052
"Porto, Porto, Portugal",,"Aldoar, Foz do Douro e Nevogilde",Porto,Portugal,PT,Point,"[-8.67255, 41.15149]",True,27429283
"Montréal, Québec, Canada",Le Plateau,Le Plateau-Mont-Royal,Montreal,Canada,CA,Point,"[-73.57924, 45.52197]",True,27435788
"Alexandria, NSW, Australia",Alexandria,Sydney,Sydney,Australia,AU,Point,"[151.20298, -33.90758]",False,27436445
"Montréal, Québec, Canada",Downtown Montreal,Ville-Marie,Montreal,Canada,CA,Point,"[-73.57968, 45.49071]",False,2744390
"İstanbul, İstanbul, Turkey",Beşiktaş,Besiktas,Istanbul,Turkey,TR,Point,"[29.00536, 41.04464]",False,27452326
"Hong Kong Island, Hong Kong Island, Hong Kong",Mid-Levels,Central & Western,Hong Kong,Hong Kong,HK,Point,"[114.14206, 22.28194]",False,27457002
"Honolulu, HI, United States",Oʻahu,Primary Urban Center,Oahu,United States,US,Point,"[-157.83953, 21.28629]",False,27466787
"Bondi Beach, NSW, Australia",North Bondi,Waverley,Sydney,Australia,AU,Point,"[151.28069, -33.88921]",True,27473087
"Greenhills Beach, NSW, Australia",Cronulla,Sutherland Shire,Sydney,Australia,AU,Point,"[151.16188, -34.03488]",True,27479560
"New York, NY, United States",Midtown,Hell's Kitchen,New York,United States,US,Point,"[-73.99314, 40.7645]",True,2748064
"Hōlualoa, HI, United States",Island of Hawaiʻi,North Kona,The Big Island,United States,US,Point,"[-155.95581, 19.65803]",True,2748736
"Porto, Grande Porto, Portugal",,"Cedofeita, Ildefonso, Sé, Miragaia, Nicolau, Vitória",Porto,Portugal,PT,Point,"[-8.60487, 41.15389]",False,27489435
"Montréal, Québec, Canada",Villeray-Saint-Michel-Parc-Extension,Villeray-Saint-Michel-Parc-Extension,Montreal,Canada,CA,Point,"[-73.62164, 45.54333]",True,27489994
"Engadine, NSW, Australia",,Sutherland Shire,Sydney,Australia,AU,Point,"[151.00452, -34.05657]",True,27498126
"Strathfield, NSW, Australia",Strathfield,Strathfield,Sydney,Australia,AU,Point,"[151.08827, -33.8716]",True,27499040
"Dudullu Osb, İstanbul, Turkey",,Umraniye,Istanbul,Turkey,TR,Point,"[29.14323, 41.00527]",False,27499564
"Tai Po, New Territories, Hong Kong",,Tai Po,Hong Kong,Hong Kong,HK,Point,"[114.1389, 22.45728]",False,27500940
"Montréal, QC, Canada",Rosemont-La Petite-Patrie,Rosemont-La Petite-Patrie,Montreal,Canada,CA,Point,"[-73.55624, 45.55299]",False,27502140
"Vila Nova de Gaia, Porto, Portugal",,Vilar de Andorinho,Porto,Portugal,PT,Point,"[-8.59261, 41.10149]",True,27506396
"Kadıköy, İstanbul, Turkey",Kadıköy,Kadikoy,Istanbul,Turkey,TR,Point,"[29.02515, 40.98444]",False,27523761
"Bondi Beach, NSW, Australia",Bondi Beach,Waverley,Sydney,Australia,AU,Point,"[151.27183, -33.8927]",True,27534603
"Porto, Porto, Portugal",,Bonfim,Porto,Portugal,PT,Point,"[-8.59984, 41.16078]",True,27540180
"Haymarket, NSW, Australia",Haymarket,Sydney,Sydney,Australia,AU,Point,"[151.20352, -33.88076]",False,27555785
"Honolulu, HI, United States",Waialae/Kahala,East Honolulu,Oahu,United States,US,Point,"[-157.77791, 21.28735]",True,27556447
"Copacabana, Rio de Janeiro, Brazil",Copacabana,Copacabana,Rio De Janeiro,Brazil,BR,Point,"[-43.192172060911446, -22.97816322890879]",True,27568440
"Barcelona, Catalunya, Spain",El Poble-sec,el Poble Sec,Barcelona,Spain,ES,Point,"[2.17403, 41.37412]",False,27568548
"Tuzla, İstanbul, Turkey",,Tuzla,Istanbul,Turkey,TR,Point,"[29.30343, 40.86108]",False,27569464
"Barra da Tijuca, Rio de Janeiro, Brazil",Barra da Tijuca,Barra da Tijuca,Rio De Janeiro,Brazil,BR,Point,"[-43.32660113166177, -23.01059878382915]",True,27573376
"Penrith, NSW, Australia",,Penrith,Sydney,Australia,AU,Point,"[150.67621, -33.75425]",False,27580166
"Montreal, QC, Canada",Outremont,Outremont,Montreal,Canada,CA,Point,"[-73.60877, 45.52058]",False,27581537
"Leblon, Rio de Janeiro, Brazil",Leblon,Leblon,Rio De Janeiro,Brazil,BR,Point,"[-43.225294376011504, -22.983461878374587]",True,27581612
"İstanbul, İstanbul, Turkey",Fatih,Fatih,Istanbul,Turkey,TR,Point,"[28.94558, 41.03083]",False,27586912
"Porto, Porto, Portugal",,"Cedofeita, Ildefonso, Sé, Miragaia, Nicolau, Vitória",Porto,Portugal,PT,Point,"[-8.60524, 41.14834]",False,2758817
"Barcelona, Catalunya, Spain",Ciutat Vella,el Barri Gòtic,Barcelona,Spain,ES,Point,"[2.18031, 41.38038]",False,27588189
"Hong Kong, Kowloon, Hong Kong",Tsim Sha Tsui,Yau Tsim Mong,Hong Kong,Hong Kong,HK,Point,"[114.17293, 22.29638]",True,27588840
"Fatih, İstanbul, Turkey",Fatih,Fatih,Istanbul,Turkey,TR,Point,"[28.93842, 41.02905]",False,27590667
"Leichhardt, NSW, Australia",Annandale/Leichhardt,Leichhardt,Sydney,Australia,AU,Point,"[151.14584, -33.88548]",False,27590773
"Hong Kong, Hong Kong Island, Hong Kong",Central & Western District,Central & Western,Hong Kong,Hong Kong,HK,Point,"[114.14081, 22.28604]",False,27590942
"Montréal, Québec, Canada",Villeray-Saint-Michel-Parc-Extension,Villeray-Saint-Michel-Parc-Extension,Montreal,Canada,CA,Point,"[-73.61036, 45.57433]",True,27592189
"Hong Kong, Kowloon, Hong Kong",Yau Tsim Mong,Yau Tsim Mong,Hong Kong,Hong Kong,HK,Point,"[114.17032, 22.31728]",True,27593455
"Barcelona, Catalunya, Spain",Gràcia,el Camp d'en Grassot i Gràcia Nova,Barcelona,Spain,ES,Point,"[2.16776, 41.40431]",True,27594466
"Montreal, QC, Canada",Rosemont-La Petite-Patrie,Rosemont-La Petite-Patrie,Montreal,Canada,CA,Point,"[-73.58404, 45.55887]",False,27602105
"Hong Kong, Kowloon, Hong Kong",Tsim Sha Tsui,Yau Tsim Mong,Hong Kong,Hong Kong,HK,Point,"[114.17331, 22.29682]",True,27617820
"Hong Kong, Kowloon, Hong Kong",Wong Tai Sin,Kowloon City,Hong Kong,Hong Kong,HK,Point,"[114.18811, 22.32748]",True,27621153
"Ümraniye, İstanbul, Turkey",,Umraniye,Istanbul,Turkey,TR,Point,"[29.11387, 41.00489]",False,27624168
"Montréal, Québec, Canada",Cote-des-Neiges-Notre-Dame-de-Grace,Côte-des-Neiges-Notre-Dame-de-Grâce,Montreal,Canada,CA,Point,"[-73.60834, 45.47277]",True,27630706
"Şişli, İstanbul, Turkey",,Sisli,Istanbul,Turkey,TR,Point,"[29.01395, 41.11555]",True,27631138
"Barcelona, Catalunya, Spain",Eixample,la Dreta de l'Eixample,Barcelona,Spain,ES,Point,"[2.16822, 41.3919]",True,27643974
"Central, Hong Kong Island, Hong Kong",Central & Western District,Central & Western,Hong Kong,Hong Kong,HK,Point,"[114.1535, 22.28521]",False,2764689
"Hong Kong, Hong Kong",,Sai Kung,Hong Kong,Hong Kong,HK,Point,"[114.27304, 22.2946]",False,27650961
"Rio de Janeiro, RJ, Brazil",Lapa,Centro,Rio De Janeiro,Brazil,BR,Point,"[-43.187835684525936, -22.913318358563096]",False,27655549
"Porto, Porto, Portugal",,Bonfim,Porto,Portugal,PT,Point,"[-8.59559, 41.14863]",True,27658304
"Barcelona, Catalunya, Spain",Nou Barris,les Roquetes,Barcelona,Spain,ES,Point,"[2.17548, 41.44656]",True,27667701
"Montréal, QC, Canada",Rosemont-La Petite-Patrie,Rosemont-La Petite-Patrie,Montreal,Canada,CA,Point,"[-73.55445, 45.57143]",False,27672638
"Beşiktaş, İstanbul, Turkey",Beşiktaş,Besiktas,Istanbul,Turkey,TR,Point,"[28.9976, 41.04862]",True,27675306
"Porto, Porto, Portugal",,"Cedofeita, Ildefonso, Sé, Miragaia, Nicolau, Vitória",Porto,Portugal,PT,Point,"[-8.60328, 41.15012]",True,27678298
"Montréal, Québec, Canada",Le Plateau,Le Plateau-Mont-Royal,Montreal,Canada,CA,Point,"[-73.57097, 45.54027]",True,27678808
"Tuzla, İstanbul, Turkey",,Tuzla,Istanbul,Turkey,TR,Point,"[29.37745, 40.94534]",False,27694500
"Rio, Rio de Janeiro, Brazil",Ipanema,Ipanema,Rio De Janeiro,Brazil,BR,Point,"[-43.19348797580616, -22.98565659450063]",False,2769600
"Istanbul, İstanbul, Turkey",Cihangir,Beyoglu,Istanbul,Turkey,TR,Point,"[28.98451, 41.03356]",False,27710141
"Rio de Janeiro, Rio de Janeiro, Brazil",Leme,Leme,Rio De Janeiro,Brazil,BR,Point,"[-43.168843584669325, -22.96303373226786]",True,2771028
"Brooklyn, NY, United States",Williamsburg,Williamsburg,New York,United States,US,Point,"[-73.96126, 40.71445]",True,277133
"Montréal, Québec, Canada",Notre-Dame-de-Grace,Côte-des-Neiges-Notre-Dame-de-Grâce,Montreal,Canada,CA,Point,"[-73.61589, 45.46762]",True,27716174
"Redfern, NSW, Australia",Redfern,Sydney,Sydney,Australia,AU,Point,"[151.20395, -33.89247]",True,27716426
"Hong Kong, Hong Kong Island, Hong Kong",Wan Chai,Wan Chai,Hong Kong,Hong Kong,HK,Point,"[114.17924, 22.27901]",True,27719896
"Montréal, QC, Canada",Pierrefonds-Roxboro,Pierrefonds-Roxboro,Montreal,Canada,CA,Point,"[-73.84772, 45.49473]",False,27720921
"Artarmon, NSW, Australia",Artarmon,Willoughby,Sydney,Australia,AU,Point,"[151.18233, -33.80882]",True,27735420
"Barcelona, Catalunya, Spain",Sants-Montjuïc,Hostafrancs,Barcelona,Spain,ES,Point,"[2.14487, 41.37748]",True,27745034
"New York, NY, United States",Midtown,Upper West Side,New York,United States,US,Point,"[-73.98746, 40.77024]",True,2774934
"Şişli, İstanbul, Turkey",Şişli,Sisli,Istanbul,Turkey,TR,Point,"[28.97886, 41.05944]",False,27768064
"Istanbul, İstanbul, Turkey",Beyoglu,Beyoglu,Istanbul,Turkey,TR,Point,"[28.96412, 41.04765]",False,27781404
"Barcelona, Catalunya, Spain",Sant Martí,el Poblenou,Barcelona,Spain,ES,Point,"[2.20064, 41.40262]",False,27784079
"Waterloo, NSW, Australia",Waterloo,Sydney,Sydney,Australia,AU,Point,"[151.21378, -33.90256]",True,27789416
"Beşiktaş, İstanbul, Turkey",Beşiktaş,Besiktas,Istanbul,Turkey,TR,Point,"[29.00214, 41.04721]",True,27791633
"Ataşehir, İstanbul, Turkey",Kadıköy,Atasehir,Istanbul,Turkey,TR,Point,"[29.08019, 40.991]",False,27794194
"Porto, Grande Porto, Portugal",,"Cedofeita, Ildefonso, Sé, Miragaia, Nicolau, Vitória",Porto,Portugal,PT,Point,"[-8.60465, 41.15349]",False,27805512
"Porto, Porto District, Portugal",,Ramalde,Porto,Portugal,PT,Point,"[-8.63555, 41.16323]",False,27810607
"Leichhardt, NSW, Australia",Annandale/Leichhardt,Leichhardt,Sydney,Australia,AU,Point,"[151.14943, -33.88133]",False,27814857
"Trofa, Portugal",,Bougado (São Martinho e Santiago),Porto,Portugal,PT,Point,"[-8.55315, 41.34054]",False,27820099
"Montréal, Québec, Canada",Verdun,Verdun,Montreal,Canada,CA,Point,"[-73.57736, 45.46399]",True,27823238
"Kapolei, HI, United States",Leeward Side,Ewa,Oahu,United States,US,Point,"[-158.12009, 21.33267]",True,27834501
"Kihei, HI, United States",Maui,Kihei-Makena,Maui,United States,US,Point,"[-156.44752, 20.72369]",True,27835298
"Lahaina, HI, United States",Kaanapali,Lahaina,Maui,United States,US,Point,"[-156.69106, 20.93843]",True,27835986
"Strathfield, NSW, Australia",Strathfield,Strathfield,Sydney,Australia,AU,Point,"[151.08994, -33.87188]",True,27842018
"Beyoğlu, İstanbul, Turkey",Beyoglu,Beyoglu,Istanbul,Turkey,TR,Point,"[28.9869, 41.03043]",True,27842155
"Hong Kong, Hong Kong Island, Hong Kong",Central & Western District,Central & Western,Hong Kong,Hong Kong,HK,Point,"[114.15064, 22.28528]",True,27846336
"Kailua-Kona, HI, United States",Island of Hawaiʻi,North Kona,The Big Island,United States,US,Point,"[-155.99079, 19.6366]",True,27850396
"Montréal, QC, Canada",Downtown Montreal,Ville-Marie,Montreal,Canada,CA,Point,"[-73.56925, 45.4967]",False,27857771
"Hong Kong, Hong Kong Island, Hong Kong",Wan Chai District,Wan Chai,Hong Kong,Hong Kong,HK,Point,"[114.16971, 22.27845]",True,27864530
"Şişli, İstanbul, Turkey",Şişli,Sisli,Istanbul,Turkey,TR,Point,"[29.00444, 41.07003]",True,27868597
"Pendik, İstanbul, Turkey",,Pendik,Istanbul,Turkey,TR,Point,"[29.29863, 40.9355]",True,27873052
"İstanbul, İstanbul, Turkey",Beyoglu,Beyoglu,Istanbul,Turkey,TR,Point,"[28.97165, 41.03217]",False,2787408
"Rio de Janeiro, Rio de Janeiro, Brazil",Ipanema,Ipanema,Rio De Janeiro,Brazil,BR,Point,"[-43.20249709494274, -22.98062600140178]",False,27877418
"Porto, Porto, Portugal",,"Cedofeita, Ildefonso, Sé, Miragaia, Nicolau, Vitória",Porto,Portugal,PT,Point,"[-8.60537, 41.14499]",True,27896304
"Barcelona, Catalunya, Spain",La Vila Olímpica,la Vila Olímpica del Poblenou,Barcelona,Spain,ES,Point,"[2.19544, 41.38928]",True,27899421
"Hong Kong, Hong Kong Island, Hong Kong",Eastern District,Eastern,Hong Kong,Hong Kong,HK,Point,"[114.21025, 22.29025]",True,27908073
"Honolulu, HI, United States",Palolo,Primary Urban Center,Oahu,United States,US,Point,"[-157.7918, 21.29827]",True,279189
"Montréal, Québec, Canada",Downtown Montreal,Ville-Marie,Montreal,Canada,CA,Point,"[-73.56258, 45.50299]",True,27925739
"Bondi Beach, NSW, Australia",Bondi Beach,Waverley,Sydney,Australia,AU,Point,"[151.27138, -33.88671]",True,27932125
"Montréal, Québec, Canada",Gay Village,Ville-Marie,Montreal,Canada,CA,Point,"[-73.55831, 45.51746]",True,27934911
"Kapaa, HI, United States",Kauaʻi,Kapaa-Wailua,Kauai,United States,US,Point,"[-159.32866, 22.05386]",False,27935574
"North Bondi, NSW, Australia",North Bondi,Waverley,Sydney,Australia,AU,Point,"[151.28013, -33.88427]",True,27937897
"İstanbul, İstanbul, Turkey",,Bahcelievler,Istanbul,Turkey,TR,Point,"[28.83521, 40.99458]",False,27942191
"Rio, Rio de Janeiro, Brazil",Leblon,Leblon,Rio De Janeiro,Brazil,BR,Point,"[-43.22293867729065, -22.98159983616068]",True,2794928
"Porto, Porto, Portugal",,"Cedofeita, Ildefonso, Sé, Miragaia, Nicolau, Vitória",Porto,Portugal,PT,Point,"[-8.61554, 41.15352]",False,27968507
"N/A, N/A, Hong Kong",Jordan,Yau Tsim Mong,Hong Kong,Hong Kong,HK,Point,"[114.1689, 22.30595]",False,27968745
"Barcelona, Catalunya, Spain",Dreta de l'Eixample,la Dreta de l'Eixample,Barcelona,Spain,ES,Point,"[2.1674, 41.4008]",True,27978908
"Porto, Porto, Portugal",,"Cedofeita, Ildefonso, Sé, Miragaia, Nicolau, Vitória",Porto,Portugal,PT,Point,"[-8.60491, 41.14609]",True,27982664
"Montréal, Québec, Canada",Le Plateau-Mont-Royal,Le Plateau-Mont-Royal,Montreal,Canada,CA,Point,"[-73.58417, 45.52127]",True,27983285
"Barcelona, Catalunya, Spain",Eixample,la Sagrada Família,Barcelona,Spain,ES,Point,"[2.17659, 41.4092]",True,27983911
"Porto, Porto, Portugal",,"Cedofeita, Ildefonso, Sé, Miragaia, Nicolau, Vitória",Porto,Portugal,PT,Point,"[-8.61376, 41.14168]",True,27988478
"Kailua, HI, United States",Oʻahu,Koolaupoko,Oahu,United States,US,Point,"[-157.75237, 21.40927]",True,27989463
"Montréal, Québec, Canada",Le Sud-Ouest,Le Sud-Ouest,Montreal,Canada,CA,Point,"[-73.59733, 45.45944]",True,27992809
"Kailua, HI, United States",Kailua,Koolaupoko,Oahu,United States,US,Point,"[-157.74575, 21.41092]",True,279986
"Hong Kong, Kowloon, Hong Kong",Jordan,Yau Tsim Mong,Hong Kong,Hong Kong,HK,Point,"[114.17266, 22.30456]",True,28002020
"Barcelona, Catalunya, Spain",Eixample,l'Antiga Esquerra de l'Eixample,Barcelona,Spain,ES,Point,"[2.1495, 41.39144]",True,28004169
"Honolulu, HI, United States",Waikiki,Primary Urban Center,Oahu,United States,US,Point,"[-157.83001, 21.28522]",True,28018993
"Honolulu, HI, United States",Oʻahu,East Honolulu,Oahu,United States,US,Point,"[-157.71678, 21.28967]",True,28037210
"Fatih, İstanbul, Turkey",Fatih,Fatih,Istanbul,Turkey,TR,Point,"[28.96535, 41.0046]",True,28042455
"Hong Kong, Hong Kong Island, Hong Kong",Happy Valley,Wan Chai,Hong Kong,Hong Kong,HK,Point,"[114.18437, 22.26815]",True,28042682
"深圳, 广东省, China",,Yuen Long,Hong Kong,China,CN,Point,"[114.07253, 22.51736]",False,28044029
"Fatih, İstanbul, Turkey",Fatih,Fatih,Istanbul,Turkey,TR,Point,"[28.96486, 41.00548]",True,28045781
"Fatih, İstanbul, Turkey",Fatih,Fatih,Istanbul,Turkey,TR,Point,"[28.94008, 41.01096]",False,28055051
"Dudullu Organize Sanayi Bölgesi, İstanbul, Turkey",,Umraniye,Istanbul,Turkey,TR,Point,"[29.13031, 41.01428]",True,28061127
"İstanbul, İstanbul, Turkey",Fatih,Fatih,Istanbul,Turkey,TR,Point,"[28.93133, 41.01403]",False,28066479
"Princeville, HI, United States",Kauaʻi,North Shore Kauai,Kauai,United States,US,Point,"[-159.47728, 22.2209]",True,28074234
"Leça do Balio, Porto, Portugal",,"Custóias, Leça do Balio e Guifões",Porto,Portugal,PT,Point,"[-8.64195, 41.22316]",True,28093092
"Zeytinburnu, İstanbul, Turkey",,Zeytinburnu,Istanbul,Turkey,TR,Point,"[28.90705, 40.98811]",True,28106504
"Pāhoa, HI, United States",Island of Hawaiʻi,Puna,The Big Island,United States,US,Point,"[-154.91935, 19.49322]",False,28117290
"Barcelona, Catalunya, Spain",El Poblenou,el Poblenou,Barcelona,Spain,ES,Point,"[2.19629, 41.40417]",True,28121603
"Porto, Porto, Portugal",,"Cedofeita, Ildefonso, Sé, Miragaia, Nicolau, Vitória",Porto,Portugal,PT,Point,"[-8.61081, 41.15328]",True,28124247
"Waialua, HI, United States",North Shore,North Shore Oahu,Oahu,United States,US,Point,"[-158.13664, 21.58328]",True,28135397
"Montréal, Québec, Canada",Hochelaga-Maisonneuve,Mercier-Hochelaga-Maisonneuve,Montreal,Canada,CA,Point,"[-73.5529, 45.55189]",True,28135558
"Kaneohe, HI, United States",Oʻahu,Koolaupoko,Oahu,United States,US,Point,"[-157.80577, 21.41409]",False,28148913
"Bronx, NY, United States",Port Morris,Port Morris,New York,United States,US,Point,"[-73.92606, 40.80554]",True,2814931
"Beyoğlu, İstanbul, Turkey",Beyoglu,Beyoglu,Istanbul,Turkey,TR,Point,"[28.97409, 41.03599]",True,28153529
"Beyoğlu, İstanbul, Turkey",Beyoglu,Beyoglu,Istanbul,Turkey,TR,Point,"[28.97745, 41.03451]",False,28159180
"Hampstead, Québec, Canada",Hempstead,Hampstead,Montreal,Canada,CA,Point,"[-73.64386, 45.47576]",True,28164566
"Tai Kok Tsui , Kowloon, Hong Kong",Mong Kok,Yau Tsim Mong,Hong Kong,Hong Kong,HK,Point,"[114.16878, 22.3168]",False,28190215
"Fatih, İstanbul, Turkey",Fatih,Fatih,Istanbul,Turkey,TR,Point,"[28.96418, 41.00427]",False,28197193
"Cronulla, NSW, Australia",Cronulla,Sutherland Shire,Sydney,Australia,AU,Point,"[151.13685, -34.05144]",True,2820832
"Fatih, İstanbul, Turkey",Fatih,Fatih,Istanbul,Turkey,TR,Point,"[28.97564, 41.00206]",True,28211805
"Barcelona, Catalunya, Spain",La Nova Esquerra de l'Eixample,la Nova Esquerra de l'Eixample,Barcelona,Spain,ES,Point,"[2.15338, 41.37955]",True,28214293
"Beyoğlu, İstanbul, Turkey",Taksim,Beyoglu,Istanbul,Turkey,TR,Point,"[28.98994, 41.03291]",True,28214469
"Montréal, QC, Canada",Downtown Montreal,Ville-Marie,Montreal,Canada,CA,Point,"[-73.56902, 45.49559]",False,28218289
"Beşiktaş, İstanbul, Turkey",Beşiktaş,Besiktas,Istanbul,Turkey,TR,Point,"[28.99908, 41.04811]",False,28221594
"Epping, NSW, Australia",,Hornsby,Sydney,Australia,AU,Point,"[151.08224, -33.76994]",True,28231022
"Hong Kong, Kowloon, Hong Kong",Mong Kok,Yau Tsim Mong,Hong Kong,Hong Kong,HK,Point,"[114.16743, 22.3249]",True,28232832
"Şişli, İstanbul, Turkey",Şişli,Sisli,Istanbul,Turkey,TR,Point,"[28.98036, 41.04527]",False,28250649
"Şişli, İstanbul, Turkey",Şişli,Sisli,Istanbul,Turkey,TR,Point,"[28.99079, 41.05674]",True,28251522
"Beyoğlu, İstanbul, Turkey",Taksim,Beyoglu,Istanbul,Turkey,TR,Point,"[28.97559, 41.03718]",False,28252566
"Montréal, QC, Canada",Anjou,Anjou,Montreal,Canada,CA,Point,"[-73.54906, 45.60612]",False,28258693
"Rio de Janeiro, Rio de Janeiro, Brazil",Vila Isabel,Vila Isabel,Rio De Janeiro,Brazil,BR,Point,"[-43.24124566410823, -22.920462054999827]",False,2828190
"Barcelona, CT, Spain",El Raval,el Raval,Barcelona,Spain,ES,Point,"[2.16855, 41.38049]",False,28283159
"Kaanapali, HI, United States",Westside,Lahaina,Maui,United States,US,Point,"[-156.69135, 20.92583]",False,28284242
"Wailuku, HI, United States",Maui,Kihei-Makena,Maui,United States,US,Point,"[-156.50511, 20.79615]",False,28286667
"Fatih, İstanbul, Turkey",Eminönü,Fatih,Istanbul,Turkey,TR,Point,"[28.97355, 41.0086]",False,28301490
"Maltepe, İstanbul, Turkey",Kadıköy,Maltepe,Istanbul,Turkey,TR,Point,"[29.10476, 40.95434]",False,28307606
"Barcelona, Catalonia, Spain",El Baix Guinardó,el Baix Guinardó,Barcelona,Spain,ES,Point,"[2.16568, 41.41114]",False,28335993
"Honolulu, HI, United States",Oʻahu,Primary Urban Center,Oahu,United States,US,Point,"[-157.79057, 21.30616]",True,28339807
"Montréal, Québec, Canada",Le Sud-Ouest,Le Sud-Ouest,Montreal,Canada,CA,Point,"[-73.58717, 45.47548]",True,28341908
"Kihei, HI, United States",Maui,Kihei-Makena,Maui,United States,US,Point,"[-156.44546, 20.72634]",True,28345462
"Dee Why, NSW, Australia",,Warringah,Sydney,Australia,AU,Point,"[151.2947, -33.75288]",True,28345512
"Kağıthane, İstanbul, Turkey",Şişli,Sisli,Istanbul,Turkey,TR,Point,"[28.99326, 41.0762]",False,28350222
"Hong Kong, Kowloon, Hong Kong",Yau Tsim Mong,Yau Tsim Mong,Hong Kong,Hong Kong,HK,Point,"[114.17367, 22.29616]",True,28351330
"Kadıköy, İstanbul, Turkey",Kadıköy,Kadikoy,Istanbul,Turkey,TR,Point,"[29.02603, 40.98583]",True,28352168
"Montréal, Québec, Canada",Le Plateau,Le Plateau-Mont-Royal,Montreal,Canada,CA,Point,"[-73.56854, 45.51998]",True,28358504
"Hong Kong, New Territories, Hong Kong",,Sha Tin,Hong Kong,Hong Kong,HK,Point,"[114.18739, 22.37839]",True,28359289
"Montréal, QC, Canada",Cote-des-Neiges-Notre-Dame-de-Grace,Côte-des-Neiges-Notre-Dame-de-Grâce,Montreal,Canada,CA,Point,"[-73.62961, 45.47053]",False,28368562
"Hong Kong, Kowloon, Hong Kong",Mong Kok,Yau Tsim Mong,Hong Kong,Hong Kong,HK,Point,"[114.17119, 22.31668]",False,28372300
"尖沙咀, 九龍, Hong Kong",Yau Tsim Mong,Yau Tsim Mong,Hong Kong,Hong Kong,HK,Point,"[114.17571, 22.30201]",False,28372626
"Waialua, HI, United States",North Shore,North Shore Oahu,Oahu,United States,US,Point,"[-158.13749, 21.58279]",True,28373585
"Senhora da Hora, Porto, Portugal",,"Custóias, Leça do Balio e Guifões",Porto,Portugal,PT,Point,"[-8.64739, 41.18929]",True,28377485
"Barcelona, Catalunya, Spain",el Fort Pienc,el Fort Pienc,Barcelona,Spain,ES,Point,"[2.17815, 41.39668]",True,28378574
"Zeytinburnu, İstanbul, Turkey",,Zeytinburnu,Istanbul,Turkey,TR,Point,"[28.89714, 40.98208]",True,28378655
"Montréal, Québec, Canada",Verdun,Verdun,Montreal,Canada,CA,Point,"[-73.57417, 45.45578]",True,28384382
"Miranda, NSW, Australia",,Sutherland Shire,Sydney,Australia,AU,Point,"[151.09337, -34.04228]",True,2838442
"Honolulu, HI, United States",Oʻahu,East Honolulu,Oahu,United States,US,Point,"[-157.76236, 21.28003]",False,28384929
"Holualoa, HI, United States",Kailua/Kona,North Kona,The Big Island,United States,US,Point,"[-155.9464, 19.62038]",False,28387985
"Porto, Porto, Portugal",,"Cedofeita, Ildefonso, Sé, Miragaia, Nicolau, Vitória",Porto,Portugal,PT,Point,"[-8.61797, 41.14175]",True,28398832
"Hong Kong, Hong Kong Island, Hong Kong",Central & Western District,Central & Western,Hong Kong,Hong Kong,HK,Point,"[114.15212, 22.28483]",True,28402495
"Captain Cook, HI, United States",Kailua/Kona,South Kona,The Big Island,United States,US,Point,"[-155.90657, 19.47001]",True,28407128
"Barcelona, Catalunya, Spain",Vila de Gràcia,la Vila de Gràcia,Barcelona,Spain,ES,Point,"[2.15919, 41.40759]",True,28429941
"Fatih, İstanbul, Turkey",Fatih,Fatih,Istanbul,Turkey,TR,Point,"[28.97462, 41.00549]",True,28432923
"Haiku-Pauwela, HI, United States",Maui,Paia-Haiku,Maui,United States,US,Point,"[-156.26932, 20.92737]",True,28438885
"Barcelona, Catalunya, Spain",Dreta de l'Eixample,la Dreta de l'Eixample,Barcelona,Spain,ES,Point,"[2.17401, 41.39924]",True,2843976
"Kihei, HI, United States",Kihei/Wailea,Kihei-Makena,Maui,United States,US,Point,"[-156.44528, 20.71193]",True,28442272
"Hong Kong, Kowloon, Hong Kong",Tsim Sha Tsui,Yau Tsim Mong,Hong Kong,Hong Kong,HK,Point,"[114.17326, 22.29754]",True,28453855
"İstanbul, İstanbul, Turkey",Üsküdar,Uskudar,Istanbul,Turkey,TR,Point,"[29.01255, 41.0253]",False,28458941
"Porto, Porto, Portugal",,"Cedofeita, Ildefonso, Sé, Miragaia, Nicolau, Vitória",Porto,Portugal,PT,Point,"[-8.61807, 41.14149]",False,28463956
"Bahçelievler, İstanbul, Turkey",,Bahcelievler,Istanbul,Turkey,TR,Point,"[28.84637, 40.99385]",False,28466724
"Bondi, NSW, Australia",Bondi,Waverley,Sydney,Australia,AU,Point,"[151.26043, -33.89249]",True,28469726
"Beyoğlu , İstanbul, Turkey",Beyoglu,Beyoglu,Istanbul,Turkey,TR,Point,"[28.97572, 41.03584]",False,28475232
"Vila nova de Gaia , Porto, Portugal",,São Félix da Marinha,Porto,Portugal,PT,Point,"[-8.63949, 41.03848]",False,28481642
"Vila do Conde, Porto, Portugal",,Vila do Conde,Porto,Portugal,PT,Point,"[-8.74684, 41.34792]",True,28483681
"Hong Kong, Kowloon, Hong Kong",Tsim Sha Tsui,Yau Tsim Mong,Hong Kong,Hong Kong,HK,Point,"[114.17089, 22.29807]",True,28484211
"Kihei, HI, United States",Maui,Kihei-Makena,Maui,United States,US,Point,"[-156.45721, 20.7476]",True,28491189
"Gandra, Porto, Portugal",,Gandra,Porto,Portugal,PT,Point,"[-8.4503, 41.18632]",True,28493488
"Beyoğlu , İstanbul, Turkey",Karaköy,Beyoglu,Istanbul,Turkey,TR,Point,"[28.97411, 41.03011]",False,28493846
"Wailuku, HI, United States",Maui,Kihei-Makena,Maui,United States,US,Point,"[-156.50401, 20.79736]",False,28497422
"Avcılar, İstanbul, Turkey",,Avcilar,Istanbul,Turkey,TR,Point,"[28.71699, 40.98952]",False,28506996
"Kadıköy, Istanbul, Turkey",Moda,Kadikoy,Istanbul,Turkey,TR,Point,"[29.03222, 40.9843]",False,28508345
"Rio de Janeiro, Rio de Janeiro, Brazil",Leblon,Leblon,Rio De Janeiro,Brazil,BR,Point,"[-43.23199809418035, -22.983423936897665]",False,2851471
"Beyoğlu, İstanbul, Turkey",Beyoglu,Beyoglu,Istanbul,Turkey,TR,Point,"[28.97291, 41.03581]",True,28515003
"Kihei, HI, United States",Kihei/Wailea,Kihei-Makena,Maui,United States,US,Point,"[-156.45913, 20.75542]",False,28515788
"Waianae, HI, United States",Oʻahu,Waianae,Oahu,United States,US,Point,"[-158.16473, 21.46036]",True,28516771
"Porto, Porto, Portugal",,"Cedofeita, Ildefonso, Sé, Miragaia, Nicolau, Vitória",Porto,Portugal,PT,Point,"[-8.61291, 41.14998]",True,28532203
"Rio de Janeiro, Rio de Janeiro, Brazil",São Cristóvão,São Cristóvão,Rio De Janeiro,Brazil,BR,Point,"[-43.21865932885744, -22.89137664124726]",False,2853509
"Montréal, Québec, Canada",Old Montreal,Ville-Marie,Montreal,Canada,CA,Point,"[-73.55299, 45.51168]",False,28538269
"Barcelona, Catalunya, Spain",Camp d'en Grassot i Gràcia Nova,el Camp d'en Grassot i Gràcia Nova,Barcelona,Spain,ES,Point,"[2.16058, 41.41072]",True,28541702
"Kailua-Kona, HI, United States",Island of Hawaiʻi,North Kona,The Big Island,United States,US,Point,"[-155.97586, 19.60656]",False,28543237
"Honolulu, HI, United States",Honolulu,Primary Urban Center,Oahu,United States,US,Point,"[-157.8263, 21.27879]",True,28545400
"Porto, Portugal",,São Mamede de Infesta e Senhora da Hora,Porto,Portugal,PT,Point,"[-8.64327, 41.18887]",False,28557881
"Mong Kok, Kowloon, Hong Kong",Mong Kok,Yau Tsim Mong,Hong Kong,Hong Kong,HK,Point,"[114.1698, 22.32245]",False,28559109
"Hong Kong, Kowloon, Hong Kong",Mong Kok,Yau Tsim Mong,Hong Kong,Hong Kong,HK,Point,"[114.16982, 22.32172]",True,28559171
"Istanbul, Istanbul Province, Turkey",Sultanahmet,Fatih,Istanbul,Turkey,TR,Point,"[28.97997, 41.01125]",False,2856208
"Rio, Rio de Janeiro, Brazil",Guadalupe,Barros Filho,Rio De Janeiro,Brazil,BR,Point,"[-43.372876631869616, -22.831651503313893]",False,2858298
"Rio de Janeiro, Rio de Janeiro, Brazil",Barra da Tijuca,Barra da Tijuca,Rio De Janeiro,Brazil,BR,Point,"[-43.30306676334505, -23.015204158417465]",False,2858519
"Montréal, Québec, Canada",Downtown Montreal,Ville-Marie,Montreal,Canada,CA,Point,"[-73.55823, 45.52024]",True,28586697
"Barcelona, Catalunya, Spain",Sant Martí,el Poblenou,Barcelona,Spain,ES,Point,"[2.20247, 41.40666]",True,28595226
"Barcelona, Catalunya, Spain",Ciutat Vella,el Raval,Barcelona,Spain,ES,Point,"[2.16423, 41.3808]",True,28598597
"Beşiktaş, İstanbul, Turkey",Beşiktaş,Besiktas,Istanbul,Turkey,TR,Point,"[29.00334, 41.06424]",False,28603610
"Beşiktaş, İstanbul, Turkey",Beşiktaş,Besiktas,Istanbul,Turkey,TR,Point,"[29.00355, 41.04608]",True,28603723
"Montréal, Québec, Canada",Mile End,Rosemont-La Petite-Patrie,Montreal,Canada,CA,Point,"[-73.61563, 45.53178]",True,28609655
"Sydney, NSW, Australia",Central Business District,Sydney,Sydney,Australia,AU,Point,"[151.2097, -33.87874]",True,28629163
"Bakırköy, İstanbul, Turkey",,Bakirkoy,Istanbul,Turkey,TR,Point,"[28.88177, 40.98211]",True,28629954
"Barcelona, Catalunya, Spain",La Barceloneta,la Barceloneta,Barcelona,Spain,ES,Point,"[2.18851, 41.38118]",True,28632184
"Barcelona, Catalunya, Spain",Sant Andreu,la Trinitat Vella,Barcelona,Spain,ES,Point,"[2.19069, 41.45017]",True,28653236
"Montréal, Québec, Canada",LaSalle,LaSalle,Montreal,Canada,CA,Point,"[-73.65987, 45.42775]",True,28660186
"Hong Kong, Hong Kong Island, Hong Kong",Central & Western District,Central & Western,Hong Kong,Hong Kong,HK,Point,"[114.15325, 22.28207]",True,28666887
"Porto, ., Portugal",,"Cedofeita, Ildefonso, Sé, Miragaia, Nicolau, Vitória",Porto,Portugal,PT,Point,"[-8.60731, 41.14767]",False,28678823
"Barcelona, Catalunya, Spain",Camp d'en Grassot i Gràcia Nova,el Camp d'en Grassot i Gràcia Nova,Barcelona,Spain,ES,Point,"[2.16663, 41.40691]",True,28680187
"Barcelona, Catalonia, Spain",El Poble-sec,el Poble Sec,Barcelona,Spain,ES,Point,"[2.16462, 41.37123]",True,2868278
"istanbul, Istanbul, Turkey",Şişli,Sisli,Istanbul,Turkey,TR,Point,"[28.9871, 41.06675]",False,28683838
"Pāhoa, HI, United States",Island of Hawaiʻi,Puna,The Big Island,United States,US,Point,"[-154.92351, 19.4077]",True,2868441
"Kadıköy, İstanbul, Turkey",Moda,Kadikoy,Istanbul,Turkey,TR,Point,"[29.03227, 40.98909]",False,28690892
"Beyoğlu, İstanbul, Turkey",Beyoglu,Beyoglu,Istanbul,Turkey,TR,Point,"[28.97783, 41.03531]",True,28691086
"Istanbul, Pendik, Turkey",,Pendik,Istanbul,Turkey,TR,Point,"[29.31272, 40.93325]",False,2869724
"Montréal, Québec, Canada",Saint-Laurent,Saint-Laurent,Montreal,Canada,CA,Point,"[-73.68925, 45.50705]",True,28714475
"İstanbul, İstanbul, Turkey",,Pendik,Istanbul,Turkey,TR,Point,"[29.30692, 40.932]",False,28714609
"Hong Kong, Kowloon, Hong Kong",Tsim Sha Tsui,Yau Tsim Mong,Hong Kong,Hong Kong,HK,Point,"[114.17191, 22.29695]",False,28719096
"Rio de Janeiro, Rio de Janeiro, Brazil",Andaraí,Andaraí,Rio De Janeiro,Brazil,BR,Point,"[-43.248197124204076, -22.91967003844231]",False,2873436
"New York, NY, United States",Midtown,Hell's Kitchen,New York,United States,US,Point,"[-73.99152, 40.76147]",True,287408
"Merrylands, NSW, Australia",,Holroyd,Sydney,Australia,AU,Point,"[150.98581, -33.83652]",False,28748403
"Barcelona, Catalunya, Spain",Sants-Montjuïc,el Poble Sec,Barcelona,Spain,ES,Point,"[2.16156, 41.37286]",True,28750603
"Rio de Janeiro, Rio de Janeiro, Brazil",Copacabana,Copacabana,Rio De Janeiro,Brazil,BR,Point,"[-43.19352248330092, -22.97786798080593]",True,2875373
"Montréal, QC, Canada",Downtown Montreal,Ville-Marie,Montreal,Canada,CA,Point,"[-73.57051, 45.49718]",False,28762028
"Hong Kong, New Territories, Hong Kong",,Sai Kung,Hong Kong,Hong Kong,HK,Point,"[114.26092, 22.30618]",True,28768866
"Hong Kong, Kowloon, Hong Kong",Tsim Sha Tsui,Yau Tsim Mong,Hong Kong,Hong Kong,HK,Point,"[114.1757, 22.30197]",False,28772395
"Montréal, Québec, Canada",Le Plateau-Mont-Royal,Le Plateau-Mont-Royal,Montreal,Canada,CA,Point,"[-73.56924, 45.53074]",True,28782308
"Barcelona, Catalunya, Spain",El Poble-sec,el Poble Sec,Barcelona,Spain,ES,Point,"[2.16621, 41.37133]",True,28795425
"Barcelona, Catalunya, Spain",Eixample,l'Antiga Esquerra de l'Eixample,Barcelona,Spain,ES,Point,"[2.15829, 41.38622]",True,28800381
"Hong Kong, Kowloon, Hong Kong",Yau Tsim Mong,Yau Tsim Mong,Hong Kong,Hong Kong,HK,Point,"[114.17219, 22.30451]",True,28805946
"Kapaa, HI, United States",Kauaʻi,Kapaa-Wailua,Kauai,United States,US,Point,"[-159.32122, 22.06251]",True,2881549
"Hong Kong, Kowloon, Hong Kong",Yau Tsim Mong,Yau Tsim Mong,Hong Kong,Hong Kong,HK,Point,"[114.17297, 22.29658]",True,28824060
"Barcelona, Catalunya, Spain",Sant Martí,el Camp de l'Arpa del Clot,Barcelona,Spain,ES,Point,"[2.18253, 41.41013]",True,28825704
"Sarıyer, İstanbul, Turkey",,Sariyer,Istanbul,Turkey,TR,Point,"[29.02921, 41.15564]",False,28828913
"Shenzhen Shi, Guangdong Sheng, China",,North,Hong Kong,China,CN,Point,"[114.12045, 22.53563]",True,28829890
"Küçükçekmece, İstanbul, Turkey",,Kucukcekmece,Istanbul,Turkey,TR,Point,"[28.78073, 40.98731]",True,28833727
"Porto, Porto, Portugal",,"Cedofeita, Ildefonso, Sé, Miragaia, Nicolau, Vitória",Porto,Portugal,PT,Point,"[-8.61553, 41.14292]",True,28835255
"Montréal, Québec, Canada",Le Plateau-Mont-Royal,Le Plateau-Mont-Royal,Montreal,Canada,CA,Point,"[-73.59108, 45.52524]",True,28838517
"Lahaina, HI, United States",Maui,Lahaina,Maui,United States,US,Point,"[-156.67844, 20.87369]",False,28840227
"Avcılar, İstanbul, Turkey",,Avcilar,Istanbul,Turkey,TR,Point,"[28.7341, 40.98431]",True,28848228
"Hong Kong, Hong Kong Island, Hong Kong",Central & Western District,Central & Western,Hong Kong,Hong Kong,HK,Point,"[114.14082, 22.28629]",True,28853948
"Barcelona, Catalunya, Spain",El Besòs i el Maresme,el Besòs i el Maresme,Barcelona,Spain,ES,Point,"[2.21568, 41.41098]",True,28858231
"Barcelona, Catalunya, Spain",La Sagrada Família,la Sagrada Família,Barcelona,Spain,ES,Point,"[2.17619, 41.4105]",True,28858840
"Hong Kong, Kowloon, Hong Kong",Tsim Sha Tsui,Yau Tsim Mong,Hong Kong,Hong Kong,HK,Point,"[114.17621, 22.29334]",True,28859889
"Kadıköy, İstanbul, Turkey",Kadıköy,Kadikoy,Istanbul,Turkey,TR,Point,"[29.03648, 40.99475]",False,28881505
"Montréal, Québec, Canada",Le Plateau-Mont-Royal,Le Plateau-Mont-Royal,Montreal,Canada,CA,Point,"[-73.591, 45.5274]",True,28881873
"Hong Kong, Kowloon, Hong Kong",Hung Hom,Yau Tsim Mong,Hong Kong,Hong Kong,HK,Point,"[114.1846, 22.30182]",False,28884716
"Montréal, Québec, Canada",Downtown Montreal,Ville-Marie,Montreal,Canada,CA,Point,"[-73.57986, 45.49561]",True,28889655
"Gávea, Rio de Janeiro, Brazil",Gávea,Gávea,Rio De Janeiro,Brazil,BR,Point,"[-43.22633480140057, -22.973511962200277]",True,28890052
"Rio, Rio de Janeiro, Brazil",Jardim Botânico,Jardim Botânico,Rio De Janeiro,Brazil,BR,Point,"[-43.22167425187253, -22.964178734792597]",True,2889440
"Newington, NSW, Australia",Silverwater/Newington,Auburn,Sydney,Australia,AU,Point,"[151.0535, -33.8361]",True,2889953
"Barcelona, Catalunya, Spain",El Raval,el Raval,Barcelona,Spain,ES,Point,"[2.17133, 41.37911]",True,28904599
"Vila Nova de Gaia, Porto, Portugal",,Mafamude e Vilar do Paraíso,Porto,Portugal,PT,Point,"[-8.59573, 41.12436]",True,28904885
"İstanbul, Şişli, Turkey",Şişli,Sisli,Istanbul,Turkey,TR,Point,"[28.99755, 41.07506]",False,28911645
"Porto, Porto, Portugal",,"Cedofeita, Ildefonso, Sé, Miragaia, Nicolau, Vitória",Porto,Portugal,PT,Point,"[-8.61238, 41.14138]",True,28914960
"İstanbul, İstanbul, Turkey",,Bahcelievler,Istanbul,Turkey,TR,Point,"[28.82602, 41.00563]",False,28925068
"Barcelona, Catalunya, Spain",Horta-Guinardó,la Teixonera,Barcelona,Spain,ES,Point,"[2.14545, 41.42249]",True,28926167
"Lagoa, Rio de Janeiro, Brazil",Lagoa,Lagoa,Rio De Janeiro,Brazil,BR,Point,"[-43.20198128494685, -22.961310128349428]",True,28955950
"Barcelona, Catalunya, Spain",La Nova Esquerra de l'Eixample,la Nova Esquerra de l'Eixample,Barcelona,Spain,ES,Point,"[2.15283, 41.38402]",True,28956363
"Barcelona, Catalunya, Spain",Gràcia,el Camp d'en Grassot i Gràcia Nova,Barcelona,Spain,ES,Point,"[2.1657, 41.40467]",True,28957367
"İstanbul, İstanbul, Turkey",Fatih,Fatih,Istanbul,Turkey,TR,Point,"[28.9503, 41.02976]",False,28962650
"New York, NY, United States",Manhattan,SoHo,New York,United States,US,Point,"[-73.99916, 40.7253]",True,289703
"İstanbul, İstanbul, Turkey",,Basaksehir,Istanbul,Turkey,TR,Point,"[28.79237, 41.08005]",False,28974068
"Rio de Janeiro , Rio de Janeiro, Brazil",Tijuca,Tijuca,Rio De Janeiro,Brazil,BR,Point,"[-43.21744851663849, -22.920937445649315]",True,2897910
"左敦, 九龍, Hong Kong",Jordan,Yau Tsim Mong,Hong Kong,Hong Kong,HK,Point,"[114.17166, 22.30389]",False,28988793
"Montréal, QC, Canada",Ahuntsic-Cartierville,Ahuntsic-Cartierville,Montreal,Canada,CA,Point,"[-73.66502, 45.55159]",False,28991032
"Hong Kong, Hong Kong Island, Hong Kong",Wan Chai,Wan Chai,Hong Kong,Hong Kong,HK,Point,"[114.17657, 22.27935]",False,28993950
"Beşiktaş, İstanbul, Turkey",Beşiktaş,Besiktas,Istanbul,Turkey,TR,Point,"[29.02576, 41.06768]",True,28997335
"Newport, NSW, Australia",,Pittwater,Sydney,Australia,AU,Point,"[151.32133, -33.65885]",True,2900140
"Porto, Porto, Portugal",,"Cedofeita, Ildefonso, Sé, Miragaia, Nicolau, Vitória",Porto,Portugal,PT,Point,"[-8.60906, 41.16012]",False,29006342
"Montréal, Québec, Canada",Downtown Montreal,Ville-Marie,Montreal,Canada,CA,Point,"[-73.57602, 45.49784]",True,29009853
"Rio, Rio de Janeiro, Brazil",Flamengo,Botafogo,Rio De Janeiro,Brazil,BR,Point,"[-43.17680652295373, -22.943141334834984]",True,2901513
"Porto, Porto, Portugal",,"Cedofeita, Ildefonso, Sé, Miragaia, Nicolau, Vitória",Porto,Portugal,PT,Point,"[-8.62853, 41.15757]",True,29026923
"Montréal, Québec, Canada",Gay Village,Ville-Marie,Montreal,Canada,CA,Point,"[-73.55747, 45.51643]",True,29032115
"Bondi Beach, NSW, Australia",Bondi Beach,Waverley,Sydney,Australia,AU,Point,"[151.27435, -33.89074]",False,29037867
"Rio de Janeiro, Rio de Janeiro, Brazil",Copacabana,Copacabana,Rio De Janeiro,Brazil,BR,Point,"[-43.19125726164982, -22.977083052562325]",False,2903941
"Kingsford, NSW, Australia",Kingsford,Randwick,Sydney,Australia,AU,Point,"[151.22797, -33.91976]",True,29047108
"Fatih, İstanbul, Turkey",Sultanahmet,Fatih,Istanbul,Turkey,TR,Point,"[28.97594, 41.0027]",True,29048292
"Barcelona, Catalunya, Spain",El Raval,el Raval,Barcelona,Spain,ES,Point,"[2.16584, 41.38316]",True,29052866
"Istanbul, Istanbul Province, Turkey",Şişli,Sisli,Istanbul,Turkey,TR,Point,"[28.98007, 41.05565]",True,2905682
"İstanbul, İstanbul, Turkey",Beyoglu,Beyoglu,Istanbul,Turkey,TR,Point,"[28.97133, 41.027590000000004]",True,290608
"Beyoğlu, İstanbul, Turkey",Beyoglu,Beyoglu,Istanbul,Turkey,TR,Point,"[28.98629, 41.0331]",True,29078967
"Epping, NSW, Australia",,Hornsby,Sydney,Australia,AU,Point,"[151.08766, -33.76651]",False,29084122
"Barcelona, Catalunya, Spain",El Raval,el Raval,Barcelona,Spain,ES,Point,"[2.17271, 41.3777]",True,29089899
"Montreal, QC, Canada",Le Plateau,Le Plateau-Mont-Royal,Montreal,Canada,CA,Point,"[-73.58015, 45.52935]",True,2909689
"Montréal, QC, Canada",Downtown Montreal,Ville-Marie,Montreal,Canada,CA,Point,"[-73.57299, 45.49683]",False,29104927
"Dee Why, NSW, Australia",,Warringah,Sydney,Australia,AU,Point,"[151.28945, -33.7549]",False,29108266
"Hong Kong, Hong Kong Island, Hong Kong",Quarry Bay,Eastern,Hong Kong,Hong Kong,HK,Point,"[114.21121, 22.28696]",True,29109214
"Beyoğlu, İstanbul, Turkey",Karaköy,Beyoglu,Istanbul,Turkey,TR,Point,"[28.97916, 41.02698]",False,29110619
"Barcelona, Catalunya, Spain",Sant Pere/Santa Caterina,"Sant Pere, Santa Caterina i la Ribera",Barcelona,Spain,ES,Point,"[2.17561, 41.38786]",False,29115387
"Barcelona, Catalunya, Spain",Sant Pere/Santa Caterina,"Sant Pere, Santa Caterina i la Ribera",Barcelona,Spain,ES,Point,"[2.17705, 41.38934]",False,29115543
"Barcelona, Catalunya, Spain",Eixample,la Dreta de l'Eixample,Barcelona,Spain,ES,Point,"[2.17194, 41.39958]",True,29115877
"Barcelona, Catalunya, Spain",Ciutat Vella,el Raval,Barcelona,Spain,ES,Point,"[2.17499, 41.37617]",True,29121570
"Montréal, Québec, Canada",Old Montreal,Ville-Marie,Montreal,Canada,CA,Point,"[-73.55434, 45.51226]",True,29128630
"Hong Kong, Kowloon, Hong Kong",Yau Tsim Mong,Yau Tsim Mong,Hong Kong,Hong Kong,HK,Point,"[114.16651, 22.30739]",True,29137639
"Hong Kong, Hong Kong Island, Hong Kong",Central & Western District,Central & Western,Hong Kong,Hong Kong,HK,Point,"[114.15364, 22.28294]",True,29138738
"Istanbul, İstanbul, Turkey",Beşiktaş,Besiktas,Istanbul,Turkey,TR,Point,"[28.99965, 41.04359]",False,29144682
"Barcelona, Catalunya, Spain",Dreta de l'Eixample,la Dreta de l'Eixample,Barcelona,Spain,ES,Point,"[2.17189, 41.3935]",True,29147263
"Matosinhos, Porto, Portugal",,Matosinhos e Leça da Palmeira,Porto,Portugal,PT,Point,"[-8.68886, 41.18222]",True,29148942
"Barcelona, Catalunya, Spain",El Raval,el Raval,Barcelona,Spain,ES,Point,"[2.17525, 41.3776]",True,29150428
"Montreal, QC, Canada",Downtown Montreal,Ville-Marie,Montreal,Canada,CA,Point,"[-73.56654, 45.50117]",False,29161044
"Montréal, Québec, Canada",Quartier des Spectacles,Ville-Marie,Montreal,Canada,CA,Point,"[-73.56149, 45.50999]",True,29165158
"Beyoğlu, İstanbul, Turkey",Beyoglu,Beyoglu,Istanbul,Turkey,TR,Point,"[28.97935, 41.03127]",False,29172490
"Montréal, Québec, Canada",Downtown Montreal,Ville-Marie,Montreal,Canada,CA,Point,"[-73.56184, 45.50985]",True,29222035
"Istanbul, Istanbul, Turkey",Kadıköy,Kadikoy,Istanbul,Turkey,TR,Point,"[29.02654, 40.99372]",False,29223250
"Beşiktaş, İstanbul, Turkey",Ortaköy,Besiktas,Istanbul,Turkey,TR,Point,"[29.0229, 41.05203]",False,29224880
"ADALAR, Istanbul, Turkey",,Adalar,Istanbul,Turkey,TR,Point,"[29.10106, 40.8781]",False,29225214
"Hong Kong, Kowloon, Hong Kong",Tsim Sha Tsui,Yau Tsim Mong,Hong Kong,Hong Kong,HK,Point,"[114.17098, 22.29718]",True,29234484
"Rhodes, NSW, Australia",Rhodes,Canada Bay,Sydney,Australia,AU,Point,"[151.08793, -33.82543]",False,29240750
"Brooklyn, NY, United States",Brooklyn,Williamsburg,New York,United States,US,Point,"[-73.9488, 40.71416]",True,2924834
"Beyoğlu, İstanbul, Turkey",Beyoglu,Beyoglu,Istanbul,Turkey,TR,Point,"[28.97783, 41.03894]",False,29249672
"Şişli, İstanbul, Turkey",Şişli,Sisli,Istanbul,Turkey,TR,Point,"[28.98571, 41.06351]",True,29251263
"İstanbul, İstanbul, Turkey",Şişli,Sisli,Istanbul,Turkey,TR,Point,"[28.99579, 41.07082]",False,29257522
"Montréal, Québec, Canada",La Petite-Patrie,Rosemont-La Petite-Patrie,Montreal,Canada,CA,Point,"[-73.58578, 45.54061]",True,29262781
"Brooklyn, NY, United States",Windsor Terrace,Windsor Terrace,New York,United States,US,Point,"[-73.9761, 40.65541]",False,2927005
"İstanbul, Beşiktaş/Gayrettepe, Turkey",Beşiktaş,Besiktas,Istanbul,Turkey,TR,Point,"[29.00304, 41.06173]",False,29274583
"Porto, Porto, Portugal",,Campanhã,Porto,Portugal,PT,Point,"[-8.5865, 41.15119]",False,29277360
"Montréal, QC, Canada",Ahuntsic-Cartierville,Ahuntsic-Cartierville,Montreal,Canada,CA,Point,"[-73.64719, 45.56707]",False,29279082
"Hong Kong, Kowloon, Hong Kong",Kwun Tong District,Kwun Tong,Hong Kong,Hong Kong,HK,Point,"[114.21768, 22.30791]",False,29283991
"Montréal, Québec, Canada",Le Plateau-Mont-Royal,Le Plateau-Mont-Royal,Montreal,Canada,CA,Point,"[-73.57665, 45.53438]",True,29294705
"Barcelona, Spain",Eixample,la Dreta de l'Eixample,Barcelona,Spain,ES,Point,"[2.17506, 41.39353]",False,29302836
"Porto, Porto, Portugal",,"Cedofeita, Ildefonso, Sé, Miragaia, Nicolau, Vitória",Porto,Portugal,PT,Point,"[-8.61151, 41.14692]",True,29309473
"Montréal, Québec, Canada",Montréal-Nord,Montréal-Nord,Montreal,Canada,CA,Point,"[-73.65226, 45.58371]",True,2931473
"Şişli, İstanbul, Turkey",Taksim,Beyoglu,Istanbul,Turkey,TR,Point,"[28.98149, 41.03767]",False,29324861
"Beyoğlu, İstanbul, Turkey",Beyoglu,Beyoglu,Istanbul,Turkey,TR,Point,"[28.97539, 41.03311]",True,29332500
"Montreal, QC, Canada",Downtown Montreal,Ville-Marie,Montreal,Canada,CA,Point,"[-73.56755, 45.50094]",False,29334720
"Istanbul, Istanbul, Turkey",Şişli,Sisli,Istanbul,Turkey,TR,Point,"[28.99121, 41.05588]",False,29337293
"Hong Kong, Kowloon, Hong Kong",Jordan,Yau Tsim Mong,Hong Kong,Hong Kong,HK,Point,"[114.17132, 22.30535]",True,29338509
"Rio, Rio de Janeiro, Brazil",,Gardênia Azul,Rio De Janeiro,Brazil,BR,Point,"[-43.35305406070436, -22.960144617771412]",False,2934080
"Montréal, Québec, Canada",Saint-Leonard,Saint-Léonard,Montreal,Canada,CA,Point,"[-73.58155, 45.58735]",True,29341373
"Hong Kong, Hong Kong Island, Hong Kong",Wan Chai District,Wan Chai,Hong Kong,Hong Kong,HK,Point,"[114.17075, 22.27578]",True,29349463
"Beşiktaş, İstanbul, Turkey",Beşiktaş,Besiktas,Istanbul,Turkey,TR,Point,"[29.00522, 41.04607]",True,29354797
"Fatih, İstanbul, Turkey",Fatih,Fatih,Istanbul,Turkey,TR,Point,"[28.93034, 41.00386]",False,29358615
"Lilyfield, NSW, Australia",Annandale/Leichhardt,Leichhardt,Sydney,Australia,AU,Point,"[151.16707, -33.87481]",True,2936130
"New York, NY, United States",Greenwich Village,Greenwich Village,New York,United States,US,Point,"[-73.99992, 40.73034]",True,2936192
"Istanbul, Istanbul, Turkey",,Bahcelievler,Istanbul,Turkey,TR,Point,"[28.84474, 40.99144]",True,293754
"Esenyurt, Istanbul, Turkey",,Kucukcekmece,Istanbul,Turkey,TR,Point,"[28.79964, 41.0352]",False,29378401
"Porto, Porto, Portugal",,"Cedofeita, Ildefonso, Sé, Miragaia, Nicolau, Vitória",Porto,Portugal,PT,Point,"[-8.61584, 41.15009]",False,29378853
"Porto, Porto District, Portugal",,"Cedofeita, Ildefonso, Sé, Miragaia, Nicolau, Vitória",Porto,Portugal,PT,Point,"[-8.61388, 41.15215]",False,29390089
"Fairlight, NSW, Australia",Fairlight,Manly,Sydney,Australia,AU,Point,"[151.27255, -33.79586]",False,29390269
"Lahaina, HI, United States",Maui,Lahaina,Maui,United States,US,Point,"[-156.68855, 20.93351]",True,29400145
"Porto, Porto, Portugal",,Bonfim,Porto,Portugal,PT,Point,"[-8.58959, 41.14882]",True,29404058
"Barcelona, Spain",L'Antiga Esquerra de l'Eixample,l'Antiga Esquerra de l'Eixample,Barcelona,Spain,ES,Point,"[2.15734, 41.39161]",False,29407312
"Póvoa de Varzim , Porto, Portugal",,"Póvoa de Varzim, Beiriz e Argivai",Porto,Portugal,PT,Point,"[-8.76786, 41.38057]",False,29412913
"Pendik, İstanbul, Turkey",,Pendik,Istanbul,Turkey,TR,Point,"[29.28104, 40.8593]",True,29413488
"Montreal , Qecbec, Canada",Le Sud-Ouest,Le Sud-Ouest,Montreal,Canada,CA,Point,"[-73.56957, 45.47688]",False,29420129
"Barcelona, Catalunya, Spain",Gràcia,la Vila de Gràcia,Barcelona,Spain,ES,Point,"[2.15353, 41.40185]",True,29429544
"Beyoğlu, İstanbul, Turkey",Beyoglu,Beyoglu,Istanbul,Turkey,TR,Point,"[28.98343, 41.03293]",True,29432887
"Hong Kong, Hong Kong Island, Hong Kong",Central & Western District,Central & Western,Hong Kong,Hong Kong,HK,Point,"[114.1259, 22.28282]",True,29447285
"Porto, Porto, Portugal",,Bonfim,Porto,Portugal,PT,Point,"[-8.59287, 41.14722]",False,29448000
"Porto, Porto, Portugal",,"Cedofeita, Ildefonso, Sé, Miragaia, Nicolau, Vitória",Porto,Portugal,PT,Point,"[-8.62277, 41.16315]",True,29450571
"Şişli, İstanbul, Turkey",Şişli,Sisli,Istanbul,Turkey,TR,Point,"[28.97632, 41.055]",False,29452253
"İstanbul, İstanbul, Turkey",Beyoglu,Beyoglu,Istanbul,Turkey,TR,Point,"[28.98428, 41.03362]",False,29455981
"Porto, Porto, Portugal",,"Cedofeita, Ildefonso, Sé, Miragaia, Nicolau, Vitória",Porto,Portugal,PT,Point,"[-8.62036, 41.15525]",True,29456015
"Şişli, İstanbul, Turkey",Şişli,Sisli,Istanbul,Turkey,TR,Point,"[28.9922, 41.05091]",True,29456207
"İstanbul, İstanbul, Turkey",Kadıköy,Kadikoy,Istanbul,Turkey,TR,Point,"[29.03377, 40.99593]",False,2946022
"Redfern, NSW, Australia",Redfern,Sydney,Sydney,Australia,AU,Point,"[151.20453, -33.8918]",True,29466814
"Rio de Janeiro, Rio de Janeiro, Brazil",Barra da Tijuca,Jacarepaguá,Rio De Janeiro,Brazil,BR,Point,"[-43.384890842035055, -22.97028849992462]",False,2947332
"Porto, Porto, Portugal",,Lordelo do Ouro e Massarelos,Porto,Portugal,PT,Point,"[-8.62978, 41.15477]",False,29474090
"Porto, Porto, Portugal",,"Cedofeita, Ildefonso, Sé, Miragaia, Nicolau, Vitória",Porto,Portugal,PT,Point,"[-8.61126, 41.1504]",True,29490217
"Rio, Rio de Janeiro, Brazil",Copacabana,Copacabana,Rio De Janeiro,Brazil,BR,Point,"[-43.18807897048011, -22.966199032846383]",True,2949309
"Vila Nova de Gaia, Porto, Portugal",,Santa Marinha e São Pedro da Afurada,Porto,Portugal,PT,Point,"[-8.61362, 41.13729]",True,29500826
"Hong Kong, New Territories, Hong Kong",,Sha Tin,Hong Kong,Hong Kong,HK,Point,"[114.23549, 22.42452]",True,29503086
"Vila Nova de Gaia, Porto, Portugal",,Madalena,Porto,Portugal,PT,Point,"[-8.65375, 41.10136]",False,29507756
"Kadıköy, İstanbul, Turkey",Kadıköy,Kadikoy,Istanbul,Turkey,TR,Point,"[29.0239, 40.98602]",True,29508303
"Barcelona, Catalunya, Spain",Gràcia,la Vila de Gràcia,Barcelona,Spain,ES,Point,"[2.16139, 41.40477]",True,29508322
"Montréal, QC, Canada",Ahuntsic-Cartierville,Ahuntsic-Cartierville,Montreal,Canada,CA,Point,"[-73.67601, 45.53463]",False,29518685
"Esenyurt, İstanbul, Turkey",,Esenyurt,Istanbul,Turkey,TR,Point,"[28.69056, 41.00275]",False,29529478
"İstanbul, İstanbul, Turkey",,Sariyer,Istanbul,Turkey,TR,Point,"[29.04192, 41.10913]",False,29531933
"Barcelona, Catalunya, Spain",Sants-Montjuïc,Sants,Barcelona,Spain,ES,Point,"[2.13166, 41.37284]",True,29535104
"Barcelona, Catalunya, Spain",Gràcia,la Vila de Gràcia,Barcelona,Spain,ES,Point,"[2.1558, 41.40354]",True,29552477
"Istanbul, İstanbul, Turkey",Taksim,Beyoglu,Istanbul,Turkey,TR,Point,"[28.97716, 41.03471]",False,29561057
"Ataşehir merkez , İstanbul, Turkey",,Atasehir,Istanbul,Turkey,TR,Point,"[29.11962, 40.98436]",False,29562736
"Montréal, Québec, Canada",Downtown Montreal,Ville-Marie,Montreal,Canada,CA,Point,"[-73.58124, 45.49904]",True,29565128
"South Wentworthville, NSW, Australia",,Holroyd,Sydney,Australia,AU,Point,"[150.96517, -33.82507]",True,29574733
"Beverly Hills, NSW, Australia",Beverly Hills,Hurstville,Sydney,Australia,AU,Point,"[151.08088, -33.95031]",False,29576644
"Beyoğlu, İstanbul, Turkey",Beyoglu,Beyoglu,Istanbul,Turkey,TR,Point,"[28.97371, 41.0275]",True,29586056
"Hong Kong, New Territories, Hong Kong",,Kwai Tsing,Hong Kong,Hong Kong,HK,Point,"[114.13684, 22.36597]",False,29586098
"Eyüp, İstanbul, Turkey",,Eyup,Istanbul,Turkey,TR,Point,"[28.93786, 41.08173]",False,29593978
"Hong Kong, Kowloon, Hong Kong",Yau Tsim Mong,Yau Tsim Mong,Hong Kong,Hong Kong,HK,Point,"[114.16118, 22.32153]",False,29602186
"Montréal, Québec, Canada",Mercier-Hochelaga-Maisonneuve,Anjou,Montreal,Canada,CA,Point,"[-73.5508, 45.59496]",True,29612592
"Beşiktaş, İstanbul, Turkey",Beşiktaş,Sisli,Istanbul,Turkey,TR,Point,"[29.0049, 41.08903]",False,29619304
"Porto, Grande Porto, Portugal",,"Cedofeita, Ildefonso, Sé, Miragaia, Nicolau, Vitória",Porto,Portugal,PT,Point,"[-8.60743, 41.15132]",True,2961935
"Fatih, İstanbul, Turkey",Fatih,Fatih,Istanbul,Turkey,TR,Point,"[28.93104, 41.00623]",False,29620364
"Hong Kong, Hong Kong Island, Hong Kong",Wan Chai District,Wan Chai,Hong Kong,Hong Kong,HK,Point,"[114.18847, 22.27775]",True,29622247
"Barcelona, Catalunya, Spain",La Sagrada Família,la Sagrada Família,Barcelona,Spain,ES,Point,"[2.1723, 41.40404]",True,29626173
"RIO DE JANEIRO, Rio de Janeiro, Brazil",Praça da Bandeira,Praça da Bandeira,Rio De Janeiro,Brazil,BR,Point,"[-43.21228514556785, -22.91199201947122]",False,2964930
"Hong Kong, Hong Kong Island, Hong Kong",Wan Chai,Wan Chai,Hong Kong,Hong Kong,HK,Point,"[114.1741, 22.27714]",False,29662239
"North Balgowlah, NSW, Australia",Balgowlah,Warringah,Sydney,Australia,AU,Point,"[151.24399, -33.78218]",True,29664105
"Hong Kong, Hong Kong Island, Hong Kong",Central & Western District,Central & Western,Hong Kong,Hong Kong,HK,Point,"[114.14911, 22.28742]",True,29668405
"Hong Kong, Hong Kong Island, Hong Kong",Wan Chai,Wan Chai,Hong Kong,Hong Kong,HK,Point,"[114.17459, 22.27742]",True,29672026
"Montréal, QC, Canada",Cote-des-Neiges-Notre-Dame-de-Grace,Côte-des-Neiges-Notre-Dame-de-Grâce,Montreal,Canada,CA,Point,"[-73.60746, 45.49461]",False,29672384
"Kadıköy, İstanbul, Turkey",Moda,Kadikoy,Istanbul,Turkey,TR,Point,"[29.03059, 40.98847]",True,29673222
"Barcelona, Catalunya, Spain",Ciutat Vella,la Barceloneta,Barcelona,Spain,ES,Point,"[2.18902, 41.38096]",True,29674795
"Barcelona, Spain",Sant Gervasi - Galvany,Sant Gervasi - Galvany,Barcelona,Spain,ES,Point,"[2.14949, 41.39934]",False,29676608
"Barcelona, Catalonia, Spain",La Sagrada Família,la Sagrada Família,Barcelona,Spain,ES,Point,"[2.17543, 41.40619]",True,2967668
"Barcelona, Catalunya, Spain",El Raval,el Raval,Barcelona,Spain,ES,Point,"[2.16864, 41.37824]",False,29682080
"Rio de Janeiro, Rio de Janeiro, Brazil",Barra da Tijuca,Jacarepaguá,Rio De Janeiro,Brazil,BR,Point,"[-43.38414113962708, -22.966008685832474]",False,2968272
"Barcelona, Catalunya, Spain",Sant Martí,Diagonal Mar i el Front Marítim del Poblenou,Barcelona,Spain,ES,Point,"[2.21523, 41.40802]",True,29682985
"Rio de Janeiro, Rio de Janeiro, Brazil",Barra da Tijuca,Barra da Tijuca,Rio De Janeiro,Brazil,BR,Point,"[-43.32427114566512, -23.00683607538989]",True,296910
"Beyoğlu, İstanbul, Turkey",Beyoglu,Beyoglu,Istanbul,Turkey,TR,Point,"[28.98095, 41.03541]",True,29697871
"Istanbul, Istanbul, Turkey",Kadıköy,Kadikoy,Istanbul,Turkey,TR,Point,"[29.10179, 40.95643]",False,29704374
"Montréal, Québec, Canada",Quartier des Spectacles,Ville-Marie,Montreal,Canada,CA,Point,"[-73.56861, 45.5114]",True,29704570
"Beyoğlu, İstanbul, Turkey",Beyoglu,Beyoglu,Istanbul,Turkey,TR,Point,"[28.98621, 41.03434]",True,29729379
"Montréal, QC, Canada",Le Plateau-Mont-Royal,Le Plateau-Mont-Royal,Montreal,Canada,CA,Point,"[-73.57124, 45.53629]",False,29729703
"Montréal, Québec, Canada",Outremont,Outremont,Montreal,Canada,CA,Point,"[-73.61094, 45.52144]",True,29736685
"Rio de Janeiro, Rio de Janeiro, Brazil",Vila Isabel,Vila Isabel,Rio De Janeiro,Brazil,BR,Point,"[-43.23839830996877, -22.91611118195069]",False,2973916
"Porto, Porto, Portugal",,"Cedofeita, Ildefonso, Sé, Miragaia, Nicolau, Vitória",Porto,Portugal,PT,Point,"[-8.63069, 41.1599]",True,29739999
"Bağcılar, İstanbul, Turkey",,Bagcilar,Istanbul,Turkey,TR,Point,"[28.85613, 41.03287]",True,29749143
"Porto, Porto, Portugal",,"Cedofeita, Ildefonso, Sé, Miragaia, Nicolau, Vitória",Porto,Portugal,PT,Point,"[-8.6114, 41.14567]",True,29750225
"Barcelona, Catalunya, Spain",el Fort Pienc,el Fort Pienc,Barcelona,Spain,ES,Point,"[2.18134, 41.39377]",False,29750964
"Porto, Porto, Portugal",,Lordelo do Ouro e Massarelos,Porto,Portugal,PT,Point,"[-8.65229, 41.1501]",True,29761068
"Montreal, QC, Canada",Le Plateau-Mont-Royal,Le Plateau-Mont-Royal,Montreal,Canada,CA,Point,"[-73.59001, 45.52211]",True,2976305
"Rio de Janeiro, State of Rio de Janeiro, Brazil",Copacabana,Copacabana,Rio De Janeiro,Brazil,BR,Point,"[-43.192030992255425, -22.965611895048283]",False,29764623
"Chippendale, NSW, Australia",Chippendale,Sydney,Sydney,Australia,AU,Point,"[151.20208, -33.88501]",True,29770616
"Rio, Rio de Janeiro, Brazil",Copacabana,Copacabana,Rio De Janeiro,Brazil,BR,Point,"[-43.18443509903109, -22.96555633033624]",True,2977668
"Montréal, Québec, Canada",Villeray,Villeray-Saint-Michel-Parc-Extension,Montreal,Canada,CA,Point,"[-73.61847, 45.54062]",True,29788008
"Rio de Janeiro, Rio de Janeiro, Brazil",Lapa,Santa Teresa,Rio De Janeiro,Brazil,BR,Point,"[-43.18136289087773, -22.915254577724543]",True,297908
"Porto, Porto, Portugal",,"Cedofeita, Ildefonso, Sé, Miragaia, Nicolau, Vitória",Porto,Portugal,PT,Point,"[-8.62102, 41.15053]",True,29791123
"Barcelona, Catalunya, Spain",Eixample,l'Antiga Esquerra de l'Eixample,Barcelona,Spain,ES,Point,"[2.15713, 41.38538]",True,29799437
"Porto, Porto, Portugal",,Lordelo do Ouro e Massarelos,Porto,Portugal,PT,Point,"[-8.64684, 41.15559]",False,29811532
"Porto, Porto, Portugal",,"Custóias, Leça do Balio e Guifões",Porto,Portugal,PT,Point,"[-8.63904, 41.18792]",False,29821133
"Montréal, Québec, Canada",Le Plateau-Mont-Royal,Le Plateau-Mont-Royal,Montreal,Canada,CA,Point,"[-73.58021, 45.53822]",True,29821233
"İstanbul , Turkey",,Pendik,Istanbul,Turkey,TR,Point,"[29.29397, 40.9148]",False,29826541
"Hong Kong, *, Hong Kong",Tsim Sha Tsui,Yau Tsim Mong,Hong Kong,Hong Kong,HK,Point,"[114.17314, 22.29939]",False,29837246
"Barcelona, Catalunya, Spain",La Nova Esquerra de l'Eixample,la Nova Esquerra de l'Eixample,Barcelona,Spain,ES,Point,"[2.15344, 41.37972]",False,29840058
"Kowloon, Hong Kong, Hong Kong",Tsim Sha Tsui,Yau Tsim Mong,Hong Kong,Hong Kong,HK,Point,"[114.17557, 22.29897]",False,29840640
"Santa Teresa, Rio de Janeiro, Brazil",Santa Teresa,Santa Teresa,Rio De Janeiro,Brazil,BR,Point,"[-43.185673567057876, -22.91888291225681]",True,29844546
"Porto, Porto, Portugal",,"Cedofeita, Ildefonso, Sé, Miragaia, Nicolau, Vitória",Porto,Portugal,PT,Point,"[-8.62674, 41.16256]",True,29848645
"Curicica, Rio de Janeiro, Brazil",Barra da Tijuca,Jacarepaguá,Rio De Janeiro,Brazil,BR,Point,"[-43.414751046909124, -22.972346265020736]",True,29856236
"Hong Kong, Kowloon, Hong Kong",Sham Shui Po District,Sham Shui Po,Hong Kong,Hong Kong,HK,Point,"[114.16738, 22.32707]",True,29859603
"Beyoğlu, İstanbul, Turkey",Beyoglu,Beyoglu,Istanbul,Turkey,TR,Point,"[28.98368, 41.03132]",False,29863999
"Barcelone, Spain",Eixample,la Dreta de l'Eixample,Barcelona,Spain,ES,Point,"[2.16948, 41.39093]",False,29870769
"Barcelona, Spain",Eixample,la Sagrada Família,Barcelona,Spain,ES,Point,"[2.17374, 41.40361]",False,29872103
"Şişli, İstanbul, Turkey",Şişli,Sisli,Istanbul,Turkey,TR,Point,"[28.99159, 41.05255]",False,29877023
"Barcelona, CT, Spain",La Nova Esquerra de l'Eixample,la Nova Esquerra de l'Eixample,Barcelona,Spain,ES,Point,"[2.14553, 41.37978]",True,29879141
"Hong Kong, Kowloon, Hong Kong",Yau Tsim Mong,Yau Tsim Mong,Hong Kong,Hong Kong,HK,Point,"[114.17219, 22.32093]",True,29896780
"Barcelona, Barcelona, Spain",Sants-Montjuïc,Sants,Barcelona,Spain,ES,Point,"[2.13918, 41.37656]",False,29897994
"Honolulu, HI, United States",Honolulu,Primary Urban Center,Oahu,United States,US,Point,"[-157.83638, 21.28315]",True,2989860
"Rio, Rio de Janeiro, Brazil",Barra da Tijuca,Barra da Tijuca,Rio De Janeiro,Brazil,BR,Point,"[-43.31315291150412, -23.01290276363715]",False,2990911
"İstanbul , Bahçelievler, Turkey",,Bahcelievler,Istanbul,Turkey,TR,Point,"[28.84586, 40.99167]",False,29912167
"Barcelona, Catalonia, Spain",Eixample,Sant Antoni,Barcelona,Spain,ES,Point,"[2.16603, 41.37575]",True,2991893
"Cachambi, Rio de Janeiro, Brazil",Cachambi,Cachambi,Rio De Janeiro,Brazil,BR,Point,"[-43.26714695477693, -22.89056733605081]",True,29920051
"深圳市, 广东省, China",,Yuen Long,Hong Kong,China,CN,Point,"[114.07295, 22.51641]",True,29931879
"香港, 九龍, Hong Kong",Tsim Sha Tsui,Yau Tsim Mong,Hong Kong,Hong Kong,HK,Point,"[114.17613, 22.30319]",False,29932504
"Rio, Rio de Janeiro, Brazil",Flamengo,Flamengo,Rio De Janeiro,Brazil,BR,Point,"[-43.17764486134304, -22.939532711204407]",True,2993875
"Montréal, Québec, Canada",Mercier-Hochelaga-Maisonneuve,Mercier-Hochelaga-Maisonneuve,Montreal,Canada,CA,Point,"[-73.50854, 45.58677]",True,29947519
"Hong Kong Island, Hong Kong Island, Hong Kong",Happy Valley,Wan Chai,Hong Kong,Hong Kong,HK,Point,"[114.18493, 22.26849]",False,29952115
"Barcelona, CT, Spain",Sant Gervasi - Galvany,Sant Gervasi - Galvany,Barcelona,Spain,ES,Point,"[2.14905, 41.39667]",False,29957113
"Porto, Porto, Portugal",,"Cedofeita, Ildefonso, Sé, Miragaia, Nicolau, Vitória",Porto,Portugal,PT,Point,"[-8.62028, 41.16052]",True,29959482
"Esenyurt, İstanbul, Turkey",,Esenyurt,Istanbul,Turkey,TR,Point,"[28.63482, 41.0243]",False,29960225
"Ataşehir, İstanbul, Turkey",,Atasehir,Istanbul,Turkey,TR,Point,"[29.11001, 40.97701]",True,29963232
"Barcelona, CT, Spain",Sants-Montjuïc,la Font de la Guatlla,Barcelona,Spain,ES,Point,"[2.1434, 41.36919]",False,29963893
"Beyoğlu, İstanbul, Turkey",Beyoglu,Beyoglu,Istanbul,Turkey,TR,Point,"[28.98235, 41.03896]",True,29969494
"Barcelona, Catalunya, Spain",Eixample,la Dreta de l'Eixample,Barcelona,Spain,ES,Point,"[2.17398, 41.39148]",True,2996993
"Chippendale, NSW, Australia",Chippendale,Sydney,Sydney,Australia,AU,Point,"[151.19518, -33.88663]",True,29974058
"Tai Koo Shing , Hong Kong, Hong Kong",Quarry Bay,Eastern,Hong Kong,Hong Kong,HK,Point,"[114.21745, 22.28722]",False,29977604
"Beyoğlu, İstanbul, Turkey",Beyoglu,Beyoglu,Istanbul,Turkey,TR,Point,"[28.97097, 41.03446]",True,29979255
"Vila Nova de Gaia, Porto, Portugal",,Mafamude e Vilar do Paraíso,Porto,Portugal,PT,Point,"[-8.60932, 41.12314]",True,29982730
"Beyoğlu, İstanbul, Turkey",Beyoglu,Beyoglu,Istanbul,Turkey,TR,Point,"[28.97304, 41.03417]",False,29985063
"Beylikdüzü, Turkey",,Beylikduzu,Istanbul,Turkey,TR,Point,"[28.63697, 41.01322]",False,29987304
"Hong Kong, Kowloon, Hong Kong",Yau Tsim Mong,Yau Tsim Mong,Hong Kong,Hong Kong,HK,Point,"[114.16892, 22.32131]",True,29997747
"Montréal, Québec, Canada",Verdun,Verdun,Montreal,Canada,CA,Point,"[-73.55576, 45.46407]",True,30012219
"Montréal, Québec, Canada",Cote-des-Neiges-Notre-Dame-de-Grace,Côte-des-Neiges-Notre-Dame-de-Grâce,Montreal,Canada,CA,Point,"[-73.62525, 45.51104]",True,30012792
"Barcelona, Catalunya, Spain",La Sagrada Família,la Sagrada Família,Barcelona,Spain,ES,Point,"[2.17219, 41.40276]",True,30015010
"Hong Kong Island, Hong Kong Island, Hong Kong",Sheung Wan,Central & Western,Hong Kong,Hong Kong,HK,Point,"[114.14836, 22.28815]",False,3002319
"Leblon, Rio de Janeiro, Brazil",Leblon,Leblon,Rio De Janeiro,Brazil,BR,Point,"[-43.22267354102435, -22.98309431737578]",True,30032152
"New York, NY, United States",Harlem,Morningside Heights,New York,United States,US,Point,"[-73.96029, 40.8047]",True,3003386
"Barcelona, Catalunya, Spain",El Poblenou,el Poblenou,Barcelona,Spain,ES,Point,"[2.19637, 41.40491]",True,30035292
"Barcelona, Catalunya, Spain",Gràcia,la Vila de Gràcia,Barcelona,Spain,ES,Point,"[2.16004, 41.40437]",True,30036158
"Hong Kong, Hong Kong Island, Hong Kong",Eastern District,Eastern,Hong Kong,Hong Kong,HK,Point,"[114.20056, 22.29201]",True,30049654
"Barcelona, Catalunya, Spain",Provençals del Poblenou,Provençals del Poblenou,Barcelona,Spain,ES,Point,"[2.20393, 41.40783]",True,30054699
"Barcelona, Catalunya, Spain",El Poble-sec,el Poble Sec,Barcelona,Spain,ES,Point,"[2.16969, 41.37351]",True,30055339
"Surry Hills, NSW, Australia",Surry Hills,Sydney,Sydney,Australia,AU,Point,"[151.21275, -33.8788]",True,30056291
"Hong Kong Island, Hong Kong Island, Hong Kong",Causeway Bay,Wan Chai,Hong Kong,Hong Kong,HK,Point,"[114.18371, 22.27881]",False,30071631
"Copacabana, Rio de Janeiro, Brazil",Copacabana,Copacabana,Rio De Janeiro,Brazil,BR,Point,"[-43.193566035844455, -22.98451387004615]",True,30083901
"Taksim, İstanbul, Turkey",Beyoglu,Beyoglu,Istanbul,Turkey,TR,Point,"[28.9872, 41.03188]",False,30087365
"Montréal, Québec, Canada",Downtown Montreal,Ville-Marie,Montreal,Canada,CA,Point,"[-73.57552, 45.49947]",True,30089932
"Croydon, NSW, Australia",Croydon,Ashfield,Sydney,Australia,AU,Point,"[151.12629, -33.87494]",True,30092070
"Gávea, Rio de Janeiro, Brazil",Gávea,Gávea,Rio De Janeiro,Brazil,BR,Point,"[-43.23698186313212, -22.976835937523646]",True,30092212
"Beyoğlu, İstanbul, Turkey",Taksim,Beyoglu,Istanbul,Turkey,TR,Point,"[28.97847, 41.03542]",True,30096786
"Hong Kong, Hong Kong Island, Hong Kong",Central & Western District,Central & Western,Hong Kong,Hong Kong,HK,Point,"[114.15371, 22.27894]",True,30097777
"Montréal, Québec, Canada",LaSalle,LaSalle,Montreal,Canada,CA,Point,"[-73.6332, 45.43943]",True,30104792
"Montréal, Québec, Canada",Le Plateau-Mont-Royal,Le Plateau-Mont-Royal,Montreal,Canada,CA,Point,"[-73.56925, 45.51481]",True,30109022
"Bondi Beach, NSW, Australia",North Bondi,Waverley,Sydney,Australia,AU,Point,"[151.27768, -33.88559]",True,30113822
"佐敦, 九龍, Hong Kong",King's Park,Yau Tsim Mong,Hong Kong,Hong Kong,HK,Point,"[114.17217, 22.30599]",False,30115488
"Yau Ma Tei, Kowloon, Hong Kong",King's Park,Yau Tsim Mong,Hong Kong,Hong Kong,HK,Point,"[114.17243, 22.30637]",True,30116382
"Ropes Crossing, NSW, Australia",,Blacktown,Sydney,Australia,AU,Point,"[150.78565, -33.73814]",True,30117558
"Beyoğlu, İstanbul, Turkey",Beyoglu,Beyoglu,Istanbul,Turkey,TR,Point,"[28.97423, 41.02516]",True,30128270
"Tijuca, Rio de Janeiro, Brazil",Andaraí,Andaraí,Rio De Janeiro,Brazil,BR,Point,"[-43.24694348253448, -22.928687490237493]",True,30129761
"Summer Hill, NSW, Australia",Summer Hill,Ashfield,Sydney,Australia,AU,Point,"[151.13403, -33.88921]",True,30129770
"Rio de Janeiro, RJ, Brazil",Copacabana,Copacabana,Rio De Janeiro,Brazil,BR,Point,"[-43.18975294741321, -22.974542260494506]",False,3013098
"New York, NY, United States",Manhattan,Chelsea,New York,United States,US,Point,"[-73.99464, 40.73893]",True,3013158
"Rio de Janeiro, Rio de Janeiro, Brazil",Santa Teresa,Catumbi,Rio De Janeiro,Brazil,BR,Point,"[-43.19380835331095, -22.915358985852386]",True,3013214
"Hong Kong, Kowloon, Hong Kong",Tai Kok Sui,Yau Tsim Mong,Hong Kong,Hong Kong,HK,Point,"[114.16579, 22.30871]",True,30134392
"Hong Kong, New Territories, Hong Kong",,Sha Tin,Hong Kong,Hong Kong,HK,Point,"[114.18489, 22.37029]",True,30135028
"Wollstonecraft, NSW, Australia",Wollstonecraft/Waverton,North Sydney,Sydney,Australia,AU,Point,"[151.19796, -33.83002]",True,30138480
"Barcelona, Barcelona, Spain",Eixample,la Nova Esquerra de l'Eixample,Barcelona,Spain,ES,Point,"[2.15117, 41.38058]",True,3014692
"Porto, Porto, Portugal",,"Cedofeita, Ildefonso, Sé, Miragaia, Nicolau, Vitória",Porto,Portugal,PT,Point,"[-8.61212, 41.1453]",True,30148480
"Montréal, Québec, Canada",Cote-des-Neiges-Notre-Dame-de-Grace,Côte-des-Neiges-Notre-Dame-de-Grâce,Montreal,Canada,CA,Point,"[-73.62004, 45.5036]",True,30152724
"İstanbul , İstanbul, Turkey",Üsküdar,Uskudar,Istanbul,Turkey,TR,Point,"[29.02965, 41.03387]",False,30163487
"Bondi Junction, NSW, Australia",Bondi Junction,Waverley,Sydney,Australia,AU,Point,"[151.25609, -33.8946]",False,30167073
"Porto, Porto, Portugal",,Bonfim,Porto,Portugal,PT,Point,"[-8.60038, 41.1467]",True,30171095
"Copacabana, Rio de Janeiro, Brazil",Copacabana,Copacabana,Rio De Janeiro,Brazil,BR,Point,"[-43.17911901714794, -22.964758322115088]",True,30171277
"Kailua-Kona, HI, United States",Island of Hawaiʻi,North Kona,The Big Island,United States,US,Point,"[-155.97674, 19.71042]",True,30173128
"Hong Kong, Hong Kong Island, Hong Kong",Kowloon City,Kowloon City,Hong Kong,Hong Kong,HK,Point,"[114.18112, 22.3204]",True,30174148
"Montréal, Québec, Canada",Downtown Montreal,Ville-Marie,Montreal,Canada,CA,Point,"[-73.56994, 45.49691]",True,30179464
"Póvoa de Varzim, Porto, Portugal",,"Póvoa de Varzim, Beiriz e Argivai",Porto,Portugal,PT,Point,"[-8.77139, 41.38328]",True,30179953
"Kadıköy, İstanbul, Turkey",Kadıköy,Kadikoy,Istanbul,Turkey,TR,Point,"[29.06485, 40.99298]",False,30194213
"Barcelona, Catalunya, Spain",Sants-Montjuïc,Sants,Barcelona,Spain,ES,Point,"[2.13564, 41.37356]",True,3019711
"Centro, Rio de Janeiro, Brazil",Centro,Glória,Rio De Janeiro,Brazil,BR,Point,"[-43.17648100350555, -22.915887527291694]",True,30200165
"Montréal, Québec, Canada",Outremont,Outremont,Montreal,Canada,CA,Point,"[-73.60952, 45.52078]",True,30201318
"Haleiwa, Hi, United States",North Shore,North Shore Oahu,Oahu,United States,US,Point,"[-158.0424, 21.64465]",False,30202409
"Honolulu, HI, United States",Oʻahu,Primary Urban Center,Oahu,United States,US,Point,"[-157.8361, 21.28474]",True,30203828
"Montréal, Québec, Canada",Old Port,Ville-Marie,Montreal,Canada,CA,Point,"[-73.55683, 45.50405]",True,30206716
"Redfern, NSW, Australia",Redfern,Sydney,Sydney,Australia,AU,Point,"[151.21059, -33.89388]",True,30206982
"Haymarket, NSW, Australia",Haymarket,Sydney,Sydney,Australia,AU,Point,"[151.2073, -33.87989]",False,30214389
"Hong Kong, Hong Kong Island, Hong Kong",Central & Western District,Central & Western,Hong Kong,Hong Kong,HK,Point,"[114.14926, 22.2864]",True,30214657
"Hong Kong, Hong Kong Island, Hong Kong",Wan Chai,Wan Chai,Hong Kong,Hong Kong,HK,Point,"[114.17836, 22.27791]",True,3021624
"Beyoğlu, İstanbul, Turkey",Beyoglu,Beyoglu,Istanbul,Turkey,TR,Point,"[28.98281, 41.03211]",False,30222713
"Barra da Tijuca, Rio de Janeiro, Brazil",Barra da Tijuca,Barra da Tijuca,Rio De Janeiro,Brazil,BR,Point,"[-43.32658650309711, -23.00960435293922]",True,30230363
"Montreal, QC, Canada",L'Ile-Bizard,L'Île-Bizard-Sainte-Geneviève,Montreal,Canada,CA,Point,"[-73.89095, 45.49271]",True,30234270
"Hong Kong, Hong Kong Island, Hong Kong",Wan Chai District,Wan Chai,Hong Kong,Hong Kong,HK,Point,"[114.17997, 22.27785]",True,30236485
"Barcelona, Catalunya, Spain",Sant Pere/Santa Caterina,"Sant Pere, Santa Caterina i la Ribera",Barcelona,Spain,ES,Point,"[2.17801, 41.38826]",True,30239555
"Wolli Creek, NSW, Australia",Wolli Creek,Rockdale,Sydney,Australia,AU,Point,"[151.15606, -33.93457]",False,30239722
"Kadıköy, İstanbul, Turkey",Kadıköy,Kadikoy,Istanbul,Turkey,TR,Point,"[29.0271, 40.99479]",False,30242109
"Mascot, NSW, Australia",Mascot,Botany Bay,Sydney,Australia,AU,Point,"[151.18822, -33.92113]",True,30242421
"Rio de Janeiro , RJ, Brazil",Copacabana,Copacabana,Rio De Janeiro,Brazil,BR,Point,"[-43.192401935888654, -22.985061210067524]",False,30250293
"Hong Kong, Hong Kong Island, Hong Kong",Wan Chai,Wan Chai,Hong Kong,Hong Kong,HK,Point,"[114.17963, 22.27907]",True,30258594
"Fatih, İstanbul, Turkey",Fatih,Fatih,Istanbul,Turkey,TR,Point,"[28.97023, 41.00544]",False,30259023
"Beyoğlu, İstanbul, Turkey",Beyoglu,Beyoglu,Istanbul,Turkey,TR,Point,"[28.98576, 41.02888]",False,30259670
"Beyoğlu, İstanbul, Turkey",Beyoglu,Beyoglu,Istanbul,Turkey,TR,Point,"[28.98062, 41.03457]",True,30261334
"Beyoğlu, İstanbul, Turkey",Taksim,Beyoglu,Istanbul,Turkey,TR,Point,"[28.98287, 41.04014]",True,30261600
"Pāhoa, HI, United States",Island of Hawaiʻi,Puna,The Big Island,United States,US,Point,"[-154.92849, 19.40254]",True,30270781
"Copacabana, Rio de Janeiro, Brazil",Copacabana,Copacabana,Rio De Janeiro,Brazil,BR,Point,"[-43.18959971426915, -22.98152745375921]",True,30273018
"Rio de Janeiro, Rio de Janeiro, Brazil",,Freguesia (Jacarepaguá),Rio De Janeiro,Brazil,BR,Point,"[-43.352049762034625, -22.93901557252204]",True,3027341
"Wan Chai , Hong Kong Island, Hong Kong",Wan Chai,Wan Chai,Hong Kong,Hong Kong,HK,Point,"[114.17262, 22.27529]",False,30276904
"Maltepe, İstanbul, Turkey",,Maltepe,Istanbul,Turkey,TR,Point,"[29.13654, 40.9369]",True,30284483
"Montréal, Québec, Canada",Le Plateau,Ville-Marie,Montreal,Canada,CA,Point,"[-73.56104, 45.52975]",True,30290547
"Montréal, QC, Canada",Hochelaga-Maisonneuve,Mercier-Hochelaga-Maisonneuve,Montreal,Canada,CA,Point,"[-73.55042, 45.54524]",False,30291419
"Porto, Porto District, Portugal",,Bonfim,Porto,Portugal,PT,Point,"[-8.59095, 41.14545]",False,3029260
"Montréal, Québec, Canada",Le Plateau,Le Plateau-Mont-Royal,Montreal,Canada,CA,Point,"[-73.58532, 45.51718]",True,30293577
"Hong Kong, 九龍, Hong Kong",Tsim Sha Tsui,Yau Tsim Mong,Hong Kong,Hong Kong,HK,Point,"[114.17318, 22.2978]",False,30293722
"Kingsgrove, NSW, Australia",Kingsgrove,Hurstville,Sydney,Australia,AU,Point,"[151.09827, -33.94163]",True,30294051
"Hong Kong, Hong Kong Island, Hong Kong",Sheung Wan,Central & Western,Hong Kong,Hong Kong,HK,Point,"[114.14868, 22.28741]",True,30301460
"Barcelona, Barcelona, Spain",Sants-Montjuïc,Sants,Barcelona,Spain,ES,Point,"[2.1397, 41.37468]",False,30310595
"Hong Kong, Kowloon, Hong Kong",Yau Tsim Mong,Yau Tsim Mong,Hong Kong,Hong Kong,HK,Point,"[114.16893, 22.31761]",True,30322438
"Ashfield, NSW, Australia",Ashfield,Ashfield,Sydney,Australia,AU,Point,"[151.12236, -33.88839]",False,30323119
"New York, NY, United States",Upper East Side,Upper East Side,New York,United States,US,Point,"[-73.95668, 40.76712]",True,3032355
"Hong Kong, Hong Kong Island, Hong Kong",Eastern District,Eastern,Hong Kong,Hong Kong,HK,Point,"[114.19665, 22.29028]",True,30324599
"Hong Kong, Hong Kong Island, Hong Kong",Central & Western District,Central & Western,Hong Kong,Hong Kong,HK,Point,"[114.15367, 22.28565]",True,30324850
"Montréal, Québec, Canada",Rosemont-La Petite-Patrie,Rosemont-La Petite-Patrie,Montreal,Canada,CA,Point,"[-73.59754, 45.53963]",True,30325676
"Hong Kong, Kowloon, Hong Kong",Yau Tsim Mong,Yau Tsim Mong,Hong Kong,Hong Kong,HK,Point,"[114.17113, 22.29715]",True,30327756
"São João da Madeira, Aveiro, Portugal",,São João da Madeira,Porto,Portugal,PT,Point,"[-8.49682, 40.89102]",True,30341193
"Princeville, HI, United States",Kauaʻi,North Shore Kauai,Kauai,United States,US,Point,"[-159.47125, 22.21682]",False,30348256
"Hong Kong, Hong Kong Island, Hong Kong",Sai Ying Pun,Central & Western,Hong Kong,Hong Kong,HK,Point,"[114.14136, 22.28534]",False,30355523
"Les Corts, Barcelona, Spain",Les Corts,les Corts,Barcelona,Spain,ES,Point,"[2.1295, 41.38418]",False,30360855
"Istanbul, İstanbul, Turkey",Sultanahmet,Fatih,Istanbul,Turkey,TR,Point,"[28.9745, 41.00387]",False,30361820
"Barcelona, Catalunya, Spain",Sants-Montjuïc,la Bordeta,Barcelona,Spain,ES,Point,"[2.13286, 41.36674]",True,30364518
"Vila Nova de Gaia, Porto, Portugal",,Santa Marinha e São Pedro da Afurada,Porto,Portugal,PT,Point,"[-8.612, 41.13678]",True,30364979
"Barcelona, Catalunya, Spain",Eixample,l'Antiga Esquerra de l'Eixample,Barcelona,Spain,ES,Point,"[2.15624, 41.38629]",True,30365974
"Barcelona, Catalunya, Spain",La Sagrada Família,la Sagrada Família,Barcelona,Spain,ES,Point,"[2.17491, 41.40634]",True,30366799
"Hong Kong, Hong Kong Island, Hong Kong",Causeway Bay,Wan Chai,Hong Kong,Hong Kong,HK,Point,"[114.18394, 22.2804]",False,30368243
"Bondi Beach, NSW, Australia",Bondi Beach,Waverley,Sydney,Australia,AU,Point,"[151.27668, -33.88763]",True,30377044
"Rio de Janeiro, Rio de Janeiro, Brazil",Ipanema,Lagoa,Rio De Janeiro,Brazil,BR,Point,"[-43.202301523927915, -22.97935864518836]",False,3039012
"Catete, Rio de Janeiro, Brazil",Catete,Catete,Rio De Janeiro,Brazil,BR,Point,"[-43.179171485409476, -22.928545087819728]",True,30395479
"Montréal, Québec, Canada",Rivière-des-Prairies-Pointe-aux-Trembles,Rivière-des-Prairies-Pointe-aux-Trembles,Montreal,Canada,CA,Point,"[-73.59817, 45.63314]",True,30403133
"Bondi, NSW, Australia",Bondi,Waverley,Sydney,Australia,AU,Point,"[151.26474, -33.89803]",True,30403212
"Rio, Rio de Janeiro, Brazil",Leme,Copacabana,Rio De Janeiro,Brazil,BR,Point,"[-43.173415987510296, -22.965422950425285]",False,3040870
"beyoğlu, Istanbul Province, Turkey",Beyoglu,Beyoglu,Istanbul,Turkey,TR,Point,"[28.98796, 41.03417]",False,3041034
"Sydney, NSW, Australia",Pyrmont,Sydney,Sydney,Australia,AU,Point,"[151.19737, -33.8709]",True,30412858
"Honolulu, HI, United States",Oʻahu,Primary Urban Center,Oahu,United States,US,Point,"[-157.86309, 21.33584]",True,30421791
"Bronte, NSW, Australia",Bronte,Waverley,Sydney,Australia,AU,Point,"[151.26382, -33.90056]",True,3042637
"Hong Kong, Hong Kong Island, Hong Kong",Wan Chai District,Wan Chai,Hong Kong,Hong Kong,HK,Point,"[114.1815, 22.2803]",True,30429154
"Hong Kong, Hong Kong Island, Hong Kong",Sai Ying Pun,Central & Western,Hong Kong,Hong Kong,HK,Point,"[114.14156, 22.28542]",True,30429988
"Hong Kong, Hong Kong Island, Hong Kong",Sai Ying Pun,Central & Western,Hong Kong,Hong Kong,HK,Point,"[114.14311, 22.28773]",True,30430804
"Maltepe, İstanbul, Turkey",,Maltepe,Istanbul,Turkey,TR,Point,"[29.14418, 40.93559]",True,30458196
"Montréal, Québec, Canada",Downtown Montreal,Ville-Marie,Montreal,Canada,CA,Point,"[-73.5792, 45.49547]",True,30459480
"Porto, Porto, Portugal",,"Cedofeita, Ildefonso, Sé, Miragaia, Nicolau, Vitória",Porto,Portugal,PT,Point,"[-8.6138, 41.14276]",True,30459655
"Surry Hills, NSW, Australia",Surry Hills,Sydney,Sydney,Australia,AU,Point,"[151.20777, -33.88444]",True,30479760
"Porto, Porto, Portugal",,"Cedofeita, Ildefonso, Sé, Miragaia, Nicolau, Vitória",Porto,Portugal,PT,Point,"[-8.61361, 41.14124]",True,30488589
"Porto, Porto, Portugal",,"Cedofeita, Ildefonso, Sé, Miragaia, Nicolau, Vitória",Porto,Portugal,PT,Point,"[-8.60577, 41.14646]",True,30488984
"Barcelona, Catalunya, Spain",Eixample,la Nova Esquerra de l'Eixample,Barcelona,Spain,ES,Point,"[2.15179, 41.38118]",True,30489606
"Montréal, QC, Canada",Villeray-Saint-Michel-Parc-Extension,Villeray-Saint-Michel-Parc-Extension,Montreal,Canada,CA,Point,"[-73.62721, 45.54878]",False,30495625
"Barcelona, Catalunya, Spain",Dreta de l'Eixample,la Dreta de l'Eixample,Barcelona,Spain,ES,Point,"[2.165, 41.39923]",True,30501335
"Porto, Porto, Portugal",,"Cedofeita, Ildefonso, Sé, Miragaia, Nicolau, Vitória",Porto,Portugal,PT,Point,"[-8.6182, 41.1546]",True,30504379
"Lahaina, HI, United States",Westside,Lahaina,Maui,United States,US,Point,"[-156.68012, 20.96898]",False,30507198
"Lahaina, HI, United States",Maui,Lahaina,Maui,United States,US,Point,"[-156.67178, 20.98666]",False,30507297
"Montréal, Québec, Canada",Cote-des-Neiges-Notre-Dame-de-Grace,Côte-des-Neiges-Notre-Dame-de-Grâce,Montreal,Canada,CA,Point,"[-73.60754, 45.49448]",True,30507309
"Kailua-Kona, HI, United States",Kailua/Kona,North Kona,The Big Island,United States,US,Point,"[-155.99225, 19.72261]",True,30511700
"Honolulu, HI, United States",Waikiki,Primary Urban Center,Oahu,United States,US,Point,"[-157.83375, 21.28704]",True,30515970
"Hong Kong, Kowloon, Hong Kong",Jordan,Yau Tsim Mong,Hong Kong,Hong Kong,HK,Point,"[114.17019, 22.30409]",True,30518067
"Şile, İstanbul, Turkey",,Sile,Other (International),Turkey,TR,Point,"[29.84968, 41.13826]",False,30520863
"Barcelona, Catalunya, Spain",Ciutat Vella,el Barri Gòtic,Barcelona,Spain,ES,Point,"[2.17448, 41.3826]",True,30522015
"New York, NY, United States",Harlem,Harlem,New York,United States,US,Point,"[-73.94603, 40.80604]",True,305245
"Hong Kong, Kowloon, Hong Kong",Yau Tsim Mong,Yau Tsim Mong,Hong Kong,Hong Kong,HK,Point,"[114.16998, 22.30965]",True,30528140
"Flamengo, Rio de Janeiro, Brazil",Flamengo,Flamengo,Rio De Janeiro,Brazil,BR,Point,"[-43.17736559344502, -22.934892525536696]",True,30531901
"Montréal, Québec, Canada",Downtown Montreal,Ville-Marie,Montreal,Canada,CA,Point,"[-73.56911, 45.51214]",True,30533458
"Copacabana, Rio de Janeiro, Brazil",Copacabana,Copacabana,Rio De Janeiro,Brazil,BR,Point,"[-43.187856507045566, -22.966675033550814]",True,30537041
"Montréal, Québec, Canada",Hochelaga-Maisonneuve,Mercier-Hochelaga-Maisonneuve,Montreal,Canada,CA,Point,"[-73.54302, 45.53885]",True,30538139
"Hong Kong, Kowloon, Hong Kong",Yau Tsim Mong,Yau Tsim Mong,Hong Kong,Hong Kong,HK,Point,"[114.17037, 22.31294]",True,30540700
"Porto, Porto, Portugal",,"Cedofeita, Ildefonso, Sé, Miragaia, Nicolau, Vitória",Porto,Portugal,PT,Point,"[-8.60641, 41.14529]",True,30548281
"Centro, Rio de Janeiro, Brazil",Lapa,Centro,Rio De Janeiro,Brazil,BR,Point,"[-43.185134822836375, -22.91427460134011]",True,30549426
"Kadıköy, İstanbul, Turkey",Kadıköy,Kadikoy,Istanbul,Turkey,TR,Point,"[29.04677, 40.9716]",True,30551204
"Leblon, Rio de Janeiro, Brazil",Leblon,Leblon,Rio De Janeiro,Brazil,BR,Point,"[-43.226299421988685, -22.98434608761522]",True,30561422
"Recreio dos Bandeirantes, Rio de Janeiro, Brazil",Recreio dos Bandeirantes,Recreio dos Bandeirantes,Rio De Janeiro,Brazil,BR,Point,"[-43.47282451720555, -23.02797981428597]",False,30562498
"Barcelona, Catalunya, Spain",Eixample,la Nova Esquerra de l'Eixample,Barcelona,Spain,ES,Point,"[2.15288, 41.37961]",True,30573409
"Avcılar, İstanbul, Turkey",,Avcilar,Istanbul,Turkey,TR,Point,"[28.74155, 40.98273]",True,30576569
"Honolulu, HI, United States",Waikiki,Primary Urban Center,Oahu,United States,US,Point,"[-157.81814, 21.2739]",False,30578696
"Honolulu, HI, United States",Waikiki,Primary Urban Center,Oahu,United States,US,Point,"[-157.82938, 21.28414]",True,30588222
"Montréal, Québec, Canada",Le Sud-Ouest,Le Sud-Ouest,Montreal,Canada,CA,Point,"[-73.59726, 45.45225]",True,30589495
"Hong Kong, Hong Kong Island, Hong Kong",Central,Central & Western,Hong Kong,Hong Kong,HK,Point,"[114.15193, 22.28226]",True,30606576
"Beyoğlu, İstanbul, Turkey",Taksim,Beyoglu,Istanbul,Turkey,TR,Point,"[28.98178, 41.03749]",True,30622150
"Porto, Grande Porto, Portugal",,"Cedofeita, Ildefonso, Sé, Miragaia, Nicolau, Vitória",Porto,Portugal,PT,Point,"[-8.62967, 41.15816]",False,30641024
"Sheung Wan, Hong Kong Island, Hong Kong",Central & Western District,Central & Western,Hong Kong,Hong Kong,HK,Point,"[114.15448, 22.28222]",False,306515
"Copacabana, State of Rio de Janeiro, Brazil",Copacabana,Copacabana,Rio De Janeiro,Brazil,BR,Point,"[-43.18625226121471, -22.97051095277177]",False,30658206
"Bahçelievler, İstanbul, Turkey",,Bahcelievler,Istanbul,Turkey,TR,Point,"[28.85817, 41.00201]",False,30671405
"Barcelona, CT, Spain",Sant Martí,el Camp de l'Arpa del Clot,Barcelona,Spain,ES,Point,"[2.18388, 41.41132]",False,30672896
"Şişli, İstanbul, Turkey",Şişli,Sisli,Istanbul,Turkey,TR,Point,"[28.98183, 41.0482]",True,30673003
"Coogee, NSW, Australia",Coogee,Randwick,Sydney,Australia,AU,Point,"[151.25163, -33.91697]",True,30675540
"Ipanema, Rio de Janeiro, Brazil",Ipanema,Ipanema,Rio De Janeiro,Brazil,BR,Point,"[-43.200836728464765, -22.982135332555156]",True,30675711
"Honolulu, HI, United States",Waikiki,Primary Urban Center,Oahu,United States,US,Point,"[-157.82282, 21.2726]",True,30693606
"Copacabana, Rio de Janeiro, Brazil",Copacabana,Copacabana,Rio De Janeiro,Brazil,BR,Point,"[-43.18122480226719, -22.969337975917842]",True,30702163
"Kadıköy, İstanbul, Turkey",Kadıköy,Kadikoy,Istanbul,Turkey,TR,Point,"[29.06321, 40.97658]",False,30710358
"Flamengo, Rio de Janeiro, Brazil",Flamengo,Flamengo,Rio De Janeiro,Brazil,BR,Point,"[-43.17854113746737, -22.93431636872765]",True,30716077
"Hong Kong, Kowloon, Hong Kong",Mong Kok,Yau Tsim Mong,Hong Kong,Hong Kong,HK,Point,"[114.17068, 22.31091]",True,30721008
"Bondi Beach, NSW, Australia",Bondi Beach,Waverley,Sydney,Australia,AU,Point,"[151.27117, -33.8871]",True,30722343
"Montréal, Québec, Canada",Outremont,Le Plateau-Mont-Royal,Montreal,Canada,CA,Point,"[-73.60148, 45.52134]",True,30729906
"Copacabana, Rio de Janeiro, Brazil",Copacabana,Copacabana,Rio De Janeiro,Brazil,BR,Point,"[-43.18555320399866, -22.96900027778002]",True,30756696
"Barcelona, Barcelona, Spain",Eixample,la Sagrada Família,Barcelona,Spain,ES,Point,"[2.17424, 41.40953]",True,30759793
"Barcelona, Catalunya, Spain",Ciutat Vella,"Sant Pere, Santa Caterina i la Ribera",Barcelona,Spain,ES,Point,"[2.18541, 41.38394]",False,30763079
"Kihei, HI, United States",Maui,Kihei-Makena,Maui,United States,US,Point,"[-156.45638, 20.75576]",True,30772567
"Porto, Porto, Portugal",,Campanhã,Porto,Portugal,PT,Point,"[-8.57933, 41.1454]",False,30780684
"Montréal, Québec, Canada",Villeray,Villeray-Saint-Michel-Parc-Extension,Montreal,Canada,CA,Point,"[-73.62501, 45.54184]",True,30791322
"Hilo, HI, United States",Island of Hawaiʻi,South Hilo,The Big Island,United States,US,Point,"[-155.0981, 19.72096]",True,30792780
"Montréal, Québec, Canada",Downtown Montreal,Ville-Marie,Montreal,Canada,CA,Point,"[-73.58377, 45.4918]",True,30792893
"Hong Kong, Hong Kong Island, Hong Kong",Eastern District,Eastern,Hong Kong,Hong Kong,HK,Point,"[114.22231, 22.28146]",True,30810129
"Montréal, Québec, Canada",Le Sud-Ouest,Le Sud-Ouest,Montreal,Canada,CA,Point,"[-73.56017, 45.49505]",True,30815910
"Barcelona, Catalonia, Spain",Sant Martí,la Verneda i la Pau,Barcelona,Spain,ES,Point,"[2.20206, 41.42322]",True,3081744
"Montréal, Québec, Canada",Le Plateau-Mont-Royal,Le Plateau-Mont-Royal,Montreal,Canada,CA,Point,"[-73.58686, 45.52003]",True,30817702
"Montréal, Québec, Canada",Verdun,Verdun,Montreal,Canada,CA,Point,"[-73.56329, 45.45998]",True,30824244
"Hong Kong, 九龍, Hong Kong",Tsim Sha Tsui,Yau Tsim Mong,Hong Kong,Hong Kong,HK,Point,"[114.17215, 22.29676]",False,30826856
"Barcelona, Catalunya, Spain",Sants-Montjuïc,la Bordeta,Barcelona,Spain,ES,Point,"[2.13371, 41.37108]",True,30832921
"Barcelona, Catalunya, Spain",Diagonal Mar - La Mar Bella,Diagonal Mar i el Front Marítim del Poblenou,Barcelona,Spain,ES,Point,"[2.21544, 41.40442]",False,30842723
"Honolulu, HI, United States",Kalihi Valley,Primary Urban Center,Oahu,United States,US,Point,"[-157.87374, 21.3407]",False,30857458
"Kağıthane, İstanbul, Turkey",Şişli,Kagithane,Istanbul,Turkey,TR,Point,"[28.99368, 41.08618]",True,30876582
"Barcelona, CT, Spain",Sants-Montjuïc,el Poble Sec,Barcelona,Spain,ES,Point,"[2.15861, 41.37051]",False,30882652
"Moda, İstanbul, Turkey",Kadıköy,Kadikoy,Istanbul,Turkey,TR,Point,"[29.02645, 40.98349]",False,30896492
"Rio de Janeiro, Rio de Janeiro, Brazil",Lapa,Santa Teresa,Rio De Janeiro,Brazil,BR,Point,"[-43.18059581291919, -22.916267467623452]",False,3090578
"Istanbul, Istanbul, Turkey",Beyoglu,Beyoglu,Istanbul,Turkey,TR,Point,"[28.99014, 41.03789]",False,309063
"New York, NY, United States",Manhattan,Upper West Side,New York,United States,US,Point,"[-73.97417, 40.79598]",True,3091450
"Hong Kong, Kowloon, Hong Kong",Mong Kok,Yau Tsim Mong,Hong Kong,Hong Kong,HK,Point,"[114.16936, 22.32019]",True,30919312
"Beyoğlu, İstanbul, Turkey",Karaköy,Beyoglu,Istanbul,Turkey,TR,Point,"[28.9739, 41.02832]",False,30921897
"Leme, Rio de Janeiro, Brazil",Leme,Leme,Rio De Janeiro,Brazil,BR,Point,"[-43.17083635806168, -22.96270333534132]",True,30926186
"Jacarepagua, Rio de Janeiro, Brazil",Barra da Tijuca,Jacarepaguá,Rio De Janeiro,Brazil,BR,Point,"[-43.39057377606943, -22.968501598218552]",True,30950498
"Porto, Porto, Portugal",,"Cedofeita, Ildefonso, Sé, Miragaia, Nicolau, Vitória",Porto,Portugal,PT,Point,"[-8.61206, 41.14751]",True,30951435
"Montréal, Québec, Canada",Downtown Montreal,Ville-Marie,Montreal,Canada,CA,Point,"[-73.57847, 45.5021]",True,30956518
"Barra da Tijuca, Rio de Janeiro, Brazil",Barra da Tijuca,Barra da Tijuca,Rio De Janeiro,Brazil,BR,Point,"[-43.371180954855355, -23.001051968022303]",True,30959409
"Kihei, HI, United States",Maui,Kihei-Makena,Maui,United States,US,Point,"[-156.45876, 20.7557]",False,30962949
"Kihei, HI, United States",Kihei/Wailea,Kihei-Makena,Maui,United States,US,Point,"[-156.44389, 20.70777]",False,30963309
"Wailea, HI, United States",Maui,Kihei-Makena,Maui,United States,US,Point,"[-156.43838, 20.69657]",False,30963505
"Kihei, HI, United States",Maui,Kihei-Makena,Maui,United States,US,Point,"[-156.44503, 20.71154]",False,30963540
"Kihei, HI, United States",Kihei/Wailea,Kihei-Makena,Maui,United States,US,Point,"[-156.45893, 20.76442]",False,30963573
"İstanbul, İstanbul, Turkey",Fatih,Fatih,Istanbul,Turkey,TR,Point,"[28.9416, 41.01008]",False,30973353
"Beyoğlu, İstanbul, Turkey",Cihangir,Beyoglu,Istanbul,Turkey,TR,Point,"[28.98602, 41.03046]",False,30973388
"Hong Kong, Kowloon, Hong Kong",Tai Kok Sui,Yau Tsim Mong,Hong Kong,Hong Kong,HK,Point,"[114.16521, 22.30781]",True,30975819
"İstanbul , İstanbul, Turkey",Taksim,Beyoglu,Istanbul,Turkey,TR,Point,"[28.98678, 41.03547]",False,30978373
"Porto, Porto, Portugal",,Lordelo do Ouro e Massarelos,Porto,Portugal,PT,Point,"[-8.62206, 41.15153]",True,30979941
"Porto, Porto, Portugal",,Lordelo do Ouro e Massarelos,Porto,Portugal,PT,Point,"[-8.65366, 41.14864]",True,30982784
"Rushcutters Bay, NSW, Australia",Elizabeth Bay/Rushcutters Bay,Sydney,Sydney,Australia,AU,Point,"[151.22573, -33.87569]",True,31002017
"Beşiktaş, İstanbul, Turkey",Beşiktaş,Besiktas,Istanbul,Turkey,TR,Point,"[29.04138, 41.07217]",False,31011177
"Hong Kong, Hong Kong Island, Hong Kong",Central & Western District,Central & Western,Hong Kong,Hong Kong,HK,Point,"[114.15223, 22.28698]",True,31013832
"Istanbul, Küçük Ayasofya - Sultanahmet - Fatih / Istanbul / TURKIYE, Turkey",Fatih,Fatih,Istanbul,Turkey,TR,Point,"[28.9719, 41.00282]",False,3102202
"Montréal, Québec, Canada",Ahuntsic-Cartierville,Ahuntsic-Cartierville,Montreal,Canada,CA,Point,"[-73.63073, 45.55683]",True,31022850
"Rio de Janeiro, Rio de Janeiro, Brazil",Copacabana,Copacabana,Rio De Janeiro,Brazil,BR,Point,"[-43.1819181446616, -22.967766385724676]",True,310233
"Porto, Porto, Portugal",,"Cedofeita, Ildefonso, Sé, Miragaia, Nicolau, Vitória",Porto,Portugal,PT,Point,"[-8.61354, 41.16228]",True,31023724
"Şişli, İstanbul, Turkey",Şişli,Sisli,Istanbul,Turkey,TR,Point,"[28.99243, 41.05695]",False,31034950
"Porto, Porto, Portugal",,"Cedofeita, Ildefonso, Sé, Miragaia, Nicolau, Vitória",Porto,Portugal,PT,Point,"[-8.60645, 41.14919]",True,31035946
"Üsküdar, İstanbul, Turkey",Üsküdar,Uskudar,Istanbul,Turkey,TR,Point,"[29.0198, 41.02099]",False,31036628
"Hong Kong, Hong Kong Island, Hong Kong",Mid-Levels,Central & Western,Hong Kong,Hong Kong,HK,Point,"[114.14112, 22.28333]",True,31037891
"Kailua Kona, HI, United States",Island of Hawaiʻi,North Kona,The Big Island,United States,US,Point,"[-155.97073, 19.5891]",False,31039082
"Kapolei, HI, United States",Oʻahu,Ewa,Oahu,United States,US,Point,"[-158.12327, 21.3349]",False,31040144
"Darlinghurst, NSW, Australia",Paddington,Sydney,Sydney,Australia,AU,Point,"[151.21766, -33.88191]",True,310414
"Beşiktaş, İstanbul, Turkey",Beşiktaş,Besiktas,Istanbul,Turkey,TR,Point,"[28.99911, 41.04658]",True,31045123
"Hong Kong, Kowloon, Hong Kong",Mong Kok,Yau Tsim Mong,Hong Kong,Hong Kong,HK,Point,"[114.17044, 22.3094]",True,31048054
"Ataşehir, İstanbul, Turkey",,Atasehir,Istanbul,Turkey,TR,Point,"[29.10792, 40.98049]",True,31053412
"Montréal, Québec, Canada",Rivière-des-Prairies-Pointe-aux-Trembles,Rivière-des-Prairies-Pointe-aux-Trembles,Montreal,Canada,CA,Point,"[-73.53738, 45.66563]",True,31057135
"Montréal, Québec, Canada",Gay Village,Ville-Marie,Montreal,Canada,CA,Point,"[-73.552, 45.52502]",True,31057997
"Laranjeiras, Rio de Janeiro, Brazil",Laranjeiras,Laranjeiras,Rio De Janeiro,Brazil,BR,Point,"[-43.18305558212906, -22.936446353750036]",True,31058753
"Waverley, NSW, Australia",Waverly,Waverley,Sydney,Australia,AU,Point,"[151.25503, -33.9003]",True,31059672
"Sultanahmet, İstanbul, Turkey",Sultanahmet,Fatih,Istanbul,Turkey,TR,Point,"[28.97221, 41.00334]",False,31063824
"Hong Kong, Hong Kong Island, Hong Kong",Central & Western District,Central & Western,Hong Kong,Hong Kong,HK,Point,"[114.12584, 22.28124]",False,31065702
"Honolulu, HI, United States",Honolulu,Primary Urban Center,Oahu,United States,US,Point,"[-157.83423, 21.28633]",False,31080472
"Matosinhos, Porto, Portugal",,Matosinhos e Leça da Palmeira,Porto,Portugal,PT,Point,"[-8.68843, 41.17539]",True,31081663
"İstanbul , İstanbul, Turkey",Şişli,Sisli,Istanbul,Turkey,TR,Point,"[28.995, 41.07672]",False,31083177
"Beyoğlu, İstanbul, Turkey",Taksim,Beyoglu,Istanbul,Turkey,TR,Point,"[28.97597, 41.03526]",False,31085894
"Hong Kong, 九龍, Hong Kong",Tsim Sha Tsui,Yau Tsim Mong,Hong Kong,Hong Kong,HK,Point,"[114.17228, 22.29686]",False,31086693
"Ultimo, NSW, Australia",Ultimo,Sydney,Sydney,Australia,AU,Point,"[151.19699, -33.88235]",True,31088238
"Dulwich Hill, NSW, Australia",Dulwich Hill,Marrickville,Sydney,Australia,AU,Point,"[151.14333, -33.89997]",True,31089327
"Hong Kong, Hong Kong Island, Hong Kong",Eastern District,Eastern,Hong Kong,Hong Kong,HK,Point,"[114.2209, 22.28088]",True,31095245
"Barra da Tijuca, Rio de Janeiro, Brazil",Barra da Tijuca,Barra da Tijuca,Rio De Janeiro,Brazil,BR,Point,"[-43.35433174362467, -23.010713029226924]",True,31099467
"Barcelona, CT, Spain",Eixample,la Nova Esquerra de l'Eixample,Barcelona,Spain,ES,Point,"[2.14671, 41.37972]",False,31101349
"Hong Kong, Hong Kong",Eastern District,Wan Chai,Hong Kong,Hong Kong,HK,Point,"[114.18655, 22.28203]",False,31110464
"Copacabana, Rio de Janeiro, Brazil",Copacabana,Copacabana,Rio De Janeiro,Brazil,BR,Point,"[-43.181273988604175, -22.96448298680193]",True,31117363
"Porto, Porto, Portugal",,"Cedofeita, Ildefonso, Sé, Miragaia, Nicolau, Vitória",Porto,Portugal,PT,Point,"[-8.6208, 41.15336]",True,31119279
"Copacabana, Rio de Janeiro, Brazil",Copacabana,Copacabana,Rio De Janeiro,Brazil,BR,Point,"[-43.18988253059425, -22.97518519124278]",False,31121699
"Tijuca, Rio de Janeiro, Brazil",Maracanã,Tijuca,Rio De Janeiro,Brazil,BR,Point,"[-43.217995815271564, -22.914875022919023]",True,31123905
"Tuzla, İstanbul, Turkey",,Tuzla,Istanbul,Turkey,TR,Point,"[29.35227, 40.89386]",False,31125186
"Fatih, İstanbul, Turkey",Fatih,Fatih,Istanbul,Turkey,TR,Point,"[28.94787, 41.03104]",True,31125291
"Sydney , Sydney Australia, Australia",,The Hills Shire,Sydney,Australia,AU,Point,"[151.00081, -33.77811]",False,31134257
"Porto, Porto, Portugal",,"Cedofeita, Ildefonso, Sé, Miragaia, Nicolau, Vitória",Porto,Portugal,PT,Point,"[-8.60981, 41.15693]",True,31135824
"Rio, Rio de Janeiro, Brazil",Tijuca,Tijuca,Rio De Janeiro,Brazil,BR,Point,"[-43.23208916164074, -22.93181130274821]",True,3113661
"Rio de Janeiro, Rio de Janeiro, Brazil",Glória,Glória,Rio De Janeiro,Brazil,BR,Point,"[-43.174889220604925, -22.92426936319266]",False,3114202
"Montréal, QC, Canada",Little Burgundy,Le Sud-Ouest,Montreal,Canada,CA,Point,"[-73.56739, 45.4876]",False,31144314
"Montréal, QC, Canada",Le Sud-Ouest,Le Sud-Ouest,Montreal,Canada,CA,Point,"[-73.56654, 45.48917]",False,31144321
"Montréal, QC, Canada",Little Burgundy,Le Sud-Ouest,Montreal,Canada,CA,Point,"[-73.56794, 45.48982]",False,31149060
"İstanbul, Istanbul, Turkey",Sultanahmet,Fatih,Istanbul,Turkey,TR,Point,"[28.9791, 41.01278]",False,31156767
"Mont-Royal, Québec, Canada",Mont-Royal,Mont-Royal,Montreal,Canada,CA,Point,"[-73.65559, 45.51793]",True,31164170
"Beyoğlu, İstanbul, Turkey",Taksim,Beyoglu,Istanbul,Turkey,TR,Point,"[28.98075, 41.03946]",True,31167868
"Montréal, Québec, Canada",Downtown Montreal,Ville-Marie,Montreal,Canada,CA,Point,"[-73.56408, 45.5028]",True,31173511
"Montréal, Québec, Canada",Verdun,Verdun,Montreal,Canada,CA,Point,"[-73.57036, 45.46914]",True,31176187
"Hong Kong, Hong Kong Island, Hong Kong",Central & Western District,Central & Western,Hong Kong,Hong Kong,HK,Point,"[114.14999, 22.28563]",True,31180534
"Porto, Porto, Portugal",,"Cedofeita, Ildefonso, Sé, Miragaia, Nicolau, Vitória",Porto,Portugal,PT,Point,"[-8.61242, 41.15555]",True,31186053
"Montréal, Québec, Canada",Le Plateau-Mont-Royal,Le Plateau-Mont-Royal,Montreal,Canada,CA,Point,"[-73.57736, 45.52022]",True,31191629
"Barcelona, Catalunya, Spain",Diagonal Mar - La Mar Bella,Diagonal Mar i el Front Marítim del Poblenou,Barcelona,Spain,ES,Point,"[2.21503, 41.40385]",True,31197980
"Şişli, İstanbul, Turkey",Şişli,Sisli,Istanbul,Turkey,TR,Point,"[28.98644, 41.05052]",True,31200584
"Beykoz, İstanbul, Turkey",,Esenyurt,Istanbul,Turkey,TR,Point,"[28.65265, 41.03262]",False,31205337
"Porto, Porto, Portugal",,"Cedofeita, Ildefonso, Sé, Miragaia, Nicolau, Vitória",Porto,Portugal,PT,Point,"[-8.6288, 41.15787]",True,31205947
"New York, NY, United States",Manhattan,Lower East Side,New York,United States,US,Point,"[-73.98573, 40.72165]",True,3120723
"Istanbul, İstanbul, Turkey",,Bahcelievler,Istanbul,Turkey,TR,Point,"[28.83392, 40.99244]",False,31208538
"Barcelona, Barcelona, Spain",Eixample,la Dreta de l'Eixample,Barcelona,Spain,ES,Point,"[2.16764, 41.38714]",False,31215573
"Barcelona, CT, Spain",Eixample,el Fort Pienc,Barcelona,Spain,ES,Point,"[2.17976, 41.40151]",False,31217862
"Montréal, Québec, Canada",Le Plateau,Le Plateau-Mont-Royal,Montreal,Canada,CA,Point,"[-73.56501, 45.53088]",True,31217955
"Volcano, HI, United States",Island of Hawaiʻi,Puna,The Big Island,United States,US,Point,"[-155.2075, 19.42408]",True,3121854
"Şişli, İstanbul, Turkey",Şişli,Sisli,Istanbul,Turkey,TR,Point,"[28.98763, 41.04902]",False,31220751
"New York, NY, United States",Manhattan,Harlem,New York,United States,US,Point,"[-73.9447, 40.81595]",True,3122230
"Üsküdar, İstanbul, Turkey",Üsküdar,Uskudar,Istanbul,Turkey,TR,Point,"[29.02179, 41.02324]",False,31235308
"Montréal, Québec, Canada",Cote-des-Neiges-Notre-Dame-de-Grace,Côte-des-Neiges-Notre-Dame-de-Grâce,Montreal,Canada,CA,Point,"[-73.63037, 45.50868]",True,31258001
"Hong Kong, New Territories, Hong Kong",,Islands,Hong Kong,Hong Kong,HK,Point,"[113.95179, 22.29411]",True,31269732
"Hong Kong, Kowloon, Hong Kong",Sham Shui Po District,Sham Shui Po,Hong Kong,Hong Kong,HK,Point,"[114.16699, 22.32939]",True,31270876
"Beyoğlu, İstanbul, Turkey",Karaköy,Beyoglu,Istanbul,Turkey,TR,Point,"[28.9734, 41.02829]",True,31272924
"Barcelona, Catalonia, Spain",Sants-Montjuïc,Sants - Badal,Barcelona,Spain,ES,Point,"[2.1254, 41.37547]",True,3127809
"Hong Kong Island, Hong Kong Island, Hong Kong",Wan Chai District,Wan Chai,Hong Kong,Hong Kong,HK,Point,"[114.18681, 22.28023]",False,31279195
"深圳市, 广东省, China",,Yuen Long,Hong Kong,China,CN,Point,"[114.0726, 22.51521]",True,31293980
"Hong Kong, Kowloon, Hong Kong",Tsim Sha Tsui,Yau Tsim Mong,Hong Kong,Hong Kong,HK,Point,"[114.17367, 22.29561]",True,31299012
"Barcelona, Catalunya, Spain",Ciutat Vella,el Barri Gòtic,Barcelona,Spain,ES,Point,"[2.17628, 41.38043]",True,31301774
"Beyoğlu, İstanbul, Turkey",Taksim,Beyoglu,Istanbul,Turkey,TR,Point,"[28.97943, 41.03692]",True,31301794
"Barcelona, Catalunya, Spain",Ciutat Vella,el Barri Gòtic,Barcelona,Spain,ES,Point,"[2.1767, 41.38028]",True,31302323
"Barcelona, Catalunya, Spain",Les Corts,la Maternitat i Sant Ramon,Barcelona,Spain,ES,Point,"[2.12242, 41.37846]",True,31305846
"Rozelle, NSW, Australia",Lilyfield/Rozelle,Leichhardt,Sydney,Australia,AU,Point,"[151.16873, -33.87127]",False,31318633
"Rio de Janeiro, Rio de Janeiro, Brazil",Ipanema,Ipanema,Rio De Janeiro,Brazil,BR,Point,"[-43.200373532313, -22.984446544659807]",True,313223
"Istanbul, Turkey",,Zeytinburnu,Istanbul,Turkey,TR,Point,"[28.8965, 41.00728]",False,31326897
"Barcelona, Catalunya, Spain",Ciutat Vella,"Sant Pere, Santa Caterina i la Ribera",Barcelona,Spain,ES,Point,"[2.17625, 41.38806]",True,31328773
"Porto, Porto, Portugal",,"Cedofeita, Ildefonso, Sé, Miragaia, Nicolau, Vitória",Porto,Portugal,PT,Point,"[-8.61342, 41.145]",True,31332997
"Hong Kong, Hong Kong Island, Hong Kong",Wan Chai District,Wan Chai,Hong Kong,Hong Kong,HK,Point,"[114.18676, 22.28057]",True,31343008
"Neutral Bay, NSW, Australia",Neutral Bay,North Sydney,Sydney,Australia,AU,Point,"[151.21983, -33.83068]",True,31344231
"Beyoğlu, İstanbul, Turkey",Taksim,Beyoglu,Istanbul,Turkey,TR,Point,"[28.98009, 41.03499]",True,31346657
"Barcelona, Catalunya, Spain",Ciutat Vella,el Raval,Barcelona,Spain,ES,Point,"[2.16545, 41.38328]",True,31352359
"Kınalıada, Istanbul Province, Turkey",,Adalar,Istanbul,Turkey,TR,Point,"[29.05006, 40.90622]",False,3136909
"Chifley, NSW, Australia",Chifley,Randwick,Sydney,Australia,AU,Point,"[151.24015, -33.97352]",True,31383645
"Barcelona, Catalunya, Spain",Sants-Montjuïc,el Poble Sec,Barcelona,Spain,ES,Point,"[2.17143, 41.37435]",False,31385256
"Montréal, QC, Canada",Downtown Montreal,Ville-Marie,Montreal,Canada,CA,Point,"[-73.54865, 45.52147]",False,31385559
"North Parramatta, NSW, Australia",,Parramatta,Sydney,Australia,AU,Point,"[151.0048, -33.7995]",True,31391139
"Hong Kong, Kowloon, Hong Kong",Sham Shui Po District,Sham Shui Po,Hong Kong,Hong Kong,HK,Point,"[114.16669, 22.32711]",True,31391462
"Brooklyn, NY, United States",Bushwick,Bushwick,New York,United States,US,Point,"[-73.91967, 40.69545]",True,3139489
"Hong Kong, Hong Kong Island, Hong Kong",Sheung Wan,Central & Western,Hong Kong,Hong Kong,HK,Point,"[114.14571, 22.28548]",False,31399123
"Porto, Porto, Portugal",,Paranhos,Porto,Portugal,PT,Point,"[-8.59579, 41.16738]",True,31403026
"Barcelona, Catalunya, Spain",Sant Antoni,Sant Antoni,Barcelona,Spain,ES,Point,"[2.15743, 41.38023]",True,31408169
"Hong Kong, Kowloon, Hong Kong",Mong Kok,Yau Tsim Mong,Hong Kong,Hong Kong,HK,Point,"[114.17018, 22.31101]",True,31425079
"Barcelona, CT, Spain",Sants-Montjuïc,Hostafrancs,Barcelona,Spain,ES,Point,"[2.14567, 41.37467]",False,31431457
"Rio, Rio de Janeiro, Brazil",Ipanema,Ipanema,Rio De Janeiro,Brazil,BR,Point,"[-43.1998704851129, -22.98191338947123]",True,3144266
"Montréal, Québec, Canada",Saint-Laurent,Saint-Laurent,Montreal,Canada,CA,Point,"[-73.67188, 45.50871]",True,31443139
"Montréal, Québec, Canada",Le Plateau-Mont-Royal,Le Plateau-Mont-Royal,Montreal,Canada,CA,Point,"[-73.5837, 45.51921]",True,31448135
"Porto, Porto, Portugal",,"Cedofeita, Ildefonso, Sé, Miragaia, Nicolau, Vitória",Porto,Portugal,PT,Point,"[-8.60257, 41.15003]",True,31454375
"Porto, Porto, Portugal",,"Cedofeita, Ildefonso, Sé, Miragaia, Nicolau, Vitória",Porto,Portugal,PT,Point,"[-8.61529, 41.14372]",True,31457975
"Barcelona, Catalunya, Spain",Eixample,el Parc i la Llacuna del Poblenou,Barcelona,Spain,ES,Point,"[2.1867, 41.392]",True,31459895
"Barcelona, Spain",La Nova Esquerra de l'Eixample,la Nova Esquerra de l'Eixample,Barcelona,Spain,ES,Point,"[2.14932, 41.37821]",False,31460245
"Ultimo, NSW, Australia",Ultimo,Sydney,Sydney,Australia,AU,Point,"[151.19765, -33.87796]",False,31461289
"Leça do Balio, Portugal",,"Custóias, Leça do Balio e Guifões",Porto,Portugal,PT,Point,"[-8.63133, 41.2001]",False,31465474
"Rio, Rio de Janeiro, Brazil",Barra da Tijuca,Barra da Tijuca,Rio De Janeiro,Brazil,BR,Point,"[-43.32084825593519, -23.01218384099668]",True,3147146
"Dudullu Osb, İstanbul, Turkey",,Atasehir,Istanbul,Turkey,TR,Point,"[29.145, 40.98795]",True,31486435
"Montréal, Québec, Canada",Gay Village,Ville-Marie,Montreal,Canada,CA,Point,"[-73.54999, 45.52452]",True,31489144
"Büyükçekmece, İstanbul, Turkey",,Buyukcekmece,Istanbul,Turkey,TR,Point,"[28.61252, 40.99928]",True,31490186
"Kağıthane, İstanbul, Turkey",Şişli,Kagithane,Istanbul,Turkey,TR,Point,"[29.0041, 41.08576]",True,31492265
"New York, NY, United States",Manhattan,East Village,New York,United States,US,Point,"[-73.98717, 40.73171]",True,314982
"Beyoğlu, İstanbul, Turkey",Taksim,Beyoglu,Istanbul,Turkey,TR,Point,"[28.98263, 41.03762]",False,31504921
"Barcelona, Catalunya, Spain",Sants-Montjuïc,la Bordeta,Barcelona,Spain,ES,Point,"[2.13334, 41.36739]",True,31505380
"Copacabana, Rio de Janeiro, Brazil",Copacabana,Copacabana,Rio De Janeiro,Brazil,BR,Point,"[-43.187826726539946, -22.968618498940213]",True,31506064
"Fatih, İstanbul, Turkey",Sultanahmet,Fatih,Istanbul,Turkey,TR,Point,"[28.96944, 41.00568]",False,31507104
"Praca da Bandeira, Rio de Janeiro, Brazil",Praça da Bandeira,Praça da Bandeira,Rio De Janeiro,Brazil,BR,Point,"[-43.21412005341833, -22.912422342892768]",True,31509992
"Barcelona, Catalunya, Spain",Eixample,la Dreta de l'Eixample,Barcelona,Spain,ES,Point,"[2.16816, 41.38622]",True,31510270
"Pechincha, Rio de Janeiro, Brazil",,Pechincha,Rio De Janeiro,Brazil,BR,Point,"[-43.34792542922518, -22.925911202551454]",True,31517531
"Barcelona, Catalunya, Spain",Les Corts,les Corts,Barcelona,Spain,ES,Point,"[2.12923, 41.38724]",True,31533365
"Beyoğlu, İstanbul, Turkey",Beyoglu,Beyoglu,Istanbul,Turkey,TR,Point,"[28.98788, 41.03335]",True,31538969
"Hong Kong, Hong Kong Island, Hong Kong",Central & Western District,Central & Western,Hong Kong,Hong Kong,HK,Point,"[114.14925, 22.28562]",True,31548152
"Rio, Rio de Janeiro, Brazil",Lapa,Centro,Rio De Janeiro,Brazil,BR,Point,"[-43.178301250158434, -22.911757450313935]",True,3155979
"Copacabana, Rio de Janeiro, Brazil",Copacabana,Copacabana,Rio De Janeiro,Brazil,BR,Point,"[-43.18670238782581, -22.96818693185744]",True,31563921
"Rio, Rio de Janeiro, Brazil",Ipanema,Ipanema,Rio De Janeiro,Brazil,BR,Point,"[-43.19337185431951, -22.98561033208582]",False,3157408
"Barcelona, Catalunya, Spain",Ciutat Vella,el Barri Gòtic,Barcelona,Spain,ES,Point,"[2.17491, 41.38084]",True,31582808
"Beyoğlu, İstanbul, Turkey",Beyoglu,Beyoglu,Istanbul,Turkey,TR,Point,"[28.97992, 41.03313]",True,31588317
"Kadikoy, Kadikoy, Turkey",Kadıköy,Kadikoy,Istanbul,Turkey,TR,Point,"[29.03993, 40.98363]",False,31589026
"Rio de Janeiro, RJ, Brazil",Jardim Botânico,Jardim Botânico,Rio De Janeiro,Brazil,BR,Point,"[-43.224388754954866, -22.96221540823626]",False,31590340
"Estácio, Rio de Janeiro, Brazil",Estacio,Estácio,Rio De Janeiro,Brazil,BR,Point,"[-43.2063933581498, -22.914730794351065]",True,31598034
"New Territories, New Territories, Hong Kong",,Sha Tin,Hong Kong,Hong Kong,HK,Point,"[114.17814, 22.36141]",False,31600196
"Beşiktaş, İstanbul, Turkey",Ortaköy,Besiktas,Istanbul,Turkey,TR,Point,"[29.02404, 41.04988]",True,31613810
"Hong Kong, Kowloon, Hong Kong",Yau Tsim Mong,Yau Tsim Mong,Hong Kong,Hong Kong,HK,Point,"[114.17146, 22.31202]",True,31630832
"Hong Kong, Kowloon, Hong Kong",King's Park,Yau Tsim Mong,Hong Kong,Hong Kong,HK,Point,"[114.1722, 22.31226]",True,31632468
"Itanhangá, Rio de Janeiro, Brazil",Barra da Tijuca,Itanhangá,Rio De Janeiro,Brazil,BR,Point,"[-43.308992090644196, -23.000267657501187]",False,31633508
"Rio de Janeiro, Rio de Janeiro, Brazil",Leblon,Gávea,Rio De Janeiro,Brazil,BR,Point,"[-43.226855978141764, -22.979161638502973]",False,316355
"Barcelona, Barcelona, Spain",El Poble-sec,el Poble Sec,Barcelona,Spain,ES,Point,"[2.16945, 41.37182]",False,31639194
"Cihangir, İstanbul, Turkey",Beyoglu,Beyoglu,Istanbul,Turkey,TR,Point,"[28.98365, 41.03007]",False,31644399
"Montréal, Québec, Canada",Hochelaga-Maisonneuve,Mercier-Hochelaga-Maisonneuve,Montreal,Canada,CA,Point,"[-73.54336, 45.54017]",True,31644986
"Rio de Janeiro, Rio de Janeiro, Brazil",São Conrado,Rocinha,Rio De Janeiro,Brazil,BR,Point,"[-43.249801586676284, -22.993151428082932]",True,3165920
"Barcelona, CT, Spain",L'Antiga Esquerra de l'Eixample,la Nova Esquerra de l'Eixample,Barcelona,Spain,ES,Point,"[2.15104, 41.38667]",False,31666595
"Copacabana, Rio de Janeiro, Brazil",Copacabana,Copacabana,Rio De Janeiro,Brazil,BR,Point,"[-43.18528474231668, -22.97025862376159]",True,31670584
"Rio de Janeiro, Rio de Janeiro, Brazil",Copacabana,Copacabana,Rio De Janeiro,Brazil,BR,Point,"[-43.181862794887444, -22.96502572399953]",False,3167712
"Beşiktaş, İstanbul, Turkey",Beşiktaş,Besiktas,Istanbul,Turkey,TR,Point,"[29.01716, 41.09239]",False,31687084
"Montréal, QC, Canada",Downtown Montreal,Ville-Marie,Montreal,Canada,CA,Point,"[-73.56128, 45.52468]",False,31693770
"Dee Why, NSW, Australia",,Warringah,Sydney,Australia,AU,Point,"[151.29413, -33.7513]",True,31696863
"Beaconsfield, QC, Canada",Beaconsfield,Beaconsfield,Montreal,Canada,CA,Point,"[-73.89066, 45.42057]",True,3170717
"Hong Kong, Kowloon, Hong Kong",Yau Tsim Mong,Yau Tsim Mong,Hong Kong,Hong Kong,HK,Point,"[114.17075, 22.31436]",True,31708004
"Porto, Porto, Portugal",,"Cedofeita, Ildefonso, Sé, Miragaia, Nicolau, Vitória",Porto,Portugal,PT,Point,"[-8.60728, 41.16147]",True,31728040
"Rio de Janeiro, Rio de Janeiro, Brazil",Flamengo,Flamengo,Rio De Janeiro,Brazil,BR,Point,"[-43.178146199799464, -22.936829208830687]",True,3173305
"Ipanema, Rio de Janeiro, Brazil",Ipanema,Ipanema,Rio De Janeiro,Brazil,BR,Point,"[-43.213774236301724, -22.985618348594446]",True,31742674
"Tamoios Cabo Frio, RJ, Brazil",,Inhoaíba,Rio De Janeiro,Brazil,BR,Point,"[-43.595116683044736, -22.901330765550266]",False,31761679
"Hong Kong, Hong Kong Island, Hong Kong",Sheung Wan,Central & Western,Hong Kong,Hong Kong,HK,Point,"[114.15162, 22.28611]",True,31764157
"wan chai, Hong Kong Island, Hong Kong",Wan Chai District,Wan Chai,Hong Kong,Hong Kong,HK,Point,"[114.17423, 22.27634]",True,3177173
"Istanbul , Istanbul, Turkey",,Bahcelievler,Istanbul,Turkey,TR,Point,"[28.8516, 40.9943]",False,31771741
"Şişli, İstanbul, Turkey",Taksim,Sisli,Istanbul,Turkey,TR,Point,"[28.98422, 41.04185]",True,31772760
"Beylikdüzü Osb, İstanbul, Turkey",,Esenyurt,Istanbul,Turkey,TR,Point,"[28.69462, 41.01049]",True,31773624
"Barcelona, Catalunya, Spain",El Poble-sec,el Poble Sec,Barcelona,Spain,ES,Point,"[2.16248, 41.37143]",False,31775003
"Copacabana, Rio de Janeiro, Brazil",Copacabana,Copacabana,Rio De Janeiro,Brazil,BR,Point,"[-43.19135498589402, -22.980414061629297]",True,31776214
"Bakırköy, İstanbul, Turkey",,Bakirkoy,Istanbul,Turkey,TR,Point,"[28.88172, 40.97801]",True,31778909
"Copacabana, Rio de Janeiro, Brazil",Ipanema,Ipanema,Rio De Janeiro,Brazil,BR,Point,"[-43.19491003294829, -22.98679889511544]",True,31794372
"Hong Kong, Kowloon, Hong Kong",Mong Kok,Yau Tsim Mong,Hong Kong,Hong Kong,HK,Point,"[114.17066, 22.31225]",False,31800265
"Waimea, HI, United States",Island of Hawaiʻi,South Kohala,The Big Island,United States,US,Point,"[-155.6971, 20.02342]",True,318028
"Manly, NSW, Australia",Manly,Manly,Sydney,Australia,AU,Point,"[151.28526, -33.80705]",True,31804891
"Montréal, Québec, Canada",Downtown Montreal,Ville-Marie,Montreal,Canada,CA,Point,"[-73.58366, 45.49229]",True,31804969
"Hong Kong, Hong Kong Island, Hong Kong",Happy Valley,Wan Chai,Hong Kong,Hong Kong,HK,Point,"[114.18432, 22.277]",True,31806673
"Estácio, Rio de Janeiro, Brazil",Estacio,Estácio,Rio De Janeiro,Brazil,BR,Point,"[-43.206200975012464, -22.915819208930998]",True,31808341
"Hong Kong, Hong Kong Island, Hong Kong",The Peak,Central & Western,Hong Kong,Hong Kong,HK,Point,"[114.15591, 22.27391]",True,31810829
"Hong Kong, Hong Kong Island, Hong Kong",Central & Western District,Central & Western,Hong Kong,Hong Kong,HK,Point,"[114.15659, 22.28146]",True,31812431
"Kadıköy, İstanbul, Turkey",Kadıköy,Kadikoy,Istanbul,Turkey,TR,Point,"[29.09252, 40.96464]",True,31819664
"Barcelona, Catalunya, Spain",Ciutat Vella,el Barri Gòtic,Barcelona,Spain,ES,Point,"[2.17647, 41.3811]",False,31827679
"Hong Kong, Hong Kong Island, Hong Kong",Causeway Bay,Wan Chai,Hong Kong,Hong Kong,HK,Point,"[114.18368, 22.28041]",True,31840261
"Barcelona, Catalunya, Spain",Sant Andreu,la Trinitat Vella,Barcelona,Spain,ES,Point,"[2.1894, 41.45179]",True,31845112
"Botafogo, Rio de Janeiro, Brazil",Botafogo,Botafogo,Rio De Janeiro,Brazil,BR,Point,"[-43.18612140980205, -22.956530256713208]",False,31850676
"Ataşehir, İstanbul, Turkey",Üsküdar,Atasehir,Istanbul,Turkey,TR,Point,"[29.08142, 41.00681]",False,31860292
"Montréal, Québec, Canada",Villeray,Villeray-Saint-Michel-Parc-Extension,Montreal,Canada,CA,Point,"[-73.62825, 45.54149]",True,31861001
"Alfena, Portugal",,Alfena,Porto,Portugal,PT,Point,"[-8.53061, 41.22317]",False,31864910
"尖沙咀, 九龍, Hong Kong",Yau Tsim Mong,Yau Tsim Mong,Hong Kong,Hong Kong,HK,Point,"[114.174, 22.29892]",False,31866944
"Barcelona, Catalunya, Spain",Sant Andreu,Sant Andreu,Barcelona,Spain,ES,Point,"[2.19256, 41.43924]",True,31867873
"Kadıköy, İstanbul, Turkey",Kadıköy,Kadikoy,Istanbul,Turkey,TR,Point,"[29.02917, 40.98537]",False,31869859
"Kadıköy, İstanbul, Turkey",Kadıköy,Kadikoy,Istanbul,Turkey,TR,Point,"[29.06524, 40.98906]",False,31876931
"Montréal, Québec, Canada",Le Plateau,Ville-Marie,Montreal,Canada,CA,Point,"[-73.5621, 45.53121]",True,31879987
"Leblon, Rio de Janeiro, Brazil",Leblon,Leblon,Rio De Janeiro,Brazil,BR,Point,"[-43.23146921874229, -22.985403065027803]",False,31886158
"Barra da Tijuca, Rio de Janeiro, Brazil",Barra da Tijuca,Barra da Tijuca,Rio De Janeiro,Brazil,BR,Point,"[-43.348444898536584, -23.001253115170975]",True,31890994
"Recreio dos Bandeir, Rio de Janeiro, Brazil",Recreio dos Bandeirantes,Recreio dos Bandeirantes,Rio De Janeiro,Brazil,BR,Point,"[-43.45692219929574, -23.014966906587578]",True,31900517
"Jacarepagua, Rio de Janeiro, Brazil",Barra da Tijuca,Jacarepaguá,Rio De Janeiro,Brazil,BR,Point,"[-43.41459583605654, -22.97258551817903]",True,31901908
"Hong Kong, Kowloon, Hong Kong",Yau Tsim Mong,Yau Tsim Mong,Hong Kong,Hong Kong,HK,Point,"[114.17139, 22.30441]",True,31905370
"Rio de Janeiro, Rio de Janeiro, Brazil",Ipanema,Ipanema,Rio De Janeiro,Brazil,BR,Point,"[-43.203627046607, -22.98263899033797]",False,3190976
"Porto, Porto, Portugal",,"Cedofeita, Ildefonso, Sé, Miragaia, Nicolau, Vitória",Porto,Portugal,PT,Point,"[-8.6069, 41.14211]",True,31913823
"Kensington, NSW, Australia",Kingsford,Randwick,Sydney,Australia,AU,Point,"[151.22922, -33.9186]",True,31913927
"Üsküdar, İstanbul, Turkey",Üsküdar,Uskudar,Istanbul,Turkey,TR,Point,"[29.04743, 41.03403]",True,31914885
"Barcelona, CT, Spain",Nou Barris,Verdun,Barcelona,Spain,ES,Point,"[2.17548, 41.4438]",False,31921047
"İstanbul, İstanbul, Turkey",Beşiktaş,Besiktas,Istanbul,Turkey,TR,Point,"[29.00643, 41.05237]",False,31921848
"Montreal, QC, Canada",La Petite-Patrie,Rosemont-La Petite-Patrie,Montreal,Canada,CA,Point,"[-73.60494, 45.54045]",True,31922085
"Santa Teresa, Rio de Janeiro, Brazil",Lapa,Centro,Rio De Janeiro,Brazil,BR,Point,"[-43.17837180976206, -22.916072714239732]",True,31925067
"Şişli, İstanbul, Turkey",Şişli,Sisli,Istanbul,Turkey,TR,Point,"[28.98071, 41.04839]",False,31925521
"Ipanema, Rio de Janeiro, Brazil",Ipanema,Ipanema,Rio De Janeiro,Brazil,BR,Point,"[-43.198853923300724, -22.984317744841196]",True,31930748
"Barcelona, Catalunya, Spain",La Vila Olímpica,la Vila Olímpica del Poblenou,Barcelona,Spain,ES,Point,"[2.19708, 41.38937]",True,31941328
"Barcelona, Catalunya, Spain",Gràcia,el Camp d'en Grassot i Gràcia Nova,Barcelona,Spain,ES,Point,"[2.16813, 41.40639]",True,31947832
"Hong Kong, Kowloon, Hong Kong",Sham Shui Po District,Sham Shui Po,Hong Kong,Hong Kong,HK,Point,"[114.16118, 22.32736]",True,31951146
"Hong Kong, Kowloon, Hong Kong",Sham Shui Po,Sham Shui Po,Hong Kong,Hong Kong,HK,Point,"[114.16036, 22.32639]",True,31951390
"Barcelona, CT, Spain",Eixample,la Dreta de l'Eixample,Barcelona,Spain,ES,Point,"[2.17172, 41.39197]",False,31951516
"Rio de Janeiro, RJ, Brazil",Copacabana,Copacabana,Rio De Janeiro,Brazil,BR,Point,"[-43.18034743148759, -22.965736374477085]",False,31960105
"Colyton, NSW, Australia",,Penrith,Sydney,Australia,AU,Point,"[150.80185, -33.78762]",True,31963125
"Hong Kong, Kowloon, Hong Kong",Yau Tsim Mong,Yau Tsim Mong,Hong Kong,Hong Kong,HK,Point,"[114.17043, 22.32028]",True,31970788
"Istanbul, Turkey",Beyoglu,Beyoglu,Istanbul,Turkey,TR,Point,"[28.99228, 41.03375]",False,31972844
"Hong Kong, Kowloon, Hong Kong",Tsim Sha Tsui,Yau Tsim Mong,Hong Kong,Hong Kong,HK,Point,"[114.17453, 22.30188]",True,31974220
"Porto, Porto, Portugal",,Azurara,Porto,Portugal,PT,Point,"[-8.7396, 41.33845]",False,31981770
"Copacabana, Rio de Janeiro, Brazil",Copacabana,Copacabana,Rio De Janeiro,Brazil,BR,Point,"[-43.191698939340746, -22.977490594170355]",True,31984148
"Flamengo, Rio de Janeiro, Brazil",Flamengo,Flamengo,Rio De Janeiro,Brazil,BR,Point,"[-43.174561567332894, -22.937471050205005]",True,31984651
"Barra de Guaratiba, Rio de Janeiro, Brazil",Barra de Guaratiba,Barra de Guaratiba,Other (International),Brazil,BR,Point,"[-43.567711135204846, -23.064334319655416]",True,31989710
"尖沙咀, 九龍, Hong Kong",Tsim Sha Tsui,Yau Tsim Mong,Hong Kong,Hong Kong,HK,Point,"[114.17949, 22.29923]",False,31995384
"Honolulu, HI, United States",South Shore,Primary Urban Center,Oahu,United States,US,Point,"[-157.79174, 21.29851]",True,3200122
"Rio, Rio de Janeiro, Brazil",Catumbi,Catumbi,Rio De Janeiro,Brazil,BR,Point,"[-43.19621497828868, -22.918042755925818]",False,3200487
"Vila Isabel, Rio de Janeiro, Brazil",Vila Isabel,Vila Isabel,Rio De Janeiro,Brazil,BR,Point,"[-43.25423837247646, -22.915700918936974]",True,32008291
"Beyoğlu, İstanbul, Turkey",Taksim,Beyoglu,Istanbul,Turkey,TR,Point,"[28.98759, 41.0344]",True,32008854
"Rio, Rio de Janeiro, Brazil",Copacabana,Copacabana,Rio De Janeiro,Brazil,BR,Point,"[-43.194110591711386, -22.983884115391255]",True,3201230
"Montreal , Québec, Canada",Mont-Royal,Mont-Royal,Montreal,Canada,CA,Point,"[-73.64385, 45.52531]",False,32014374
"Tsuen Shek Shan, Kowloon, Hong Kong",Choi Hung,Wong Tai Sin,Hong Kong,Hong Kong,HK,Point,"[114.20626, 22.33709]",False,32023628
"Hong Kong, Kowloon, Hong Kong",Yau Tsim Mong,Yau Tsim Mong,Hong Kong,Hong Kong,HK,Point,"[114.1697, 22.32224]",False,32024517
"Montréal, QC, Canada",Le Plateau,Le Plateau-Mont-Royal,Montreal,Canada,CA,Point,"[-73.57141, 45.51503]",False,32025949
"Barcelona, Catalunya, Spain",Vila de Gràcia,la Vila de Gràcia,Barcelona,Spain,ES,Point,"[2.15168, 41.4073]",True,32028943
"Porto, Porto, Portugal",,"Cedofeita, Ildefonso, Sé, Miragaia, Nicolau, Vitória",Porto,Portugal,PT,Point,"[-8.60461, 41.15055]",True,32030782
"Barcelona, Catalunya, Spain",Horta-Guinardó,la Vall d'Hebron,Barcelona,Spain,ES,Point,"[2.15006, 41.43322]",True,32037744
"Porto, Porto, Portugal",,"Cedofeita, Ildefonso, Sé, Miragaia, Nicolau, Vitória",Porto,Portugal,PT,Point,"[-8.60653, 41.15322]",True,32040085
"Hong Kong, Hong Kong Island, Hong Kong",Wan Chai District,Wan Chai,Hong Kong,Hong Kong,HK,Point,"[114.17976, 22.27599]",True,320446
"Beyoğlu, İstanbul, Turkey",Cihangir,Beyoglu,Istanbul,Turkey,TR,Point,"[28.98694, 41.03092]",False,32054255
"Brighton-Le-Sands, NSW, Australia",Brighton-Le-Sands,Rockdale,Sydney,Australia,AU,Point,"[151.15599, -33.9577]",False,32074640
"Montréal, Québec, Canada",Cote-des-Neiges-Notre-Dame-de-Grace,Côte-des-Neiges-Notre-Dame-de-Grâce,Montreal,Canada,CA,Point,"[-73.62691, 45.49398]",True,32082784
"佐敦, 九龍, Hong Kong",Yau Tsim Mong,Yau Tsim Mong,Hong Kong,Hong Kong,HK,Point,"[114.16934, 22.30776]",False,32087839
"Rio de Janeiro, Rio de Janeiro, Brazil",Barra da Tijuca,Jacarepaguá,Rio De Janeiro,Brazil,BR,Point,"[-43.39617818638937, -22.967728541258357]",True,3208863
"Hong Kong, Kowloon, Hong Kong",Yau Tsim Mong,Yau Tsim Mong,Hong Kong,Hong Kong,HK,Point,"[114.17021, 22.31342]",True,32092400
"Hong Kong, Hong Kong Island, Hong Kong",Causeway Bay,Wan Chai,Hong Kong,Hong Kong,HK,Point,"[114.18218, 22.27705]",True,32092426
"Barcelona, Catalunya, Spain",Sant Pere/Santa Caterina,"Sant Pere, Santa Caterina i la Ribera",Barcelona,Spain,ES,Point,"[2.17991, 41.38497]",True,32096193
"Copacabana, Rio de Janeiro, Brazil",Copacabana,Copacabana,Rio De Janeiro,Brazil,BR,Point,"[-43.19026723485284, -22.986312099814512]",True,32099175
"Hong Kong, Hong Kong Island, Hong Kong",Wan Chai District,Wan Chai,Hong Kong,Hong Kong,HK,Point,"[114.18328, 22.27229]",True,32099571
"Vila do Conde, Porto, Portugal",,Vila do Conde,Porto,Portugal,PT,Point,"[-8.75175, 41.35131]",True,32100680
"Beyoğlu, İstanbul, Turkey",Beyoglu,Beyoglu,Istanbul,Turkey,TR,Point,"[28.9859, 41.03183]",True,32101468
"Rio de Janeiro, Rio de Janeiro, Brazil",Barra da Tijuca,Barra da Tijuca,Rio De Janeiro,Brazil,BR,Point,"[-43.32724684631953, -23.003354541765756]",True,3210248
"Barcelona, Catalunya, Spain",Sant Pere/Santa Caterina,"Sant Pere, Santa Caterina i la Ribera",Barcelona,Spain,ES,Point,"[2.1848, 41.38359]",False,32102597
"Rio de Janeiro , Rio de Janeiro, Brazil",Benfica,Benfica,Rio De Janeiro,Brazil,BR,Point,"[-43.240942939170125, -22.898493891099466]",False,32103922
"Montréal, Québec, Canada",Saint-Laurent,Saint-Laurent,Montreal,Canada,CA,Point,"[-73.6746, 45.50325]",True,32104281
"Barcelona, CT, Spain",Sant Martí,el Camp de l'Arpa del Clot,Barcelona,Spain,ES,Point,"[2.17854, 41.41044]",False,32104830
"Beşiktaş, İstanbul, Turkey",Beşiktaş,Besiktas,Istanbul,Turkey,TR,Point,"[29.00222, 41.05594]",True,32106134
"Copacabana, Rio de Janeiro, Brazil",Copacabana,Copacabana,Rio De Janeiro,Brazil,BR,Point,"[-43.18314519761167, -22.97184937684447]",True,32110024
"Hong Kong, New Territories, Hong Kong",,Yuen Long,Hong Kong,Hong Kong,HK,Point,"[114.07642, 22.42182]",False,32112187
"Tijuca, Rio de Janeiro, Brazil",Tijuca,Tijuca,Rio De Janeiro,Brazil,BR,Point,"[-43.231450171626776, -22.92706116427369]",True,32131343
"Santa Teresa, Rio de Janeiro, Brazil",Santa Teresa,Santa Teresa,Rio De Janeiro,Brazil,BR,Point,"[-43.19190490176507, -22.91938531021508]",False,32137606
"Copacabana, Rio de Janeiro, Brazil",Copacabana,Copacabana,Rio De Janeiro,Brazil,BR,Point,"[-43.19515331594631, -22.982793034246036]",True,32159739
"Barcelona, Catalunya, Spain",Ciutat Vella,el Raval,Barcelona,Spain,ES,Point,"[2.17498, 41.37804]",True,32160778
"Barcelona, CT, Spain",Sant Antoni,Sant Antoni,Barcelona,Spain,ES,Point,"[2.1621, 41.38468]",False,32165831
"Barcelona, Catalunya, Spain",Ciutat Vella,el Barri Gòtic,Barcelona,Spain,ES,Point,"[2.1781, 41.38016]",False,32166129
"Beyoğlu, İstanbul, Turkey",Taksim,Beyoglu,Istanbul,Turkey,TR,Point,"[28.98162, 41.03832]",True,32174629
"Rio, Rio de Janeiro, Brazil",Tijuca,Tijuca,Rio De Janeiro,Brazil,BR,Point,"[-43.22350821808652, -22.92243301881654]",True,3217583
"Barcelona, Spain",Ciutat Vella,el Barri Gòtic,Barcelona,Spain,ES,Point,"[2.17803, 41.37924]",False,32178403
"Rio de Janeiro, Rio de Janeiro, Brazil",Santa Teresa,Santa Teresa,Rio De Janeiro,Brazil,BR,Point,"[-43.19106890468637, -22.925010251668844]",True,321803
"Copacabana, Rio de Janeiro, Brazil",Copacabana,Copacabana,Rio De Janeiro,Brazil,BR,Point,"[-43.18821833384025, -22.968370827079838]",True,32180516
"Montréal, Québec, Canada",Le Plateau-Mont-Royal,Le Plateau-Mont-Royal,Montreal,Canada,CA,Point,"[-73.58543, 45.53258]",True,32180649
"Centro, Rio de Janeiro, Brazil",Centro,Centro,Rio De Janeiro,Brazil,BR,Point,"[-43.18672444219647, -22.9072681760141]",True,32181448
"Recreio dos Bandeirantes, Rio de Janeiro, Brazil",Recreio dos Bandeirantes,Recreio dos Bandeirantes,Rio De Janeiro,Brazil,BR,Point,"[-43.512240992686074, -23.02419318876795]",True,32189176
"Barcelona, Catalunya, Spain",El Raval,el Raval,Barcelona,Spain,ES,Point,"[2.16619, 41.38539]",True,32189927
"Porto, Porto, Portugal",,"Cedofeita, Ildefonso, Sé, Miragaia, Nicolau, Vitória",Porto,Portugal,PT,Point,"[-8.60926, 41.1438]",True,32195716
"Brooklyn, NY, United States",Brooklyn,Clinton Hill,New York,United States,US,Point,"[-73.96568, 40.68331]",True,3220115
"Rio de Janeiro, Rio de Janeiro, Brazil",Leblon,Leblon,Rio De Janeiro,Brazil,BR,Point,"[-43.216320091075, -22.984207572947607]",False,3220673
"Barcelona, Catalunya, Spain",Eixample,la Dreta de l'Eixample,Barcelona,Spain,ES,Point,"[2.17797, 41.39271]",True,32208912
"Vila Nova de Gaia, Porto, Portugal",,Santa Marinha e São Pedro da Afurada,Porto,Portugal,PT,Point,"[-8.60777, 41.13279]",True,32209739
"Vila Nova de Gaia, Portugal",,Gulpilhares e Valadares,Porto,Portugal,PT,Point,"[-8.64576, 41.08029]",False,32214610
"Hong Kong, Hong Kong",,Islands,Hong Kong,Hong Kong,HK,Point,"[113.98262, 22.23868]",False,32224265
"Beyoğlu, İstanbul, Turkey",Taksim,Beyoglu,Istanbul,Turkey,TR,Point,"[28.991, 41.03344]",True,32228569
"Üsküdar, İstanbul, Turkey",Şişli,Sisli,Istanbul,Turkey,TR,Point,"[28.99161, 41.07423]",False,32232797
"Istanbul, İstanbul, Turkey",Karaköy,Beyoglu,Istanbul,Turkey,TR,Point,"[28.9729, 41.02771]",False,32235219
"Barcelona, Catalunya, Spain",La Vila Olímpica,la Vila Olímpica del Poblenou,Barcelona,Spain,ES,Point,"[2.19072, 41.39212]",True,32235324
"Porto, Porto, Portugal",,"Cedofeita, Ildefonso, Sé, Miragaia, Nicolau, Vitória",Porto,Portugal,PT,Point,"[-8.60881, 41.14877]",True,32236818
"Beyoğlu, İstanbul, Turkey",Cihangir,Beyoglu,Istanbul,Turkey,TR,Point,"[28.98264, 41.03526]",True,32237387
"Kahuku, HI, United States",Oʻahu,Koolauloa,Oahu,United States,US,Point,"[-157.99193, 21.69965]",False,32242177
"Copacabana, Rio de Janeiro, Brazil",Copacabana,Copacabana,Rio De Janeiro,Brazil,BR,Point,"[-43.191434232499844, -22.97988904527634]",True,32254820
"Porto, Porto, Portugal",,"Cedofeita, Ildefonso, Sé, Miragaia, Nicolau, Vitória",Porto,Portugal,PT,Point,"[-8.60532, 41.1442]",True,32265418
"Montréal, Québec, Canada",Le Plateau-Mont-Royal,Le Plateau-Mont-Royal,Montreal,Canada,CA,Point,"[-73.57216, 45.51795]",True,32268377
"Sydney, NSW, Australia",Central Business District,Sydney,Sydney,Australia,AU,Point,"[151.20403, -33.87009]",True,32275673
"Shenzhen Shi, Guangdong Sheng, China",,North,Hong Kong,China,CN,Point,"[114.13901, 22.54476]",True,32275681
"Waimanalo, HI, United States",Oʻahu,Koolaupoko,Oahu,United States,US,Point,"[-157.6991, 21.33685]",True,32280408
"Hong Kong, 香港島, Hong Kong",Wan Chai District,Wan Chai,Hong Kong,Hong Kong,HK,Point,"[114.18272, 22.27776]",False,32281660
"Barcelona, Catalunya, Spain",Eixample,la Dreta de l'Eixample,Barcelona,Spain,ES,Point,"[2.17463, 41.39844]",True,32287835
"Hong Kong, Hong Kong Island, Hong Kong",Central & Western District,Central & Western,Hong Kong,Hong Kong,HK,Point,"[114.15195, 22.28232]",True,32297024
"Barcelona, Catalonia, Spain",Sant Martí,el Camp de l'Arpa del Clot,Barcelona,Spain,ES,Point,"[2.18216, 41.41233]",False,32304461
"Montréal, QC, Canada",Downtown Montreal,Le Sud-Ouest,Montreal,Canada,CA,Point,"[-73.56076, 45.48912]",False,32307429
"Barcelona, Catalunya, Spain",Ciutat Vella,el Raval,Barcelona,Spain,ES,Point,"[2.16954, 41.37754]",False,32308714
"Barcelona, Catalunya, Spain",Ciutat Vella,el Raval,Barcelona,Spain,ES,Point,"[2.17168, 41.38243]",True,32309279
"Paia, HI, United States",Maui,Paia-Haiku,Maui,United States,US,Point,"[-156.37692, 20.91405]",True,32312883
"Barcelona, CT, Spain",La Nova Esquerra de l'Eixample,la Nova Esquerra de l'Eixample,Barcelona,Spain,ES,Point,"[2.15686, 41.3829]",False,32320880
"Rio de Janeiro, Rio de Janeiro, Brazil",Ipanema,Ipanema,Rio De Janeiro,Brazil,BR,Point,"[-43.19839655849066, -22.98211845185002]",True,323213
"Barcelona, CT, Spain",Sant Martí,Provençals del Poblenou,Barcelona,Spain,ES,Point,"[2.19404, 41.40767]",False,32327341
"Hong Kong, Kowloon, Hong Kong",Yau Tsim Mong,Yau Tsim Mong,Hong Kong,Hong Kong,HK,Point,"[114.17482, 22.30164]",True,32332063
"Lahaina, HI, United States",Westside,Lahaina,Maui,United States,US,Point,"[-156.68888, 20.95005]",False,32338059
"Barcelona, Spain",Eixample,l'Antiga Esquerra de l'Eixample,Barcelona,Spain,ES,Point,"[2.1529, 41.38684]",False,32338168
"Honolulu, HI, United States",Oʻahu,Primary Urban Center,Oahu,United States,US,Point,"[-157.8376, 21.28583]",False,32338747
"Honolulu, HI, United States",Waikiki,Primary Urban Center,Oahu,United States,US,Point,"[-157.83731, 21.28585]",False,32338760
"Honolulu, HI, United States",Honolulu,Primary Urban Center,Oahu,United States,US,Point,"[-157.83923, 21.28555]",False,32338783
"Honolulu, HI, United States",Waikiki,Primary Urban Center,Oahu,United States,US,Point,"[-157.8373, 21.28361]",False,32338886
"Honolulu, HI, United States",Waikiki,Primary Urban Center,Oahu,United States,US,Point,"[-157.83898, 21.28441]",False,32338915
"Honolulu, HI, United States",Oʻahu,Primary Urban Center,Oahu,United States,US,Point,"[-157.83987, 21.28632]",False,32339084
"Montréal, Québec, Canada",Le Plateau,Le Plateau-Mont-Royal,Montreal,Canada,CA,Point,"[-73.57839, 45.52113]",True,32340227
"Honolulu, HI, United States",South Shore,East Honolulu,Oahu,United States,US,Point,"[-157.66969, 21.29825]",False,32341628
"Hong Kong, Hong Kong Island, Hong Kong",Wan Chai,Wan Chai,Hong Kong,Hong Kong,HK,Point,"[114.17522, 22.27637]",False,32343800
"Barcelona, Catalunya, Spain",El Poble-sec,el Poble Sec,Barcelona,Spain,ES,Point,"[2.16757, 41.37354]",True,32351823
"Montréal, Québec, Canada",Le Plateau-Mont-Royal,Le Plateau-Mont-Royal,Montreal,Canada,CA,Point,"[-73.58574, 45.528]",True,32355490
"Bondi Beach, NSW, Australia",Bondi Beach,Waverley,Sydney,Australia,AU,Point,"[151.26621, -33.88746]",False,32361436
"Barcelona, Catalunya, Spain",Ciutat Vella,el Raval,Barcelona,Spain,ES,Point,"[2.165, 41.38294]",True,32362812
"Shenzhen, Guangdong, China",,North,Hong Kong,China,CN,Point,"[114.11222, 22.53885]",True,32369195
"Barcelona, Catalunya, Spain",La Sagrada Família,la Sagrada Família,Barcelona,Spain,ES,Point,"[2.17597, 41.40204]",True,32375230
"Beyoğlu, İstanbul, Turkey",Beyoglu,Beyoglu,Istanbul,Turkey,TR,Point,"[28.9862, 41.03397]",False,3237666
"Rio, Rio de Janeiro, Brazil",Laranjeiras,Laranjeiras,Rio De Janeiro,Brazil,BR,Point,"[-43.18351446845545, -22.931686079449907]",False,3237716
"Barcelona, Catalonia, Spain",La Verneda i La Pau,la Verneda i la Pau,Barcelona,Spain,ES,Point,"[2.20658, 41.4221]",True,3238474
"Kailua-Kona, HI, United States",Island of Hawaiʻi,North Kona,The Big Island,United States,US,Point,"[-155.96931, 19.5937]",False,32385079
"Denham Court, NSW, Australia",,Campbelltown,Sydney,Australia,AU,Point,"[150.81572, -33.98607]",False,32388469
"Barcelona, Catalunya, Spain",Sants-Montjuïc,Hostafrancs,Barcelona,Spain,ES,Point,"[2.1438, 41.37945]",True,32401490
"Hong Kong, Kowloon, Hong Kong",Yau Tsim Mong,Yau Tsim Mong,Hong Kong,Hong Kong,HK,Point,"[114.18397, 22.30222]",False,32418682
"İstanbul, İstanbul, Turkey",Şişli,Kagithane,Istanbul,Turkey,TR,Point,"[28.98768, 41.07305]",False,32432419
"Barcelona, Spain",Sants-Montjuïc,Hostafrancs,Barcelona,Spain,ES,Point,"[2.14369, 41.37684]",False,32433031
"Shenzhen Shi, Guangdong Sheng, China",,North,Hong Kong,China,CN,Point,"[114.11738, 22.5339]",True,32436791
"Beyoğlu, İstanbul, Turkey",Taksim,Beyoglu,Istanbul,Turkey,TR,Point,"[28.98155, 41.04062]",True,32445856
"Hong Kong Island, Hong Kong Island, Hong Kong",Wan Chai District,Wan Chai,Hong Kong,Hong Kong,HK,Point,"[114.19269, 22.27965]",False,32447033
"Barcelona, Catalunya, Spain",El Congrés i els Indians,el Congrés i els Indians,Barcelona,Spain,ES,Point,"[2.1833, 41.42559]",True,32454803
"Barcelona, Barcelona, Spain",Sants-Montjuïc,Hostafrancs,Barcelona,Spain,ES,Point,"[2.14329, 41.3712]",False,32456345
"Barcelona, Catalunya, Spain",Eixample,la Dreta de l'Eixample,Barcelona,Spain,ES,Point,"[2.16177, 41.39261]",True,32459348
"Barcelona, CT, Spain",Dreta de l'Eixample,la Dreta de l'Eixample,Barcelona,Spain,ES,Point,"[2.16326, 41.39322]",False,32462982
"Hong Kong, Hong Kong Island, Hong Kong",Sheung Wan,Central & Western,Hong Kong,Hong Kong,HK,Point,"[114.14682, 22.28654]",False,32476385
"Barcelona, Catalunya, Spain",El Raval,el Raval,Barcelona,Spain,ES,Point,"[2.17153, 41.37676]",False,32481559
"Hong Kong, Kowloon, Hong Kong",Kwun Tong,Kwun Tong,Hong Kong,Hong Kong,HK,Point,"[114.22419, 22.30975]",True,32481979
"Kailua-Kona, HI, United States",Island of Hawaiʻi,North Kona,The Big Island,United States,US,Point,"[-155.98617, 19.62605]",True,32503549
"Hong Kong, Kowloon, Hong Kong",Wong Tai Sin,Wong Tai Sin,Hong Kong,Hong Kong,HK,Point,"[114.18613, 22.33843]",False,32503574
"Hong Kong, Kowloon, Hong Kong",Jordan,Yau Tsim Mong,Hong Kong,Hong Kong,HK,Point,"[114.17083, 22.30637]",True,32510052
"Hong Kong, Kowloon, Hong Kong",Yau Tsim Mong,Yau Tsim Mong,Hong Kong,Hong Kong,HK,Point,"[114.17262, 22.29538]",True,32528492
"Barcelona, CT, Spain",Ciutat Vella,el Raval,Barcelona,Spain,ES,Point,"[2.16741, 41.37992]",False,32537967
"Istanbul, Turkey",Fatih,Fatih,Istanbul,Turkey,TR,Point,"[28.97989, 41.00463]",False,3254016
"Barcelona, Catalunya, Spain",Ciutat Vella,el Raval,Barcelona,Spain,ES,Point,"[2.16684, 41.38197]",True,32541101
"Barcelona, Barcelona, Spain",Eixample,la Dreta de l'Eixample,Barcelona,Spain,ES,Point,"[2.16075, 41.39643]",False,32546106
"Hilo, HI, United States",Island of Hawaiʻi,South Hilo,The Big Island,United States,US,Point,"[-155.06646, 19.70905]",True,32546244
"Montréal, Québec, Canada",Gay Village,Ville-Marie,Montreal,Canada,CA,Point,"[-73.55243, 45.52154]",True,32546486
"Montréal, Québec, Canada",Le Plateau,Le Plateau-Mont-Royal,Montreal,Canada,CA,Point,"[-73.57126, 45.51387]",True,32548455
"Hong Kong, New Territories, Hong Kong",,Tuen Mun,Hong Kong,Hong Kong,HK,Point,"[113.98952, 22.3768]",False,32603163
"Brooklyn, NY, United States",Brooklyn,Crown Heights,New York,United States,US,Point,"[-73.93122, 40.67658]",True,3261569
"Hong Kong, Kowloon, Hong Kong",Yau Tsim Mong,Yau Tsim Mong,Hong Kong,Hong Kong,HK,Point,"[114.16987, 22.32131]",True,32618302
"Barcelona, Catalunya, Spain",Ciutat Vella,el Raval,Barcelona,Spain,ES,Point,"[2.17075, 41.37559]",False,32636126
"Hong Kong, Kowloon, Hong Kong",Mong Kok,Yau Tsim Mong,Hong Kong,Hong Kong,HK,Point,"[114.16907, 22.32345]",True,32645900
"Hong Kong, Kowloon, Hong Kong",Sham Shui Po District,Sham Shui Po,Hong Kong,Hong Kong,HK,Point,"[114.1652, 22.32787]",True,32649235
"Montreal, QC, Canada",Hochelaga-Maisonneuve,Mercier-Hochelaga-Maisonneuve,Montreal,Canada,CA,Point,"[-73.54624, 45.54095]",False,32663016
"Esplugues de Llobregat, CT, Spain",Les Corts,la Maternitat i Sant Ramon,Barcelona,Spain,ES,Point,"[2.10189, 41.37747]",False,32663214
"Barcelona, Catalunya, Spain",El Raval,el Raval,Barcelona,Spain,ES,Point,"[2.16459, 41.38401]",True,32677257
"Hong Kong, Hong Kong Island, Hong Kong",Central,Central & Western,Hong Kong,Hong Kong,HK,Point,"[114.15492, 22.28064]",True,32678048
"Hong Kong, Hong Kong Island, Hong Kong",Central & Western District,Central & Western,Hong Kong,Hong Kong,HK,Point,"[114.15082, 22.28161]",True,32678211
"Kowloon, Kowloon, Hong Kong",Yau Tsim Mong,Yau Tsim Mong,Hong Kong,Hong Kong,HK,Point,"[114.17399, 22.29761]",False,32679285
"Barcelona, Catalunya, Spain",Eixample,la Nova Esquerra de l'Eixample,Barcelona,Spain,ES,Point,"[2.14959, 41.38251]",False,32679705
"Hong Kong, Hong Kong Island, Hong Kong",Central & Western District,Central & Western,Hong Kong,Hong Kong,HK,Point,"[114.13783, 22.28771]",True,32679910
"Montréal, QC, Canada",Rosemont-La Petite-Patrie,Rosemont-La Petite-Patrie,Montreal,Canada,CA,Point,"[-73.58714, 45.543]",False,32699333
"Hong Kong, Kowloon, Hong Kong",Tsim Sha Tsui,Yau Tsim Mong,Hong Kong,Hong Kong,HK,Point,"[114.17386, 22.30077]",False,32699393
"Honolulu, HI, United States",Honolulu,Primary Urban Center,Oahu,United States,US,Point,"[-157.83302, 21.28397]",True,32702406
"Hong Kong Island, Hong Kong Island, Hong Kong",Central & Western District,Central & Western,Hong Kong,Hong Kong,HK,Point,"[114.15296, 22.28168]",False,32707786
"Koloa, HI, United States",Kauaʻi,Koloa-Poipu,Kauai,United States,US,Point,"[-159.45168, 21.87386]",True,3270926
"Rio de Janeiro, Rio de Janeiro, Brazil",,Freguesia (Jacarepaguá),Rio De Janeiro,Brazil,BR,Point,"[-43.334599802734886, -22.93592510827873]",True,3271418
"Montréal, Québec, Canada",Notre-Dame-de-Grace,Côte-des-Neiges-Notre-Dame-de-Grâce,Montreal,Canada,CA,Point,"[-73.60753, 45.47747]",True,32715595
"Barcelona, Catalunya, Spain",El Camp de l'Arpa del Clot,el Camp de l'Arpa del Clot,Barcelona,Spain,ES,Point,"[2.18568, 41.41067]",True,32717275
"Shenzhen Shi, Guangdong Sheng, China",,North,Hong Kong,China,CN,Point,"[114.1191, 22.53595]",True,32727861
"Hong Kong, Kowloon, Hong Kong",Yau Tsim Mong,Yau Tsim Mong,Hong Kong,Hong Kong,HK,Point,"[114.17161, 22.3177]",True,32734009
"L'Hospitalet de Llobregat, CT, Spain",Sants-Montjuïc,Sants - Badal,Barcelona,Spain,ES,Point,"[2.12294, 41.37128]",False,32745053
"Kihei, HI, United States",Kihei/Wailea,Kihei-Makena,Maui,United States,US,Point,"[-156.44622, 20.70462]",True,32745518
"Montréal, Québec, Canada",Saint-Henri,Le Sud-Ouest,Montreal,Canada,CA,Point,"[-73.58284, 45.48047]",True,32746163
"Montréal, Québec, Canada",Le Plateau,Le Plateau-Mont-Royal,Montreal,Canada,CA,Point,"[-73.57206, 45.54042]",False,32748063
"Hong Kong, Kowloon, Hong Kong",Tsim Sha Tsui,Yau Tsim Mong,Hong Kong,Hong Kong,HK,Point,"[114.1732, 22.29912]",True,32752615
"Hong Kong, Kowloon, Hong Kong",Tsim Sha Tsui,Yau Tsim Mong,Hong Kong,Hong Kong,HK,Point,"[114.17182, 22.29733]",True,32759894
"Hong Kong, Kowloon, Hong Kong",Tsim Sha Tsui,Yau Tsim Mong,Hong Kong,Hong Kong,HK,Point,"[114.17779, 22.30183]",True,32761256
"Barcelona, CT, Spain",Sant Antoni,Sant Antoni,Barcelona,Spain,ES,Point,"[2.15819, 41.37534]",False,32774643
"Montréal, Québec, Canada",Le Plateau,Le Plateau-Mont-Royal,Montreal,Canada,CA,Point,"[-73.57461, 45.5134]",True,32798068
"Barcelona, CT, Spain",La Barceloneta,la Barceloneta,Barcelona,Spain,ES,Point,"[2.19137, 41.37849]",False,32805549
"Montréal, QC, Canada",Le Plateau-Mont-Royal,Le Plateau-Mont-Royal,Montreal,Canada,CA,Point,"[-73.58466, 45.53183]",False,32806919
"Montréal, Québec, Canada",Notre-Dame-de-Grace,Côte-des-Neiges-Notre-Dame-de-Grâce,Montreal,Canada,CA,Point,"[-73.61182, 45.47733]",False,32823084
"Barcelona, Catalunya, Spain",El Raval,el Raval,Barcelona,Spain,ES,Point,"[2.17338, 41.38057]",True,32829395
"Montréal, Québec, Canada",Cote-des-Neiges-Notre-Dame-de-Grace,Côte-des-Neiges-Notre-Dame-de-Grâce,Montreal,Canada,CA,Point,"[-73.60671, 45.47281]",True,32835270
"Montréal, Québec, Canada",Downtown Montreal,Ville-Marie,Montreal,Canada,CA,Point,"[-73.57981, 45.49305]",True,32838638
"Kailua-Kona, HI, United States",Island of Hawaiʻi,North Kona,The Big Island,United States,US,Point,"[-155.97238, 19.59781]",True,32838748
"Montréal, Québec, Canada",Downtown Montreal,Ville-Marie,Montreal,Canada,CA,Point,"[-73.57932, 45.49013]",True,32839070
"Dee Why, NSW, Australia",,Warringah,Sydney,Australia,AU,Point,"[151.29126, -33.7529]",False,32843905
"Hong Kong, Hong Kong",Yau Tsim Mong,Yau Tsim Mong,Hong Kong,Hong Kong,HK,Point,"[114.1693, 22.31121]",False,32847674
"Hong Kong, Kowloon, Hong Kong",Tsim Sha Tsui,Yau Tsim Mong,Hong Kong,Hong Kong,HK,Point,"[114.17602, 22.30238]",True,32856730
"Hong Kong, Kowloon, Hong Kong",Yau Tsim Mong,Yau Tsim Mong,Hong Kong,Hong Kong,HK,Point,"[114.16593, 22.30761]",True,32877018
"Hong Kong, Hong Kong Island, Hong Kong",Wan Chai District,Wan Chai,Hong Kong,Hong Kong,HK,Point,"[114.18394, 22.26972]",True,3288363
"Rio de Janeiro, Rio de Janeiro, Brazil",Recreio dos Bandeirantes,Recreio dos Bandeirantes,Rio De Janeiro,Brazil,BR,Point,"[-43.44788140018425, -23.01054142728607]",False,3288487
"Montréal, Québec, Canada",Downtown Montreal,Ville-Marie,Montreal,Canada,CA,Point,"[-73.57356, 45.49872]",True,32894465
"Montréal, QC, Canada",Pointe-Sainte-Charles,Le Sud-Ouest,Montreal,Canada,CA,Point,"[-73.5606, 45.47889]",False,32896330
"深圳市, 广东省, China",,North,Hong Kong,China,CN,Point,"[114.12917, 22.54134]",False,32928274
"深圳市, 广东省, China",,North,Hong Kong,China,CN,Point,"[114.11272, 22.53686]",False,32932316
"Hong Kong, Kowloon, Hong Kong",Mong Kok,Yau Tsim Mong,Hong Kong,Hong Kong,HK,Point,"[114.16922, 22.31764]",True,32933572
"Montréal, Québec, Canada",Le Plateau-Mont-Royal,Le Plateau-Mont-Royal,Montreal,Canada,CA,Point,"[-73.59153, 45.51793]",True,32934486
"Rio, Rio de Janeiro, Brazil",,Higienópolis,Rio De Janeiro,Brazil,BR,Point,"[-43.258999362820504, -22.877996653610207]",False,3293479
"太子, 九龍, Hong Kong",Mong Kok,Yau Tsim Mong,Hong Kong,Hong Kong,HK,Point,"[114.16696, 22.32478]",False,32948708
"Montréal, Québec, Canada",Villeray,Villeray-Saint-Michel-Parc-Extension,Montreal,Canada,CA,Point,"[-73.62216, 45.53712]",True,32958737
"Brooklyn, NY, United States",Brooklyn,Williamsburg,New York,United States,US,Point,"[-73.93938, 40.71596]",True,32969
"Istanbul, Istanbul Province, Turkey",Beyoglu,Beyoglu,Istanbul,Turkey,TR,Point,"[28.97804, 41.02616]",False,3301571
"Koloa, HI, United States",Kauaʻi,Koloa-Poipu,Kauai,United States,US,Point,"[-159.47392, 21.88166]",True,3308303
"Santa Teresa, Rio de Janeiro, Brazil",Santa Teresa,Santa Teresa,Rio De Janeiro,Brazil,BR,Point,"[-43.19478262863695, -22.92854412444802]",True,332150
"Barcelona, Catalonia, Spain",Ciutat Vella,el Raval,Barcelona,Spain,ES,Point,"[2.16607, 41.3784]",True,3322110
"Barcelona, Catalonia, Spain",Eixample,el Fort Pienc,Barcelona,Spain,ES,Point,"[2.18139, 41.4012]",True,333190
"Porto, Porto District, Portugal",,"Cedofeita, Ildefonso, Sé, Miragaia, Nicolau, Vitória",Porto,Portugal,PT,Point,"[-8.61746, 41.14905]",False,3332055
"İstanbul, İstanbul, Turkey",Beşiktaş,Besiktas,Istanbul,Turkey,TR,Point,"[29.00152, 41.04384]",False,3335550
"Kailua-Kona, HI, United States",Kailua/Kona,North Kona,The Big Island,United States,US,Point,"[-155.99142, 19.7183]",True,333624
"Istanbul, İstanbul, Turkey",Sultanahmet,Fatih,Istanbul,Turkey,TR,Point,"[28.97111, 41.00582]",False,3355353
"Rio de Janeiro, Rio de Janeiro, Brazil",Botafogo,Botafogo,Rio De Janeiro,Brazil,BR,Point,"[-43.18311802407714, -22.944907761773145]",True,336569
"Rio de Janeiro, Rio de Janeiro, Brazil",Lapa,Centro,Rio De Janeiro,Brazil,BR,Point,"[-43.17933302853201, -22.912516786694592]",False,3374964
"Brooklyn, NY, United States",Brooklyn,Williamsburg,New York,United States,US,Point,"[-73.94673, 40.70926]",True,3376567
"Montreal, QC, Canada",Downtown Montreal,Ville-Marie,Montreal,Canada,CA,Point,"[-73.56238, 45.50351]",True,3382961
"Istanbul / Beyoglu, Istanbul Province, Turkey",Cihangir,Beyoglu,Istanbul,Turkey,TR,Point,"[28.98076, 41.03062]",True,3383677
"Brooklyn, NY, United States",Brooklyn,Bushwick,New York,United States,US,Point,"[-73.90645, 40.69502]",True,3404472
"Istanbul, Istanbul Province, Turkey",Fatih,Fatih,Istanbul,Turkey,TR,Point,"[28.97592, 41.00884]",False,3410502
"Beşiktaş, İstanbul, Turkey",Beşiktaş,Besiktas,Istanbul,Turkey,TR,Point,"[29.03882, 41.06901]",False,34177
"New York, NY, United States",Manhattan,Upper East Side,New York,United States,US,Point,"[-73.95289, 40.77631]",False,342027
"Hilo, HI, United States",Island of Hawaiʻi,South Hilo,The Big Island,United States,US,Point,"[-155.09657, 19.71831]",True,342139
"Rio, Rio de Janeiro, Brazil",Copacabana,Copacabana,Rio De Janeiro,Brazil,BR,Point,"[-43.189715788928034, -22.9687851177226]",True,3427741
"Barcelona, Catalonia, Spain",Gràcia,la Vila de Gràcia,Barcelona,Spain,ES,Point,"[2.15749, 41.40111]",True,3432115
"Montreal, QC, Canada",Le Plateau-Mont-Royal,Le Plateau-Mont-Royal,Montreal,Canada,CA,Point,"[-73.57204, 45.53785]",True,3446689
"Copacabana, Rio de Janeiro, Brazil",Copacabana,Copacabana,Rio De Janeiro,Brazil,BR,Point,"[-43.174956775285985, -22.96375497300735]",True,3448897
"Hong Kong, Kowloon, Hong Kong",Mong Kok,Yau Tsim Mong,Hong Kong,Hong Kong,HK,Point,"[114.16955, 22.31899]",True,3458439
"Porto, Porto, Portugal",,"Cedofeita, Ildefonso, Sé, Miragaia, Nicolau, Vitória",Porto,Portugal,PT,Point,"[-8.60812, 41.15717]",False,3463465
"Porto, Porto, Portugal",,"Cedofeita, Ildefonso, Sé, Miragaia, Nicolau, Vitória",Porto,Portugal,PT,Point,"[-8.61215, 41.14234]",True,3464992
"Brooklyn, NY, United States",Clinton Hill,Bedford-Stuyvesant,New York,United States,US,Point,"[-73.95666, 40.68422]",True,3476105
"Barcelona, Catalonia, Spain",Gràcia,la Vila de Gràcia,Barcelona,Spain,ES,Point,"[2.16201, 41.40202]",True,3476107
"Lahaina, HI, United States",Westside,Lahaina,Maui,United States,US,Point,"[-156.67426, 20.87519]",True,347803
"Brooklyn, NY, United States",Williamsburg,Williamsburg,New York,United States,US,Point,"[-73.9464, 40.71184]",True,3485641
"Adalar, Istanbul Province, Turkey",,Adalar,Istanbul,Turkey,TR,Point,"[29.13313, 40.86722]",False,3494585
"Rio de Janeiro, Rio de Janeiro, Brazil",Ipanema,Ipanema,Rio De Janeiro,Brazil,BR,Point,"[-43.207665380656884, -22.981098379281594]",False,349618
"İstanbul, İstanbul, Turkey",Cihangir,Beyoglu,Istanbul,Turkey,TR,Point,"[28.98152, 41.03018]",False,3503965
"Montréal, Québec, Canada",La Petite-Patrie,Rosemont-La Petite-Patrie,Montreal,Canada,CA,Point,"[-73.58907, 45.54386]",True,3506859
"Istanbul, Istanbul Province, Turkey",Karaköy,Beyoglu,Istanbul,Turkey,TR,Point,"[28.97515, 41.0284]",False,3517150
"İstanbul, İstanbul, Turkey",Beyoglu,Beyoglu,Istanbul,Turkey,TR,Point,"[28.97755, 41.02669]",False,3517568
"Montreal, QC, Canada",Le Plateau-Mont-Royal,Le Plateau-Mont-Royal,Montreal,Canada,CA,Point,"[-73.60301, 45.52683]",True,3527622
"New York, NY, United States",Lower East Side,Lower East Side,New York,United States,US,Point,"[-73.99169, 40.72274]",True,3530395
"Montreal, QC, Canada",Rosemont-La Petite-Patrie,Rosemont-La Petite-Patrie,Montreal,Canada,CA,Point,"[-73.5743, 45.54794]",True,3532235
"Hong Kong, Kowloon, Hong Kong",Mong Kok,Yau Tsim Mong,Hong Kong,Hong Kong,HK,Point,"[114.16884, 22.3153]",True,3535812
"Barcelona, Catalunya, Spain",L'Antiga Esquerra de l'Eixample,l'Antiga Esquerra de l'Eixample,Barcelona,Spain,ES,Point,"[2.15268, 41.39029]",False,35379
"Montréal, Québec, Canada",Villeray,Villeray-Saint-Michel-Parc-Extension,Montreal,Canada,CA,Point,"[-73.63559, 45.54082]",True,3544397
"Queens, NY, United States",Forest Hills,Forest Hills,New York,United States,US,Point,"[-73.85433, 40.73334]",False,3544610
"Barcelona, Catalonia, Spain",Eixample,la Dreta de l'Eixample,Barcelona,Spain,ES,Point,"[2.17357, 41.38985]",True,3567993
"Barcelona, Catalonia, Spain",Eixample,l'Antiga Esquerra de l'Eixample,Barcelona,Spain,ES,Point,"[2.15547, 41.38736]",True,357958
"Brooklyn, NY, United States",Greenwood Heights,Sunset Park,New York,United States,US,Point,"[-73.99111, 40.66273]",True,3580577
"Montreal, QC, Canada",Downtown Montreal,Ville-Marie,Montreal,Canada,CA,Point,"[-73.58053, 45.49556]",True,3581676
"Montreal, QC, Canada",Mile End,Le Plateau-Mont-Royal,Montreal,Canada,CA,Point,"[-73.58662, 45.52098]",True,359969
"Istanbul, Istanbul Province, Turkey",Beşiktaş,Besiktas,Istanbul,Turkey,TR,Point,"[28.9983, 41.04882]",False,3602073
"Rio de Janeiro, Rio de Janeiro, Brazil",São Conrado,São Conrado,Rio De Janeiro,Brazil,BR,Point,"[-43.257535143699705, -22.994424168863947]",True,3616643
"Hong Kong, Kowloon, Hong Kong",Sham Shui Po,Sham Shui Po,Hong Kong,Hong Kong,HK,Point,"[114.16367, 22.32713]",True,3618467
"Kowloon, Tsim Sha Tsui, Hong Kong",Tsim Sha Tsui,Yau Tsim Mong,Hong Kong,Hong Kong,HK,Point,"[114.1738, 22.29841]",True,3631518
"Istanbul, Bayoğlu / Taksim, Turkey",Taksim,Beyoglu,Istanbul,Turkey,TR,Point,"[28.97635, 41.0358]",True,3632907
"Istanbul, Istanbul Province, Turkey",Beşiktaş,Besiktas,Istanbul,Turkey,TR,Point,"[29.03951, 41.08732]",False,3633808
"Istanbul, Istanbul Province, Turkey",Beyoglu,Beyoglu,Istanbul,Turkey,TR,Point,"[28.98766, 41.03476]",True,3640004
"Rio de Janeiro, Rio de Janeiro, Brazil",Barra da Tijuca,Barra da Tijuca,Rio De Janeiro,Brazil,BR,Point,"[-43.329621694878945, -23.011748074828937]",True,3654407
"Brooklyn, NY, United States",Brooklyn Navy Yard,Navy Yard,New York,United States,US,Point,"[-73.97666, 40.69839]",True,3675957
"Rio de Janeiro, Rio de Janeiro, Brazil",,Copacabana,Rio De Janeiro,Brazil,BR,Point,"[-43.18622068579519, -22.97155572586783]",False,369336
"Porto, Porto District, Portugal",,"Cedofeita, Ildefonso, Sé, Miragaia, Nicolau, Vitória",Porto,Portugal,PT,Point,"[-8.62033, 41.16287]",True,3729694
"Pyrmont, NSW, Australia",Pyrmont,Sydney,Sydney,Australia,AU,Point,"[151.18813, -33.86895]",True,3731634
"Barcelona, Barcelona, Spain",Dreta de l'Eixample,la Dreta de l'Eixample,Barcelona,Spain,ES,Point,"[2.17234, 41.39896]",False,3735449
"New York, NY, United States",Manhattan,Kips Bay,New York,United States,US,Point,"[-73.9801, 40.74213]",True,3760592
"İstanbul, İstanbul, Turkey",Kadıköy,Kadikoy,Istanbul,Turkey,TR,Point,"[29.06544, 40.98764]",False,3786402
"Hong Kong, Hong Kong Island, Hong Kong",Wan Chai District,Wan Chai,Hong Kong,Hong Kong,HK,Point,"[114.17626, 22.2764]",True,3798786
"Rio de Janeiro, Rio de Janeiro, Brazil",Ipanema,Ipanema,Rio De Janeiro,Brazil,BR,Point,"[-43.19914945166575, -22.986221877558727]",True,3800450
"Forest Hills, NY, United States",Forest Hills,Forest Hills,New York,United States,US,Point,"[-73.83982, 40.72356]",True,3812222
"Barcelona, Catalonia, Spain",Eixample,la Dreta de l'Eixample,Barcelona,Spain,ES,Point,"[2.1697, 41.39779]",True,3815305
"Porto, Porto District, Portugal",,Paranhos,Porto,Portugal,PT,Point,"[-8.59357, 41.17681]",True,3816200
"Barcelona, Cataluña, Catalonia, Spain",Horta-Guinardó,Can Baró,Barcelona,Spain,ES,Point,"[2.16005, 41.41757]",True,3855119
"New York, NY, United States",Upper West Side,Upper West Side,New York,United States,US,Point,"[-73.97531, 40.79254]",True,3876850
"Honolulu, HI, United States",Manoa,Primary Urban Center,Oahu,United States,US,Point,"[-157.81375, 21.30734]",True,3885090
"Kailua-Kona, HI, United States",Island of Hawaiʻi,North Kona,The Big Island,United States,US,Point,"[-155.98799, 19.64155]",True,3891064
"New York, NY, United States",Manhattan,Gramercy,New York,United States,US,Point,"[-73.98436, 40.7364]",True,3905849
"istanbul/avcılar/sosyal tesisler., İstanbul, Turkey",Taksim,Beyoglu,Istanbul,Turkey,TR,Point,"[28.9815, 41.03618]",False,3920340
"Vale de Cambra Municipality, Aveiro District, Portugal",,Roge,Porto,Portugal,PT,Point,"[-8.36017, 40.85437]",False,3920836
"Brooklyn, NY, United States",Williamsburg,Williamsburg,New York,United States,US,Point,"[-73.93906, 40.71494]",True,3930842
"New York, NY, United States",East Village,East Village,New York,United States,US,Point,"[-73.97898, 40.72509]",True,3930878
"Darlinghurst, NSW, Australia",Darlinghurst,Sydney,Sydney,Australia,AU,Point,"[151.22095, -33.87525]",True,3936009
"Petersham, NSW, Australia",Petersham,Marrickville,Sydney,Australia,AU,Point,"[151.15718, -33.8971]",True,394428
"New York, NY, United States",Upper West Side,Upper West Side,New York,United States,US,Point,"[-73.97513, 40.79407]",True,3952093
"New York, NY, United States",Manhattan,Harlem,New York,United States,US,Point,"[-73.94629, 40.82546]",True,3953585
"Honolulu, HI, United States",Aliamanu/Salt Lake/Foster Village,Primary Urban Center,Oahu,United States,US,Point,"[-157.92123, 21.35324]",True,3961051
"Brooklyn , NY, United States",Brooklyn,Bedford-Stuyvesant,New York,United States,US,Point,"[-73.93705, 40.68043]",False,3963635
"Montreal, QC, Canada",Downtown Montreal,Ville-Marie,Montreal,Canada,CA,Point,"[-73.56398, 45.50562]",True,3969482
"Rio de Janeiro, Rio de Janeiro, Brazil",Ipanema,Ipanema,Rio De Janeiro,Brazil,BR,Point,"[-43.20874666398996, -22.984881706786496]",True,3971325
"Queens, NY, United States",Sunnyside,Woodside,New York,United States,US,Point,"[-73.91172, 40.74433]",True,3975630
"Barcelona, Cataluña, Catalonia, Spain",Sant Andreu de Palomar,Sant Andreu,Barcelona,Spain,ES,Point,"[2.18584, 41.42925]",True,3996080
"Brooklyn, NY, United States",Bedford-Stuyvesant,Bedford-Stuyvesant,New York,United States,US,Point,"[-73.92754, 40.6835]",True,4000621
"Hong Kong, Kowloon, Hong Kong",Yau Tsim Mong,Yau Tsim Mong,Hong Kong,Hong Kong,HK,Point,"[114.16828, 22.3127]",False,4001099
"Barcelona, Catalonia, Spain",Gràcia,el Camp d'en Grassot i Gràcia Nova,Barcelona,Spain,ES,Point,"[2.16448, 41.40378]",False,4010246
"New York, NY, United States",Manhattan,Nolita,New York,United States,US,Point,"[-73.99351, 40.72322]",True,4016121
"Barcelona, Cataluña, Catalonia, Spain",el Fort Pienc,el Fort Pienc,Barcelona,Spain,ES,Point,"[2.18268, 41.40101]",True,4021526
"New York, NY, United States",Manhattan,Harlem,New York,United States,US,Point,"[-73.94117, 40.81586]",True,4025329
"Montréal, Québec, Canada",Le Plateau-Mont-Royal,Le Plateau-Mont-Royal,Montreal,Canada,CA,Point,"[-73.57516, 45.52557]",True,4025482
"New York, NY, United States",Manhattan,Washington Heights,New York,United States,US,Point,"[-73.94344, 40.83456]",True,4031809
"Montreal, QC, Canada",Villeray-Saint-Michel-Parc-Extension,Villeray-Saint-Michel-Parc-Extension,Montreal,Canada,CA,Point,"[-73.62986, 45.5462]",True,4037541
"Barcelona, Catalonia, Spain",El Raval,el Raval,Barcelona,Spain,ES,Point,"[2.16881, 41.38484]",True,4044871
"Santiago, Porto District, Portugal",,Melres e Medas,Porto,Portugal,PT,Point,"[-8.41225, 41.07471]",False,404688
"İstanbul, İstanbul, Turkey",Taksim,Beyoglu,Istanbul,Turkey,TR,Point,"[28.97532, 41.03754]",False,4049958
"Brooklyn, NY, United States",Brooklyn,Windsor Terrace,New York,United States,US,Point,"[-73.97985, 40.6501]",True,4052514
"İstanbul, İstanbul, Beyoğlu, Turkey",Beyoglu,Beyoglu,Istanbul,Turkey,TR,Point,"[28.9703, 41.02979]",False,4057320
"Honolulu, HI, United States",Honolulu,Primary Urban Center,Oahu,United States,US,Point,"[-157.83386, 21.28741]",True,4069429
"Centro, Rio de Janeiro, Brazil",Lapa,Centro,Rio De Janeiro,Brazil,BR,Point,"[-43.18497779513123, -22.91404061811117]",True,4074453
"Avalon, NSW, Australia",Avalon,Pittwater,Sydney,Australia,AU,Point,"[151.31844, -33.6258]",True,4076976
"Barcelona, Catalunya, Spain",Eixample,la Dreta de l'Eixample,Barcelona,Spain,ES,Point,"[2.17632, 41.38992]",True,4079030
"Montreal, QC, Canada",Le Plateau,Le Plateau-Mont-Royal,Montreal,Canada,CA,Point,"[-73.58044, 45.52639]",True,4081276
"Brooklyn, NY, United States",Brooklyn,Bedford-Stuyvesant,New York,United States,US,Point,"[-73.92516, 40.68634]",True,4083049
"Rio de Janeiro, Rio de Janeiro, Brazil",Copacabana,Copacabana,Rio De Janeiro,Brazil,BR,Point,"[-43.1921492247861, -22.98516807281203]",True,4088691
"Montréal, Québec, Canada",Downtown Montreal,Ville-Marie,Montreal,Canada,CA,Point,"[-73.56224, 45.51177]",True,4091190
"Porto, Porto District, Portugal",,"Cedofeita, Ildefonso, Sé, Miragaia, Nicolau, Vitória",Porto,Portugal,PT,Point,"[-8.6193, 41.15005]",True,4116934
"Queens, NY, United States",Forest Hills,Forest Hills,New York,United States,US,Point,"[-73.84915, 40.71293]",True,4120182
"Ryde, NSW, Australia",Putney,Ryde,Sydney,Australia,AU,Point,"[151.10404, -33.81454]",False,4138110
"New Territories, Hong Kong, Shatin, Hong Kong",,Sha Tin,Hong Kong,Hong Kong,HK,Point,"[114.18769, 22.38403]",True,4138543
"Istanbul, Istanbul Province, Turkey",Taksim,Beyoglu,Istanbul,Turkey,TR,Point,"[28.9839, 41.03577]",False,4144356
"Montreal, QC, Canada",Old Montreal,Ville-Marie,Montreal,Canada,CA,Point,"[-73.54972, 45.51148]",True,4150719
"Barcelona, CT, Spain",Eixample,la Dreta de l'Eixample,Barcelona,Spain,ES,Point,"[2.1678, 41.3964]",False,4150857
"Clovelly, NSW, Australia",Clovelly,Randwick,Sydney,Australia,AU,Point,"[151.25943, -33.91216]",True,4158278
"Rozelle, NSW, Australia",Lilyfield/Rozelle,Leichhardt,Sydney,Australia,AU,Point,"[151.17121, -33.8672]",True,4164487
"Brooklyn, NY, United States",Brooklyn,Crown Heights,New York,United States,US,Point,"[-73.93995, 40.67599]",True,4178152
"Porto, Porto District, Portugal",,"Cedofeita, Ildefonso, Sé, Miragaia, Nicolau, Vitória",Porto,Portugal,PT,Point,"[-8.60452, 41.1498]",True,4178954
"Beşiktaş, İstanbul, Turkey",Beşiktaş,Besiktas,Istanbul,Turkey,TR,Point,"[29.00335, 41.04515]",False,4181852
"Montreal, QC, Canada",Rosemont-La Petite-Patrie,Rosemont-La Petite-Patrie,Montreal,Canada,CA,Point,"[-73.60561, 45.53702]",False,4183200
"İstanbul, İstanbul, Turkey",Şişli,Kagithane,Istanbul,Turkey,TR,Point,"[28.97489, 41.07008]",False,4185995
"New York, NY, United States",Manhattan,Inwood,New York,United States,US,Point,"[-73.9262, 40.86496]",True,4194010
"New York, NY, United States",Manhattan,Greenwich Village,New York,United States,US,Point,"[-73.99782, 40.73293]",False,4204302
"Queens, NY, United States",Queens,Ditmars Steinway,New York,United States,US,Point,"[-73.90735, 40.76989]",True,4211510
"New York, NY, United States",Washington Heights,Washington Heights,New York,United States,US,Point,"[-73.93771, 40.84261]",True,4217268
"Queens, NY, United States",Astoria,Astoria,New York,United States,US,Point,"[-73.9181, 40.76396]",True,423275
"Barcelona, Catalunya, Spain",Ciutat Vella,el Raval,Barcelona,Spain,ES,Point,"[2.17429, 41.37949]",True,424137
"Beyoğlu, İstanbul, Turkey",Beyoglu,Beyoglu,Istanbul,Turkey,TR,Point,"[28.9717, 41.03411]",False,4241384
"New York, NY, United States",Manhattan,East Village,New York,United States,US,Point,"[-73.98638, 40.72685]",True,4241486
"Montreal, QC, Canada",Rosemont-La Petite-Patrie,Rosemont-La Petite-Patrie,Montreal,Canada,CA,Point,"[-73.61356, 45.53664]",True,4270866
"İstanbul, Beyoğlu, İstanbul, Turkey",Beyoglu,Beyoglu,Istanbul,Turkey,TR,Point,"[28.9848, 41.03532]",False,4272447
"Haleiwa, HI, United States",North Shore,North Shore Oahu,Oahu,United States,US,Point,"[-158.03732, 21.67469]",True,4294289
"Honolulu, HI, United States",Honolulu,Primary Urban Center,Oahu,United States,US,Point,"[-157.82848, 21.28388]",True,4297256
"Montreal, QC, Canada",Rosemont-La Petite-Patrie,Rosemont-La Petite-Patrie,Montreal,Canada,CA,Point,"[-73.59929, 45.53949]",True,4304899
"Pāhoa, HI, United States",Island of Hawaiʻi,Puna,The Big Island,United States,US,Point,"[-155.12106, 19.46408]",True,4318532
"Hong Kong, Hong Kong Island, Hong Kong",Wan Chai,Wan Chai,Hong Kong,Hong Kong,HK,Point,"[114.17167, 22.27577]",True,4318601
"Brooklyn, NY, United States",Brooklyn,South Slope,New York,United States,US,Point,"[-73.98603, 40.6631]",True,4334446
"Vila Nova de Gaia, Porto, Portugal",,Mafamude e Vilar do Paraíso,Porto,Portugal,PT,Point,"[-8.60796, 41.11735]",True,4348703
"Barcelona, Barcelona, Spain",Dreta de l'Eixample,la Dreta de l'Eixample,Barcelona,Spain,ES,Point,"[2.16624, 41.38972]",True,4354142
"Montréal, Québec, Canada",Villeray-Saint-Michel-Parc-Extension,Villeray-Saint-Michel-Parc-Extension,Montreal,Canada,CA,Point,"[-73.63042, 45.54122]",True,4354262
"Brooklyn, NY, United States",Bedford-Stuyvesant,Bedford-Stuyvesant,New York,United States,US,Point,"[-73.93678, 40.68288]",True,4365756
"Shengwan  , Hong Kong Island, Hong Kong",Central & Western District,Central & Western,Hong Kong,Hong Kong,HK,Point,"[114.1494, 22.2866]",False,4372254
"Bondi, NSW, Australia",Bondi,Waverley,Sydney,Australia,AU,Point,"[151.25919, -33.89548]",True,4373803
"Rio de Janeiro, RJ, Brazil",Copacabana,Copacabana,Rio De Janeiro,Brazil,BR,Point,"[-43.1913291489288, -22.98060647760853]",False,4374881
"Hawi, HI, United States",North Kohala,North Kohala,The Big Island,United States,US,Point,"[-155.83107, 20.22868]",True,4379799
"Rio de Janeiro, State of Rio de Janeiro, Brazil",Copacabana,Copacabana,Rio De Janeiro,Brazil,BR,Point,"[-43.1893698671319, -22.981425499358917]",True,4382487
"Kahuku, HI, United States",Windward Side,Koolauloa,Oahu,United States,US,Point,"[-157.99561, 21.70217]",True,438923
"Ko Olina, HI, United States",Oʻahu,Ewa,Oahu,United States,US,Point,"[-158.11857, 21.34238]",True,4404740
"Koloa, HI, United States",Kauaʻi,Koloa-Poipu,Kauai,United States,US,Point,"[-159.44572, 21.87303]",True,440924
"Kalapana, HI, United States",Island of Hawaiʻi,Puna,The Big Island,United States,US,Point,"[-154.97038, 19.37529]",True,4412422
"Bronte, NSW, Australia",Bronte,Waverley,Sydney,Australia,AU,Point,"[151.26419, -33.9063]",True,4413137
"Queens, NY, United States",Hillcrest,Jamaica Estates,New York,United States,US,Point,"[-73.80324, 40.71873]",True,4430808
"İstanbul- Kadıkoy, İstanbul, Turkey",Kadıköy,Kadikoy,Istanbul,Turkey,TR,Point,"[29.07092, 40.97311]",False,4441805
"Koloa, HI, United States",Kauaʻi,Koloa-Poipu,Kauai,United States,US,Point,"[-159.45878, 21.87711]",True,4447107
"Newtown, NSW, Australia",Newtown/Enmore,Marrickville,Sydney,Australia,AU,Point,"[151.17503, -33.89421]",True,4448723
"Captain Cook, HI, United States",Kailua/Kona,South Kona,The Big Island,United States,US,Point,"[-155.90776, 19.49818]",True,4449066
"İstanbul, Turkey",Beyoglu,Beyoglu,Istanbul,Turkey,TR,Point,"[28.98541, 41.03466]",False,4450120
"Montreal, QC, Canada",Old Montreal,Ville-Marie,Montreal,Canada,CA,Point,"[-73.55123, 45.50898]",True,4451485
"Hong Kong, Kowloon, Hong Kong",Mong Kok,Yau Tsim Mong,Hong Kong,Hong Kong,HK,Point,"[114.16784, 22.31363]",False,4454553
"İstanbul, İstanbul, Turkey",Şişli,Sisli,Istanbul,Turkey,TR,Point,"[28.98366, 41.05326]",False,4458669
"Tin Hau, North Point, Hong Kong",Eastern District,Wan Chai,Hong Kong,Hong Kong,HK,Point,"[114.19244, 22.28376]",True,4466635
"Rio de Janeiro, Rio de Janeiro, Brazil",Copacabana,Copacabana,Rio De Janeiro,Brazil,BR,Point,"[-43.17487359186984, -22.965717412570328]",False,4467174
"Bondi Beach, NSW, Australia",Bondi Beach,Waverley,Sydney,Australia,AU,Point,"[151.27845, -33.88935]",True,4471162
"Elizabeth Bay, NSW, Australia",Elizabeth Bay/Rushcutters Bay,Sydney,Sydney,Australia,AU,Point,"[151.22854, -33.87062]",True,4499095
"Bondi Beach, NSW, Australia",Bondi Beach,Waverley,Sydney,Australia,AU,Point,"[151.2714, -33.89096]",True,4502957
"Hong Kong, Kowloon, Hong Kong",Wong Tai Sin,Kowloon City,Hong Kong,Hong Kong,HK,Point,"[114.18767, 22.33007]",True,4505004
"Hong Kong, Hung Hom Bay, Hong Kong",Kowloon City,Kowloon City,Hong Kong,Hong Kong,HK,Point,"[114.18597, 22.30315]",False,4505019
"İstanbul, Istanbul, Turkey",Beyoglu,Beyoglu,Istanbul,Turkey,TR,Point,"[28.99186, 41.03731]",False,4514503
"Montréal, Québec, Canada",La Petite-Patrie,Rosemont-La Petite-Patrie,Montreal,Canada,CA,Point,"[-73.59822, 45.53578]",True,4515942
"New York, NY, United States",Upper East Side,Upper East Side,New York,United States,US,Point,"[-73.94962, 40.77936]",True,4523435
"Darlington, NSW, Australia",Darlington,Sydney,Sydney,Australia,AU,Point,"[151.19735, -33.88964]",True,4532525
"Kailua, HI, United States",Kailua,Koolaupoko,Oahu,United States,US,Point,"[-157.74379, 21.39782]",True,4532565
"Montreal, QC, Canada",Le Plateau-Mont-Royal,Le Plateau-Mont-Royal,Montreal,Canada,CA,Point,"[-73.58116, 45.53207]",True,454593
"Montreal, QC, Canada",Rosemont-La Petite-Patrie,Rosemont-La Petite-Patrie,Montreal,Canada,CA,Point,"[-73.60357, 45.53253]",True,4555069
"Kahuku, HI, United States",Oʻahu,Koolauloa,Oahu,United States,US,Point,"[-157.99543, 21.69992]",True,4556650
"New York, NY, United States",Manhattan,Hell's Kitchen,New York,United States,US,Point,"[-73.99241, 40.76575]",True,4563401
"New York, NY, United States",East Harlem,East Harlem,New York,United States,US,Point,"[-73.93324, 40.79846]",True,4565981
"İstanbul, Istanbul, Turkey",Beyoglu,Beyoglu,Istanbul,Turkey,TR,Point,"[28.98671, 41.03338]",False,4573398
"New York, NY, United States",East Village,East Village,New York,United States,US,Point,"[-73.98811, 40.72917]",True,457829
"Captain Cook, HI, United States",Island of Hawaiʻi,South Kona,The Big Island,United States,US,Point,"[-155.882, 19.44303]",True,4580916
"Barcelona, Catalunya, Spain",Ciutat Vella,el Barri Gòtic,Barcelona,Spain,ES,Point,"[2.17544, 41.38026]",False,4586762
"Bondi Beach, NSW, Australia",Bondi Beach,Waverley,Sydney,Australia,AU,Point,"[151.27, -33.88736]",False,4589874
"Rio de Janeiro, State of Rio de Janeiro, Brazil",Del Castilho,Del Castilho,Rio De Janeiro,Brazil,BR,Point,"[-43.266950628919275, -22.87535477564589]",True,4591790
"Hong Kong, Hong Kong, Mong Kok, Hong Kong",Mong Kok,Yau Tsim Mong,Hong Kong,Hong Kong,HK,Point,"[114.17136, 22.32017]",True,4593396
"Porto,, Porto District, Portugal",,"Cedofeita, Ildefonso, Sé, Miragaia, Nicolau, Vitória",Porto,Portugal,PT,Point,"[-8.63437, 41.1593]",True,4603224
"New York, NY, United States",Manhattan,East Village,New York,United States,US,Point,"[-73.98405, 40.73023]",True,4609521
"İstanbul, İstanbul, Turkey",Beyoglu,Beyoglu,Istanbul,Turkey,TR,Point,"[28.98563, 41.03243]",False,4619231
"Maia, Porto, Portugal",,Cidade da Maia,Porto,Portugal,PT,Point,"[-8.61409, 41.22563]",False,4620058
"Rio de Janeiro, State of Rio de Janeiro, Brazil",Laranjeiras,Laranjeiras,Rio De Janeiro,Brazil,BR,Point,"[-43.191228426649324, -22.938548968351878]",True,4621190
"Montreal, QC, Canada",Le Plateau,Le Plateau-Mont-Royal,Montreal,Canada,CA,Point,"[-73.58146, 45.52104]",True,4621926
"Rio de Janeiro, Rio de Janeiro, Brazil",,Praça Seca,Rio De Janeiro,Brazil,BR,Point,"[-43.34985884309783, -22.901240859120584]",True,462902
"Haleiwa, HI, United States",Oʻahu,North Shore Oahu,Oahu,United States,US,Point,"[-158.05243, 21.66324]",True,4642565
"Beyoğlu, İstanbul, Turkey",Beyoglu,Beyoglu,Istanbul,Turkey,TR,Point,"[28.98636, 41.03352]",False,4652482
"Hong Kong, Kowloon, Hong Kong",Tsim Sha Tsui,Yau Tsim Mong,Hong Kong,Hong Kong,HK,Point,"[114.17565, 22.30115]",True,4657865
"New York, NY, United States",East Village,East Village,New York,United States,US,Point,"[-73.9795, 40.7257]",True,4659046
"Montreal, QC, Canada",Notre-Dame-de-Grace,Côte-des-Neiges-Notre-Dame-de-Grâce,Montreal,Canada,CA,Point,"[-73.60695, 45.46834]",True,46626
"Brooklyn, NY, United States",Brooklyn,Williamsburg,New York,United States,US,Point,"[-73.94643, 40.7111]",True,466277
"Rio de Janeiro, Rio de Janeiro, Brazil",Leblon,Leblon,Rio De Janeiro,Brazil,BR,Point,"[-43.22493379425124, -22.982624718390255]",True,4667913
"New York, NY, United States",Midtown,Hell's Kitchen,New York,United States,US,Point,"[-73.9895, 40.76663]",True,4686678
"Montréal, Québec, Canada",Villeray-Saint-Michel-Parc-Extension,Villeray-Saint-Michel-Parc-Extension,Montreal,Canada,CA,Point,"[-73.61843, 45.54413]",True,4688573
"Montréal, Québec, Canada",Verdun,Verdun,Montreal,Canada,CA,Point,"[-73.56921, 45.46612]",False,4692378
"Istanbul, Istanbul, Turkey",Beşiktaş,Besiktas,Istanbul,Turkey,TR,Point,"[29.0418, 41.06678]",True,469638
"Brooklyn, NY, United States",Sunset Park,Sunset Park,New York,United States,US,Point,"[-74.01714, 40.64009]",False,4699061
"New York, NY, United States",Chelsea,Chelsea,New York,United States,US,Point,"[-74.00455, 40.74703]",False,4709568
"Barcelona, Catalunya, Spain",Ciutat Vella,el Raval,Barcelona,Spain,ES,Point,"[2.17583, 41.37649]",True,4725257
"Rio de Janeiro, Rio de Janeiro, Brazil",Copacabana,Copacabana,Rio De Janeiro,Brazil,BR,Point,"[-43.183055580810034, -22.966597231660884]",False,4734514
"Montréal, Québec, Canada",Le Plateau-Mont-Royal,Le Plateau-Mont-Royal,Montreal,Canada,CA,Point,"[-73.58346, 45.53606]",True,4737477
"İstanbul, İstanbul, Turkey",Sultanahmet,Fatih,Istanbul,Turkey,TR,Point,"[28.97018, 41.0068]",False,4740503
"S. Tomé de Negrelos, Santo Tirso, Porto, Portugal",,Negrelos (São Tomé),Porto,Portugal,PT,Point,"[-8.41116, 41.3477]",False,4742607
"Montréal, Québec, Canada",Cote-des-Neiges-Notre-Dame-de-Grace,Côte-des-Neiges-Notre-Dame-de-Grâce,Montreal,Canada,CA,Point,"[-73.63456, 45.49939]",True,4743645
"Hong Kong, Hong Kong Island, Hong Kong",Wan Chai,Wan Chai,Hong Kong,Hong Kong,HK,Point,"[114.17852, 22.27763]",True,4755673
"Kapolei, HI, United States",Makakilo/Kapolei/Honokai Hale,Ewa,Oahu,United States,US,Point,"[-158.1217, 21.33616]",True,4758009
"Rio de Janeiro, Rio de Janeiro, Brazil",Leme,Leme,Rio De Janeiro,Brazil,BR,Point,"[-43.1692965156276, -22.963912030346837]",False,4761793
"Montréal, Québec, Canada",Le Plateau-Mont-Royal,Le Plateau-Mont-Royal,Montreal,Canada,CA,Point,"[-73.57354, 45.53081]",True,4766440
"New York, NY, United States",Harlem,Harlem,New York,United States,US,Point,"[-73.94392, 40.82537]",True,476983
"Rio de Janeiro, RJ, Brazil",Laranjeiras,Laranjeiras,Rio De Janeiro,Brazil,BR,Point,"[-43.19144219127161, -22.93776591171072]",False,4773338
"Ewa Beach, HI, United States",Leeward Side,Ewa,Oahu,United States,US,Point,"[-157.99245, 21.31449]",True,4774436
"Brooklyn, NY, United States",Lefferts Garden,Prospect-Lefferts Gardens,New York,United States,US,Point,"[-73.9537, 40.65713]",False,4774629
"Brooklyn, NY, United States",Brooklyn,Williamsburg,New York,United States,US,Point,"[-73.96367, 40.71217]",True,4774924
"Padstow, NSW, Australia",Padstow,Bankstown,Sydney,Australia,AU,Point,"[151.03495, -33.96209]",True,4776488
"Rio de Janeiro, Rio de Janeiro, Brazil",Copacabana,Copacabana,Rio De Janeiro,Brazil,BR,Point,"[-43.19288647832656, -22.98525512891079]",True,4776811
"Austin, kowloon, Hong Kong",Yau Tsim Mong,Yau Tsim Mong,Hong Kong,Hong Kong,HK,Point,"[114.17739, 22.30361]",False,4778098
"Laie, HI, United States",Oʻahu,Koolauloa,Oahu,United States,US,Point,"[-157.91973, 21.64754]",True,4778849
"New York, NY, United States",Chinatown,Two Bridges,New York,United States,US,Point,"[-73.99403, 40.71137]",True,478053
"Rio de Janeiro, Rio de Janeiro, Brazil",Leblon,Leblon,Rio De Janeiro,Brazil,BR,Point,"[-43.227183255355556, -22.98536600315653]",False,4790136
"Brooklyn, NY, United States",Lefferts Garden,Prospect-Lefferts Gardens,New York,United States,US,Point,"[-73.95936, 40.65627]",True,4790969
"Dollard-des-Ormeaux, Québec, Canada",Dollard-des-Ormeaux,Dollard-des-Ormeaux,Montreal,Canada,CA,Point,"[-73.80381, 45.49052]",True,4792875
"Kowloon, Jordan, Yau Ma Tei, Tsim Sha Tsui, Austin, Kowloon, Hong Kong",Yau Tsim Mong,Yau Tsim Mong,Hong Kong,Hong Kong,HK,Point,"[114.16578, 22.3081]",True,4797773
"Rio de Janeiro, Rio de Janeiro, Brazil",Humaitá,Humaitá,Rio De Janeiro,Brazil,BR,Point,"[-43.20185859128582, -22.959753248500455]",False,4798216
"Rio de Janeiro, Rio de Janeiro, Brazil",Santa Teresa,Santa Teresa,Rio De Janeiro,Brazil,BR,Point,"[-43.180708857529716, -22.921838779943485]",True,4798749
"Rio de Janeiro, Rio de Janeiro, Brazil",Botafogo,Botafogo,Rio De Janeiro,Brazil,BR,Point,"[-43.19527492250779, -22.952226638860164]",True,4800611
"Montréal, Québec, Canada",Rosemont-La Petite-Patrie,Rosemont-La Petite-Patrie,Montreal,Canada,CA,Point,"[-73.6077, 45.53854]",True,4802877
"Brooklyn, NY, United States",Brooklyn,Windsor Terrace,New York,United States,US,Point,"[-73.97947, 40.64865]",True,4807244
"Rose bay , NSW, Australia",North Bondi,Waverley,Sydney,Australia,AU,Point,"[151.27153, -33.87859]",False,4816450
"New York, NY, United States",Upper West Side,Upper West Side,New York,United States,US,Point,"[-73.97414, 40.79228]",True,4823910
"İstanbul, istanbul, Turkey",Sultanahmet,Fatih,Istanbul,Turkey,TR,Point,"[28.97782, 41.01419]",False,4826466
"Brooklyn, NY, United States",Brooklyn,Fort Greene,New York,United States,US,Point,"[-73.97875, 40.68834]",True,482765
"Rio de Janeiro, RJ, Brazil",Ipanema,Ipanema,Rio De Janeiro,Brazil,BR,Point,"[-43.20256262652219, -22.9863327988552]",True,48305
"Rio de Janeiro, Rio de Janeiro, Brazil",Copacabana,Copacabana,Rio De Janeiro,Brazil,BR,Point,"[-43.18539442074947, -22.967822306725132]",False,4838721
"Kamuela, HI, United States",Island of Hawaiʻi,South Kohala,The Big Island,United States,US,Point,"[-155.85925, 19.94608]",True,4840020
"Montréal, Québec, Canada",Verdun,Verdun,Montreal,Canada,CA,Point,"[-73.57497, 45.46518]",True,4840858
"Rio de Janeiro, RJ, Brazil",Copacabana,Copacabana,Rio De Janeiro,Brazil,BR,Point,"[-43.19227750435189, -22.9850441757955]",True,484267
"Barcelona, Catalonia, Spain",Eixample,la Sagrada Família,Barcelona,Spain,ES,Point,"[2.17517, 41.40227]",True,484390
"İstanbul, İstanbul, Turkey",Beyoglu,Beyoglu,Istanbul,Turkey,TR,Point,"[28.97492, 41.03739]",True,4846619
"Kapaa, HI, United States",Kauaʻi,Kapaa-Wailua,Kauai,United States,US,Point,"[-159.32053, 22.06449]",True,4856244
"Rio de Janeiro, Rio de Janeiro, Brazil",Tijuca,Tijuca,Rio De Janeiro,Brazil,BR,Point,"[-43.240687342821936, -22.933982007346295]",True,486337
"Montréal, Québec, Canada",Le Plateau,Le Plateau-Mont-Royal,Montreal,Canada,CA,Point,"[-73.5777, 45.52375]",True,4865672
"İstanbul, İstanbul, Turkey",Taksim,Beyoglu,Istanbul,Turkey,TR,Point,"[28.99034, 41.03599]",False,4870358
"Bilgola Plateau, NSW, Australia",Avalon,Pittwater,Sydney,Australia,AU,Point,"[151.31998, -33.64825]",True,4872526
"Rio de Janeiro, Rio de Janeiro, Brazil",Copacabana,Copacabana,Rio De Janeiro,Brazil,BR,Point,"[-43.18762322712818, -22.973476307102754]",True,4875052
"Queens, NY, United States",Astoria,Astoria,New York,United States,US,Point,"[-73.92493, 40.77029]",True,4885595
"Queens, NY, United States",Long Island City,Long Island City,New York,United States,US,Point,"[-73.94712, 40.74741]",True,4887250
"Porto, Grande Porto, Portugal",,"Cedofeita, Ildefonso, Sé, Miragaia, Nicolau, Vitória",Porto,Portugal,PT,Point,"[-8.60669, 41.14853]",True,4889801
"Montréal, Québec, Canada",Mile End,Le Plateau-Mont-Royal,Montreal,Canada,CA,Point,"[-73.58779, 45.52304]",True,4894520
"Porto, Porto, Portugal",,"Cedofeita, Ildefonso, Sé, Miragaia, Nicolau, Vitória",Porto,Portugal,PT,Point,"[-8.62362, 41.16075]",True,4898509
"Rio de Janeiro, Rio de Janeiro, Brazil",Leblon,Leblon,Rio De Janeiro,Brazil,BR,Point,"[-43.22620317989102, -22.983939895931087]",True,490098
"Barcelona, CT, Spain",Ciutat Vella,la Barceloneta,Barcelona,Spain,ES,Point,"[2.19017, 41.37572]",False,4901235
"Rio de Janeiro, Rio de Janeiro, Brazil",Leblon,Leblon,Rio De Janeiro,Brazil,BR,Point,"[-43.22646361977887, -22.982480566105338]",True,4902451
"Montréal, Québec, Canada",Le Plateau-Mont-Royal,Le Plateau-Mont-Royal,Montreal,Canada,CA,Point,"[-73.59452, 45.5274]",True,4906949
"Rio de Janeiro, Rio de Janeiro, Brazil",Copacabana,Copacabana,Rio De Janeiro,Brazil,BR,Point,"[-43.18988836219794, -22.974900031194963]",True,4915245
"Manly, NSW, Australia",Manly,Manly,Sydney,Australia,AU,Point,"[151.28582, -33.79526]",True,4919014
"Rio de Janeiro, Rio de Janeiro, Brazil",Copacabana,Copacabana,Rio De Janeiro,Brazil,BR,Point,"[-43.19017673407163, -22.96554937276806]",True,4924343
"Karaköy, İstanbul İli, Turkey",Beyoglu,Beyoglu,Istanbul,Turkey,TR,Point,"[28.97436, 41.02473]",False,4940063
"rio de janeiro, rio de janeiro, Brazil",Lapa,Centro,Rio De Janeiro,Brazil,BR,Point,"[-43.18677729197896, -22.914330266994046]",False,4951001
"New York, NY, United States",Manhattan,Upper West Side,New York,United States,US,Point,"[-73.97502, 40.78936]",True,4951402
"Brooklyn, NY, United States",Brooklyn,Crown Heights,New York,United States,US,Point,"[-73.94993, 40.66585]",True,4952989
"Brooklyn, NY, United States",Bedford-Stuyvesant,Bedford-Stuyvesant,New York,United States,US,Point,"[-73.93141, 40.68306]",True,4957358
"Hong Kong Island, Hong Kong Island, Hong Kong",Mid-Levels,Central & Western,Hong Kong,Hong Kong,HK,Point,"[114.1459, 22.28451]",False,4962247
"Bakırköy, İstanbul, Turkey",,Bakirkoy,Istanbul,Turkey,TR,Point,"[28.86276, 40.97677]",True,4962894
"Rio de Janeiro, Rio de Janeiro, Brazil",Laranjeiras,Laranjeiras,Rio De Janeiro,Brazil,BR,Point,"[-43.19422109364074, -22.942947850019745]",False,4964534
"Rio de Janeiro, Rio de Janeiro, Brazil",Santa Teresa,Santa Teresa,Rio De Janeiro,Brazil,BR,Point,"[-43.183030059163414, -22.91708439783365]",False,4974771
"Rio de Janeiro, Rio de Janeiro, Brazil",Copacabana,Copacabana,Rio De Janeiro,Brazil,BR,Point,"[-43.18818960438212, -22.972908704965956]",True,4987188
"Rio de Janeiro, Rio de Janeiro, Brazil",Copacabana,Copacabana,Rio De Janeiro,Brazil,BR,Point,"[-43.18073167675713, -22.967602566301853]",True,4995138
"Matosinhos, Porto, Portugal",,Matosinhos e Leça da Palmeira,Porto,Portugal,PT,Point,"[-8.67484, 41.17878]",True,5008643
"Kensington, NSW, Australia",Kensington,Randwick,Sydney,Australia,AU,Point,"[151.22421, -33.90264]",False,501382
"New York, NY, United States",Manhattan,Upper West Side,New York,United States,US,Point,"[-73.9624, 40.7952]",True,501693
"Rio de Janeiro, Rio de Janeiro, Brazil",Lagoa,Lagoa,Rio De Janeiro,Brazil,BR,Point,"[-43.20359812683914, -22.9606390215596]",False,5018276
"Beyoğlu, İstanbul, Turkey",Taksim,Beyoglu,Istanbul,Turkey,TR,Point,"[28.98026, 41.0366]",True,5020358
"Brooklyn, NY, United States",Prospect Heights,Prospect Heights,New York,United States,US,Point,"[-73.96514, 40.67824]",True,5029573
"Barcelona, CT, Spain",Gràcia,la Vila de Gràcia,Barcelona,Spain,ES,Point,"[2.15593, 41.40772]",False,5037632
"Sheung Wan, Hong Kong",Central & Western District,Central & Western,Hong Kong,Hong Kong,HK,Point,"[114.14835, 22.28356]",True,505456
"Barcelona, Catalunya, Spain",Eixample,l'Antiga Esquerra de l'Eixample,Barcelona,Spain,ES,Point,"[2.15241, 41.38763]",True,5068892
"Istanbul, Istanbul, Turkey",Şişli,Sisli,Istanbul,Turkey,TR,Point,"[28.99464, 41.05794]",True,507117
"Hong Kong, New Territories, Hong Kong",,Islands,Hong Kong,Hong Kong,HK,Point,"[113.99935, 22.26925]",True,5071941
"Hung Hom, Hong Kong, Kowloon, Hong Kong",Kowloon City,Kowloon City,Hong Kong,Hong Kong,HK,Point,"[114.188, 22.31132]",False,5075775
"Barcelona, BARCELONA, Spain",Sarrià-Sant Gervasi,Sant Gervasi - Galvany,Barcelona,Spain,ES,Point,"[2.15114, 41.39751]",True,5080547
"Montréal, Qc, Canada",Rosemont-La Petite-Patrie,Rosemont-La Petite-Patrie,Montreal,Canada,CA,Point,"[-73.57252, 45.55383]",False,5083829
"Rio de Janeiro, Rio de Janeiro, Brazil",Jardim Botânico,Jardim Botânico,Rio De Janeiro,Brazil,BR,Point,"[-43.21860860011489, -22.963689440522636]",False,5084164
"Rio de Janeiro, Rio de Janeiro, Brazil",Leblon,Leblon,Rio De Janeiro,Brazil,BR,Point,"[-43.221427297607, -22.982019663050377]",True,5093778
"New York, NY, United States",Manhattan,Kips Bay,New York,United States,US,Point,"[-73.98146, 40.73951]",True,510454
"Barcelona, Catalonia, Spain",Sant Andreu,el Congrés i els Indians,Barcelona,Spain,ES,Point,"[2.18061, 41.42255]",True,510923
"Hong Kong, Kowloon, Hong Kong",Mong Kok,Yau Tsim Mong,Hong Kong,Hong Kong,HK,Point,"[114.16996, 22.31637]",True,5110775
"Barcelona, Catalunya, Spain",Eixample,la Nova Esquerra de l'Eixample,Barcelona,Spain,ES,Point,"[2.14853, 41.38583]",True,5112669
"Brooklyn, NY, United States",Brooklyn,Bedford-Stuyvesant,New York,United States,US,Point,"[-73.93183, 40.68699]",True,5114347
"Bondi Beach, NSW, Australia",Bondi Beach,Waverley,Sydney,Australia,AU,Point,"[151.27341, -33.89185]",False,5116907
"Barcelona, Catalunya, Spain",Eixample,la Dreta de l'Eixample,Barcelona,Spain,ES,Point,"[2.17556, 41.39651]",True,5121635
"New York, NY, United States",East Harlem,East Harlem,New York,United States,US,Point,"[-73.95211, 40.78744]",True,5122899
"New York, NY, United States",Manhattan,East Village,New York,United States,US,Point,"[-73.98316, 40.72982]",True,5127131
"Istanbul, Istanbul Province, Turkey",Şişli,Sisli,Istanbul,Turkey,TR,Point,"[28.984, 41.06262]",False,516720
"Beşiktaş, İstanbul, Turkey",Beşiktaş,Besiktas,Istanbul,Turkey,TR,Point,"[29.01282, 41.04655]",False,5169814
"Beyoglu, İstanbul, Turkey",Beyoglu,Beyoglu,Istanbul,Turkey,TR,Point,"[28.97214, 41.03206]",False,5170796
"Dorval, Québec, Canada",Dorval,Dorval,Montreal,Canada,CA,Point,"[-73.74464, 45.43823]",True,5172371
"Brooklyn, NY, United States",Brooklyn,Williamsburg,New York,United States,US,Point,"[-73.94084, 40.71577]",True,517626
"Rio de Janeiro, Rio de Janeiro, Brazil",Santa Teresa,Laranjeiras,Rio De Janeiro,Brazil,BR,Point,"[-43.1990506005056, -22.934702609506576]",True,5177481
"Newtown, NSW, Australia",Newtown/Enmore,Marrickville,Sydney,Australia,AU,Point,"[151.17768, -33.90101]",True,5178277
"İstanbul, İstanbul, Turkey",Karaköy,Beyoglu,Istanbul,Turkey,TR,Point,"[28.97398, 41.02792]",False,5186683
"Barcelona, Catalunya, Spain",La Nova Esquerra de l'Eixample,la Nova Esquerra de l'Eixample,Barcelona,Spain,ES,Point,"[2.14731, 41.37872]",False,5189747
"Rio de Janeiro, Rio de Janeiro, Brazil",Leblon,Leblon,Rio De Janeiro,Brazil,BR,Point,"[-43.22194982909297, -22.98362152345008]",True,5192553
"Haleiwa, HI, United States",North Shore,North Shore Oahu,Oahu,United States,US,Point,"[-158.05093, 21.66184]",True,5194434
"深水埗, Kowloon, Hong Kong",Sham Shui Po District,Sham Shui Po,Hong Kong,Hong Kong,HK,Point,"[114.16336, 22.33237]",False,5208678
"Hong Kong, Hong Kong Island, Hong Kong",Central & Western District,Central & Western,Hong Kong,Hong Kong,HK,Point,"[114.15154, 22.28518]",False,5222986
"Darlinghurst, NSW, Australia",Darlinghurst,Sydney,Sydney,Australia,AU,Point,"[151.21498, -33.87438]",True,5224098
"New York, NY, United States",Upper East Side,Upper East Side,New York,United States,US,Point,"[-73.94768, 40.77828]",True,5247202
"Barcelona, Catalonia, Spain",Eixample,la Sagrada Família,Barcelona,Spain,ES,Point,"[2.1705, 41.40248]",True,524729
"Captain Cook, HI, United States",Island of Hawaiʻi,South Kona,The Big Island,United States,US,Point,"[-155.87575, 19.31694]",True,5249793
"Volcano, HI, United States",Island of Hawaiʻi,Puna,The Big Island,United States,US,Point,"[-155.21657, 19.4274]",True,5250762
"New York, NY, United States",Manhattan,West Village,New York,United States,US,Point,"[-74.00644, 40.73226]",True,5259407
"Brooklyn, NY, United States",Brooklyn,Williamsburg,New York,United States,US,Point,"[-73.96411, 40.71698]",True,5260247
"Kailua, HI, United States",Oʻahu,Koolaupoko,Oahu,United States,US,Point,"[-157.72285, 21.37126]",True,5262710
"Porto, Porto, Portugal",,"Cedofeita, Ildefonso, Sé, Miragaia, Nicolau, Vitória",Porto,Portugal,PT,Point,"[-8.60486, 41.14914]",False,5283892
"Kapolei, HI, United States",Makakilo/Kapolei/Honokai Hale,Ewa,Oahu,United States,US,Point,"[-158.12301, 21.33528]",True,5288332
"New York, NY, United States",Manhattan,Financial District,New York,United States,US,Point,"[-74.00952, 40.70457]",True,5298896
"Brooklyn, NY, United States",Williamsburg,Williamsburg,New York,United States,US,Point,"[-73.93793, 40.70429]",True,5305619
"Honolulu, HI, United States",Diamond Head/Kapahulu/St. Louis Heights,Primary Urban Center,Oahu,United States,US,Point,"[-157.80855, 21.29373]",True,5307830
"Barcelona, Catalunya, Spain",Dreta de l'Eixample,la Dreta de l'Eixample,Barcelona,Spain,ES,Point,"[2.16373, 41.39035]",True,5313939
"Brooklyn, NY, United States",Brooklyn,Brooklyn Heights,New York,United States,US,Point,"[-73.99396, 40.70224]",True,5315955
"Montréal, Québec, Canada",Downtown Montreal,Ville-Marie,Montreal,Canada,CA,Point,"[-73.56358, 45.50053]",True,5327223
"New York, NY, United States",Manhattan,Nolita,New York,United States,US,Point,"[-73.9944, 40.72184]",True,533168
"Barcelona, Catalunya, Spain",Ciutat Vella,la Barceloneta,Barcelona,Spain,ES,Point,"[2.18867, 41.38192]",True,5345273
"Bondi Beach, NSW, Australia",Bondi Beach,Waverley,Sydney,Australia,AU,Point,"[151.27107, -33.88748]",True,5347035
"Lahaina, HI, United States",Maui,Lahaina,Maui,United States,US,Point,"[-156.67752, 20.97515]",True,535213
"İstanbul, İstanbul, Turkey",Kadıköy,Maltepe,Istanbul,Turkey,TR,Point,"[29.10061, 40.95071]",False,5357380
"İstanbul, İstanbul, Turkey",Şişli,Sisli,Istanbul,Turkey,TR,Point,"[28.99959, 41.07211]",False,5361777
"Istanbul, Istanbul, Turkey",Taksim,Beyoglu,Istanbul,Turkey,TR,Point,"[28.97471, 41.03703]",True,536526
"Barcelona, Barcelona, Spain",Sarrià,Sarrià,Barcelona,Spain,ES,Point,"[2.12178, 41.39184]",True,5365791
"Rio de Janeiro, Rio de Janeiro, Brazil",Flamengo,Flamengo,Rio De Janeiro,Brazil,BR,Point,"[-43.17557404295421, -22.938719402532804]",False,5370935
"Montreal, QC, Canada",Villeray-Saint-Michel-Parc-Extension,Villeray-Saint-Michel-Parc-Extension,Montreal,Canada,CA,Point,"[-73.6202, 45.54]",True,539140
"Montréal, Québec, Canada",Outremont,Outremont,Montreal,Canada,CA,Point,"[-73.61774, 45.51685]",True,5400643
"Barcelona, Catalunya, Spain",Ciutat Vella,el Raval,Barcelona,Spain,ES,Point,"[2.17378, 41.38047]",False,5404095
"Montréal, Québec, Canada",Rosemont-La Petite-Patrie,Rosemont-La Petite-Patrie,Montreal,Canada,CA,Point,"[-73.61217, 45.53679]",True,5406311
"Barcelona, Catalunya, Spain",Sants-Montjuïc,Sants,Barcelona,Spain,ES,Point,"[2.13395, 41.37575]",True,5407374
"Brooklyn, NY, United States",Brooklyn,South Slope,New York,United States,US,Point,"[-73.98754, 40.66832]",True,5410897
"New York, NY, United States",Manhattan,Greenwich Village,New York,United States,US,Point,"[-74.00125, 40.72937]",True,5434150
"Pāhoa, HI, United States",Island of Hawaiʻi,Puna,The Big Island,United States,US,Point,"[-154.93097, 19.39376]",True,543962
"New York, NY, United States",Hell's Kitchen,Hell's Kitchen,New York,United States,US,Point,"[-73.99039, 40.76387]",True,5447255
"Hong Kong, Hong Kong Island, Hong Kong",Causeway Bay,Wan Chai,Hong Kong,Hong Kong,HK,Point,"[114.19261, 22.27843]",False,5448834
"Hong Kong, Kowloon, Hong Kong",Yau Tsim Mong,Yau Tsim Mong,Hong Kong,Hong Kong,HK,Point,"[114.17432, 22.29935]",True,5449320
"Brooklyn, NY, United States",Brooklyn,Crown Heights,New York,United States,US,Point,"[-73.96359, 40.67736]",True,5451463
"İstanbul, İstanbul, Turkey",Beyoglu,Beyoglu,Istanbul,Turkey,TR,Point,"[28.97704, 41.02656]",False,5451782
"Hong Kong, Hong Kong Island, Hong Kong",Central & Western District,Central & Western,Hong Kong,Hong Kong,HK,Point,"[114.12848, 22.28276]",True,545658
"Glebe, NSW, Australia",Glebe,Sydney,Sydney,Australia,AU,Point,"[151.18474, -33.88085]",True,5461928
"Honolulu, HI, United States",Honolulu,Primary Urban Center,Oahu,United States,US,Point,"[-157.8269, 21.27855]",True,5464028
"Waverley, NSW, Australia",Waverly,Waverley,Sydney,Australia,AU,Point,"[151.25696, -33.90026]",True,5469086
"Montréal, Québec, Canada",Downtown Montreal,Ville-Marie,Montreal,Canada,CA,Point,"[-73.55648, 45.5222]",False,5469770
"Bondi Beach, NSW, Australia",Bondi Beach,Waverley,Sydney,Australia,AU,Point,"[151.27039, -33.89401]",True,5482864
"Montréal, QC, Canada",Rivière-des-Prairies-Pointe-aux-Trembles,Rivière-des-Prairies-Pointe-aux-Trembles,Montreal,Canada,CA,Point,"[-73.55388, 45.65692]",True,5505414
"Queenscliff, NSW, Australia",Manly,Warringah,Sydney,Australia,AU,Point,"[151.27983, -33.78158]",True,5511614
"New York, NY, United States",Lower East Side,Lower East Side,New York,United States,US,Point,"[-73.98975, 40.71788]",True,552141
"Bondi, NSW, Australia",Bondi,Waverley,Sydney,Australia,AU,Point,"[151.27095, -33.89523]",True,5549057
"İstanbul, İstanbul, Turkey",Beyoglu,Eyup,Istanbul,Turkey,TR,Point,"[28.94779, 41.06752]",False,5551051
"Rio de Janeiro, Rio de Janeiro, Brazil",Centro,Centro,Rio De Janeiro,Brazil,BR,Point,"[-43.18826350057249, -22.916629528368336]",True,5554583
"İstanbul, İstanbul, Turkey",Şişli,Sisli,Istanbul,Turkey,TR,Point,"[28.98934, 41.0524]",True,5555181
"Istanbul, Istanbul Province, Turkey",Şişli,Sisli,Istanbul,Turkey,TR,Point,"[28.98788, 41.04251]",False,555588
"New York, NY, United States",Manhattan,West Village,New York,United States,US,Point,"[-74.0049, 40.72861]",True,55737
"Kadıköy, İstanbul, Turkey",Kadıköy,Kadikoy,Istanbul,Turkey,TR,Point,"[29.02755, 40.99005]",False,5574192
"Montréal, Québec, Canada",Verdun,Verdun,Montreal,Canada,CA,Point,"[-73.57322, 45.46587]",True,5579838
"Clareville, NSW, Australia",Avalon,Pittwater,Sydney,Australia,AU,Point,"[151.30595, -33.63665]",True,5581269
"Rouse Hill, NSW, Australia",,The Hills Shire,Sydney,Australia,AU,Point,"[150.92642, -33.68862]",True,5604994
"Montréal, Québec, Canada",Le Plateau-Mont-Royal,Le Plateau-Mont-Royal,Montreal,Canada,CA,Point,"[-73.58567, 45.53355]",True,5617551
"Montréal, QC, Canada",Le Plateau,Le Plateau-Mont-Royal,Montreal,Canada,CA,Point,"[-73.58346, 45.52199]",True,5618084
"Honolulu, HI, United States",Oʻahu,Primary Urban Center,Oahu,United States,US,Point,"[-157.83355, 21.28496]",True,5621357
"Montréal, QC, Canada",Mile End,Rosemont-La Petite-Patrie,Montreal,Canada,CA,Point,"[-73.61105, 45.53177]",False,5621724
"Porto, Porto, Portugal",,"Cedofeita, Ildefonso, Sé, Miragaia, Nicolau, Vitória",Porto,Portugal,PT,Point,"[-8.61359, 41.14142]",True,562251
"Barcelona, Catalunya, Spain",L'Antiga Esquerra de l'Eixample,l'Antiga Esquerra de l'Eixample,Barcelona,Spain,ES,Point,"[2.15468, 41.39078]",True,5624887
"Princeville, HI, United States",Kauaʻi,North Shore Kauai,Kauai,United States,US,Point,"[-159.48517, 22.21416]",False,5640127
"Rosebery, NSW, Australia",Rosebery,Sydney,Sydney,Australia,AU,Point,"[151.19935, -33.91907]",True,5642546
"Rio de Janeiro, Rio de Janeiro, Brazil",Copacabana,Copacabana,Rio De Janeiro,Brazil,BR,Point,"[-43.190085214942066, -22.975486285711714]",True,564564
"Rio de Janeiro, Rio de Janeiro, Brazil",Copacabana,Copacabana,Rio De Janeiro,Brazil,BR,Point,"[-43.18883359835319, -22.974949853421453]",True,564578
"Matosinhos, Porto, Portugal",,Matosinhos e Leça da Palmeira,Porto,Portugal,PT,Point,"[-8.69054, 41.18144]",False,5650901
"Porto, Porto, Portugal",,"Cedofeita, Ildefonso, Sé, Miragaia, Nicolau, Vitória",Porto,Portugal,PT,Point,"[-8.61362, 41.14363]",True,5652195
"Mosman, NSW, Australia",Mosman,Mosman,Sydney,Australia,AU,Point,"[151.23796, -33.82529]",True,5712086
"Leça da Palmeira, Porto, Portugal",,Matosinhos e Leça da Palmeira,Porto,Portugal,PT,Point,"[-8.6983, 41.1898]",False,571382
"İstanbul, İstanbul, Turkey",Beyoglu,Beyoglu,Istanbul,Turkey,TR,Point,"[28.9791, 41.02703]",False,5716802
"Hk, 香港島, Hong Kong",Causeway Bay,Wan Chai,Hong Kong,Hong Kong,HK,Point,"[114.18994, 22.28163]",False,5725151
"Rio de Janeiro / Copacabana , Rio de Janeiro, Brazil",Copacabana,Copacabana,Rio De Janeiro,Brazil,BR,Point,"[-43.17930699462975, -22.963560904332823]",True,573086
"Hong Kong, Kowloon, Hong Kong",Yau Tsim Mong,Yau Tsim Mong,Hong Kong,Hong Kong,HK,Point,"[114.17421, 22.29647]",True,5734122
"Brooklyn, NY, United States",Brooklyn,Bedford-Stuyvesant,New York,United States,US,Point,"[-73.9501, 40.68586]",True,573671
"Verdun, QC, Canada",Verdun,Verdun,Montreal,Canada,CA,Point,"[-73.57016, 45.46865]",True,573924
"İstanbul, İstanbul, Turkey",,Maltepe,Istanbul,Turkey,TR,Point,"[29.13291, 40.96894]",False,5739687
"Istanbul, Istanbul, Turkey",,Sariyer,Istanbul,Turkey,TR,Point,"[29.04244, 41.16357]",True,575662
"Surry Hills, NSW, Australia",Surry Hills,Sydney,Sydney,Australia,AU,Point,"[151.21042, -33.88716]",True,5763156
"Santa Maria Da Feira, Aveiro, Portugal",,Argoncilhe,Porto,Portugal,PT,Point,"[-8.53543, 41.01075]",True,577242
"Princeville, HI, United States",Kauaʻi,North Shore Kauai,Kauai,United States,US,Point,"[-159.47583, 22.22235]",True,578396
"New York, NY, United States",Manhattan,Nolita,New York,United States,US,Point,"[-73.99469, 40.72102]",True,5806416
"Rio de Janeiro, Rio de Janeiro, Brazil",Barra da Tijuca,Barra da Tijuca,Rio De Janeiro,Brazil,BR,Point,"[-43.35713332585941, -23.00981234873527]",True,5814254
"Barcelona, Catalonia, Spain",Sarrià-Sant Gervasi,el Putxet i el Farró,Barcelona,Spain,ES,Point,"[2.1465, 41.40914]",False,582364
"Montréal, Québec, Canada",Rosemont-La Petite-Patrie,Rosemont-La Petite-Patrie,Montreal,Canada,CA,Point,"[-73.58781, 45.54516]",True,5825251
"Freshwater, NSW, Australia",Manly,Warringah,Sydney,Australia,AU,Point,"[151.28435, -33.77788]",False,5837702
"beşiktaş, İstanbul, Turkey",Beşiktaş,Besiktas,Istanbul,Turkey,TR,Point,"[29.00368, 41.04538]",False,5849291
"New York, NY, United States",Manhattan,West Village,New York,United States,US,Point,"[-74.00649, 40.73015]",False,5850712
"Vaucluse, NSW, Australia",Vaucluse/Watsons Bay,Woollahra,Sydney,Australia,AU,Point,"[151.28369, -33.84986]",False,5862093
"İstanbul, İstanbul, Turkey",Kadıköy,Maltepe,Istanbul,Turkey,TR,Point,"[29.10222, 40.95533]",False,5883037
"Captain Cook, HI, United States",Island of Hawaiʻi,South Kona,The Big Island,United States,US,Point,"[-155.87272, 19.44949]",True,59066
"Princeville, HI, United States",Kauaʻi,North Shore Kauai,Kauai,United States,US,Point,"[-159.47668, 22.22111]",True,591106
"Newtown, NSW, Australia",Newtown/Enmore,Marrickville,Sydney,Australia,AU,Point,"[151.17661, -33.89798]",True,5923031
"Brooklyn, NY, United States",Brooklyn,Clinton Hill,New York,United States,US,Point,"[-73.96713, 40.68963]",True,5925343
"Brooklyn, NY, United States",Brooklyn Navy Yard,Fort Greene,New York,United States,US,Point,"[-73.97296, 40.69634]",True,5926953
"Barcelona, Catalunya, Spain",Sants-Montjuïc,el Poble Sec,Barcelona,Spain,ES,Point,"[2.16065, 41.37281]",True,5927726
"İstanbul, İstanbul, Turkey",Şişli,Sisli,Istanbul,Turkey,TR,Point,"[28.99809, 41.07002]",False,5940548
"Honolulu, HI, United States",Honolulu,Primary Urban Center,Oahu,United States,US,Point,"[-157.82133, 21.27299]",False,5960384
"Madalena, Porto, Portugal",,Madalena,Porto,Portugal,PT,Point,"[-8.65398, 41.10336]",False,5979282
"Haleiwa, HI, United States",Oʻahu,North Shore Oahu,Oahu,United States,US,Point,"[-158.07724, 21.62495]",True,5980264
"Brooklyn, NY, United States",Williamsburg,Williamsburg,New York,United States,US,Point,"[-73.95376, 40.72203]",True,598612
"Princeville, HI, United States",Kauaʻi,North Shore Kauai,Kauai,United States,US,Point,"[-159.47621, 22.22149]",True,5986898
"Porto, Porto, Portugal",,Bonfim,Porto,Portugal,PT,Point,"[-8.59516, 41.14703]",True,598806
"Darlinghurst, NSW, Australia",Darlinghurst,Sydney,Sydney,Australia,AU,Point,"[151.2215, -33.8777]",True,5993432
"Porto, Porto District, Portugal",,Lordelo do Ouro e Massarelos,Porto,Portugal,PT,Point,"[-8.66262, 41.15473]",False,6004502
"Haleiwa, HI, United States",North Shore,North Shore Oahu,Oahu,United States,US,Point,"[-158.05491, 21.65628]",True,6006340
"Montréal, Québec, Canada",Le Plateau,Ville-Marie,Montreal,Canada,CA,Point,"[-73.56102, 45.53163]",True,6006815
"Kaaawa, HI, United States",Oʻahu,Koolauloa,Oahu,United States,US,Point,"[-157.8525, 21.55567]",True,6007552
"New York, NY, United States",Manhattan,East Village,New York,United States,US,Point,"[-73.98854, 40.7254]",True,6026166
"New York, NY, United States",Brooklyn,Bedford-Stuyvesant,New York,United States,US,Point,"[-73.94774, 40.68242]",False,6027345
"New York, NY, United States",Manhattan,Upper East Side,New York,United States,US,Point,"[-73.95815, 40.76985]",True,602888
"Manly, NSW, Australia",Manly,Manly,Sydney,Australia,AU,Point,"[151.2893, -33.80398]",False,6033723
"Balmain, NSW, Australia",Balmain/Birchgrove,Leichhardt,Sydney,Australia,AU,Point,"[151.1853, -33.85496]",True,6036714
"Sydney, NSW, Australia",Central Business District,Sydney,Sydney,Australia,AU,Point,"[151.20315, -33.86748]",True,6046461
"Maroubra, NSW, Australia",Maroubra,Randwick,Sydney,Australia,AU,Point,"[151.23723, -33.94079]",True,6055546
"New York, NY, United States",Manhattan,Lower East Side,New York,United States,US,Point,"[-73.9867, 40.7208]",True,6064471
"Bondi, NSW, Australia",Bondi,Waverley,Sydney,Australia,AU,Point,"[151.26439, -33.89715]",False,6066694
"Galata / Beyoglu, Istanbul, Turkey",Beyoglu,Beyoglu,Istanbul,Turkey,TR,Point,"[28.97331, 41.02671]",False,6068649
"Hong Kong, Hong Kong Island, Hong Kong",Central & Western District,Central & Western,Hong Kong,Hong Kong,HK,Point,"[114.145, 22.28742]",True,6080522
"Kailua-Kona, HI, United States",Island of Hawaiʻi,North Kona,The Big Island,United States,US,Point,"[-155.9606, 19.56696]",True,608097
"Fatih, İstanbul, Turkey",Fatih,Fatih,Istanbul,Turkey,TR,Point,"[28.97492, 41.00276]",False,6081771
"New York, NY, United States",Manhattan,Hell's Kitchen,New York,United States,US,Point,"[-73.99198, 40.76017]",True,6100514
"Sultanahmet / Fatih / İstanbul, Turkey",Fatih,Fatih,Istanbul,Turkey,TR,Point,"[28.97919, 41.00527]",True,6105504
"Brooklyn, NY, United States",Brooklyn,Gowanus,New York,United States,US,Point,"[-73.99648, 40.67376]",True,610596
"Pāhoa, HI, United States",Island of Hawaiʻi,Puna,The Big Island,United States,US,Point,"[-154.94919, 19.4425]",True,6106370
"Montréal, Québec, Canada",Quartier des Spectacles,Ville-Marie,Montreal,Canada,CA,Point,"[-73.56992, 45.50806]",True,6119840
"New York, NY, United States",Manhattan,Tribeca,New York,United States,US,Point,"[-74.01171, 40.71655]",True,613556
"Montréal, Québec, Canada",Mercier-Hochelaga-Maisonneuve,Mercier-Hochelaga-Maisonneuve,Montreal,Canada,CA,Point,"[-73.53857, 45.57354]",True,6140179
"Porto, Portugal",,"Aldoar, Foz do Douro e Nevogilde",Porto,Portugal,PT,Point,"[-8.67004, 41.15048]",True,6143305
"Brooklyn, NY, United States",Brooklyn,East Flatbush,New York,United States,US,Point,"[-73.93376, 40.64944]",True,6146081
"Sai Kung District, New Territories, Hong Kong",,Sai Kung,Hong Kong,Hong Kong,HK,Point,"[114.26488, 22.36998]",True,6147746
"Barcelona, Catalunya, Spain",Camp d'en Grassot i Gràcia Nova,el Camp d'en Grassot i Gràcia Nova,Barcelona,Spain,ES,Point,"[2.16621, 41.4075]",True,6152624
"Balmain, NSW, Australia",Balmain/Birchgrove,Leichhardt,Sydney,Australia,AU,Point,"[151.18079, -33.86093]",True,6170899
"Brooklyn, NY, United States",Brooklyn,Crown Heights,New York,United States,US,Point,"[-73.96073, 40.66746]",True,6171211
"New York, NY, United States",Manhattan,Lower East Side,New York,United States,US,Point,"[-73.9867, 40.71526]",True,6180741
"Wailuku. Maui, HI, United States",Maui,Kihei-Makena,Maui,United States,US,Point,"[-156.50749, 20.79501]",True,6183610
"Barcelona, Catalunya, Spain",Ciutat Vella,el Raval,Barcelona,Spain,ES,Point,"[2.1709, 41.38069]",True,6184600
"Montréal, QC, Canada",Le Plateau-Mont-Royal,Le Plateau-Mont-Royal,Montreal,Canada,CA,Point,"[-73.58404, 45.53647]",False,6185608
"Redfern, NSW, Australia",Surry Hills,Sydney,Sydney,Australia,AU,Point,"[151.20558, -33.88953]",True,6201263
"İstanbul, İstanbul, Turkey",Beşiktaş,Besiktas,Istanbul,Turkey,TR,Point,"[28.99775, 41.04632]",False,6214138
"Brooklyn, NY, United States",Brooklyn,Williamsburg,New York,United States,US,Point,"[-73.94214, 40.7137]",True,6216318
"Brooklyn, NY, United States",Brooklyn,Williamsburg,New York,United States,US,Point,"[-73.96048, 40.71479]",True,6225501
"Montréal, Québec, Canada",Le Plateau-Mont-Royal,Le Plateau-Mont-Royal,Montreal,Canada,CA,Point,"[-73.57445, 45.50679]",True,6227387
"Coogee, NSW, Australia",Coogee,Randwick,Sydney,Australia,AU,Point,"[151.25448, -33.92631]",True,6228208
"Vila Nova de Gaia, Porto, Portugal",,Santa Marinha e São Pedro da Afurada,Porto,Portugal,PT,Point,"[-8.62223, 41.12516]",False,6233015
"İstanbul, İstanbul, Turkey",Kadıköy,Kadikoy,Istanbul,Turkey,TR,Point,"[29.04182, 40.99783]",False,6235805
"Honolulu, HI, United States",Honolulu,Primary Urban Center,Oahu,United States,US,Point,"[-157.83263, 21.28713]",True,6240880
"Istanbul, Nisantasi / Sisli, Turkey",Şişli,Sisli,Istanbul,Turkey,TR,Point,"[28.99212, 41.05568]",False,6242962
"Montréal, Québec, Canada",Verdun,Verdun,Montreal,Canada,CA,Point,"[-73.57572, 45.45667]",False,6243157
"Brooklyn, NY, United States",Williamsburg,Williamsburg,New York,United States,US,Point,"[-73.93782, 40.71475]",True,6246681
"Brooklyn, NY, United States",Park Slope,Park Slope,New York,United States,US,Point,"[-73.98116, 40.66936]",True,6252815
"Montreal, QC, Canada",Quartier des Spectacles,Ville-Marie,Montreal,Canada,CA,Point,"[-73.56976, 45.50811]",True,6257961
"Honolulu, HI, United States",Honolulu,Primary Urban Center,Oahu,United States,US,Point,"[-157.82002, 21.27606]",True,6262269
"New York, NY, United States",Manhattan,Theater District,New York,United States,US,Point,"[-73.98435, 40.76295]",True,6262536
"New York, NY, United States",Lower East Side,Lower East Side,New York,United States,US,Point,"[-73.98435, 40.7175]",True,6262821
"Beyoğlu, İstanbul, Turkey",Karaköy,Beyoglu,Istanbul,Turkey,TR,Point,"[28.97155, 41.0311]",False,6264804
"İstanbul, İstanbul, Turkey",Taksim,Sisli,Istanbul,Turkey,TR,Point,"[28.98409, 41.04284]",False,6265781
"Brooklyn, NY, United States",Brooklyn,Williamsburg,New York,United States,US,Point,"[-73.93734, 40.7137]",True,6269517
"FLUSHING, NY, United States",Queens,Flushing,New York,United States,US,Point,"[-73.82004, 40.75717]",True,6269968
"New York, NY, United States",Manhattan,Upper West Side,New York,United States,US,Point,"[-73.96495, 40.80179]",True,6270767
"Istanbul , Sariyer, Turkey",Beşiktaş,Besiktas,Istanbul,Turkey,TR,Point,"[29.04583, 41.08498]",False,6272817
"Barcelona, Catalunya, Spain",Sants-Montjuïc,Sants - Badal,Barcelona,Spain,ES,Point,"[2.12781, 41.37583]",True,6274975
"Montréal, Québec, Canada",Le Plateau,Le Plateau-Mont-Royal,Montreal,Canada,CA,Point,"[-73.5791, 45.51757]",False,6277248
"Brooklyn, NY, United States",Carroll Gardens,Carroll Gardens,New York,United States,US,Point,"[-73.99708, 40.67678]",True,6283933
"Porto, Porto, Portugal",,Ramalde,Porto,Portugal,PT,Point,"[-8.64813, 41.16596]",True,6284249
"İstanbul, İstanbul, Turkey",Beşiktaş,Sariyer,Istanbul,Turkey,TR,Point,"[29.04629, 41.08814]",False,6288998
"Kailua, HI, United States",Kailua,Koolaupoko,Oahu,United States,US,Point,"[-157.74249, 21.40555]",False,6291063
"Avalon Beach, NSW, Australia",Avalon,Pittwater,Sydney,Australia,AU,Point,"[151.31913, -33.62637]",True,6292364
"Marrickville, NSW, Australia",Marrickville,Marrickville,Sydney,Australia,AU,Point,"[151.15615, -33.91341]",True,6293102
"Brooklyn, NY, United States",Bushwick,Bushwick,New York,United States,US,Point,"[-73.94001, 40.69985]",True,6302159
"Lahaina, HI, United States",Maui,Lahaina,Maui,United States,US,Point,"[-156.68224, 20.96411]",True,6303164
"Montréal, Québec, Canada",Le Plateau,Le Plateau-Mont-Royal,Montreal,Canada,CA,Point,"[-73.5865, 45.52922]",True,6310609
"İstanbul, İstanbul, Turkey",,Pendik,Istanbul,Turkey,TR,Point,"[29.29781, 40.87034]",False,6313669
"Rio de Janeiro, Rio de Janeiro, Brazil",Barra da Tijuca,Barra da Tijuca,Rio De Janeiro,Brazil,BR,Point,"[-43.30898060561674, -23.015169104505162]",True,6314480
"Barcelona, Catalunya, Spain",Sant Martí,Sant Martí de Provençals,Barcelona,Spain,ES,Point,"[2.1996, 41.4146]",False,6314518
"Brooklyn, NY, United States",Bedford-Stuyvesant,Bedford-Stuyvesant,New York,United States,US,Point,"[-73.93666, 40.68321]",True,6316121
"Brooklyn, NY, United States",Brooklyn,Park Slope,New York,United States,US,Point,"[-73.97724, 40.67173]",True,6316666
"New York, NY, United States",Manhattan,Nolita,New York,United States,US,Point,"[-73.99429, 40.72131]",True,6333994
"New York, NY, United States",West Village,West Village,New York,United States,US,Point,"[-74.00836, 40.73283]",True,6342801
"ŞİŞLİ, İstanbul, Turkey",Şişli,Sisli,Istanbul,Turkey,TR,Point,"[28.98054, 41.06135]",False,6345295
"Montréal, Québec, Canada",Verdun,Verdun,Montreal,Canada,CA,Point,"[-73.58551, 45.43747]",True,6349210
"Manly, NSW, Australia",Manly,Manly,Sydney,Australia,AU,Point,"[151.28769, -33.79078]",False,6355925
"New York, NY, United States",Harlem,Harlem,New York,United States,US,Point,"[-73.94896, 40.80627]",True,6357128
"Haleiwa, HI, United States",Oʻahu,North Shore Oahu,Oahu,United States,US,Point,"[-158.10356, 21.58669]",True,6357355
"New York, NY, United States",Manhattan,Upper West Side,New York,United States,US,Point,"[-73.97809, 40.79159]",True,6357527
"Montréal, Québec, Canada",Cote-des-Neiges-Notre-Dame-de-Grace,Côte-des-Neiges-Notre-Dame-de-Grâce,Montreal,Canada,CA,Point,"[-73.62484, 45.47589]",True,6358160
"Ridgewood, NY, United States",Queens,Ridgewood,New York,United States,US,Point,"[-73.90351, 40.70365]",False,6360639
"Sydenham, NSW, Australia",Tempe/Sydenham,Marrickville,Sydney,Australia,AU,Point,"[151.1666, -33.91717]",True,6361929
"Honolulu, HI, United States",Diamond Head/Kapahulu/St. Louis Heights,Primary Urban Center,Oahu,United States,US,Point,"[-157.81985, 21.26064]",True,6364408
"New York, NY, United States",Manhattan,Kips Bay,New York,United States,US,Point,"[-73.98323, 40.74025]",True,6376606
"Barcelona, Cataluña, Catalonia, Spain",Vila de Gràcia,la Vila de Gràcia,Barcelona,Spain,ES,Point,"[2.15756, 41.40742]",True,6381542
"Barcelona, Catalunya, Spain",Sants-Montjuïc,el Poble Sec,Barcelona,Spain,ES,Point,"[2.16651, 41.37365]",True,6397672
"Mosman, NSW, Australia",Mosman,Mosman,Sydney,Australia,AU,Point,"[151.23888, -33.82662]",True,6404761
"Brooklyn, NY, United States",Brooklyn,Williamsburg,New York,United States,US,Point,"[-73.95828, 40.72141]",True,640813
"Porto, Porto, Portugal",,"Cedofeita, Ildefonso, Sé, Miragaia, Nicolau, Vitória",Porto,Portugal,PT,Point,"[-8.6182, 41.14181]",True,6410185
"Barcelona, Cataluña, Spain",El Raval,el Raval,Barcelona,Spain,ES,Point,"[2.17147, 41.37966]",False,6418336
"Flushing , NY, United States",Queens,Flushing,New York,United States,US,Point,"[-73.81785, 40.75348]",False,6422511
"Rushcutters Bay, NSW, Australia",Elizabeth Bay/Rushcutters Bay,Sydney,Sydney,Australia,AU,Point,"[151.22908, -33.87504]",False,6426580
"Wanchai, Hong Kong Island, Hong Kong",Causeway Bay,Wan Chai,Hong Kong,Hong Kong,HK,Point,"[114.18291, 22.28057]",True,6431502
"Brooklyn, NY, United States",Crown Heights,Crown Heights,New York,United States,US,Point,"[-73.9614, 40.67566]",True,643328
"Montréal, Québec, Canada",Le Plateau,Le Plateau-Mont-Royal,Montreal,Canada,CA,Point,"[-73.58056, 45.52698]",True,6434141
"Collaroy Plateau, NSW, Australia",,Warringah,Sydney,Australia,AU,Point,"[151.28737, -33.73137]",True,644054
"Barcelona, Barcelona, Spain",La Vila Olímpica,la Vila Olímpica del Poblenou,Barcelona,Spain,ES,Point,"[2.19155, 41.39222]",True,6442604
"Barcelona, Catalunya, Spain",Eixample,la Sagrada Família,Barcelona,Spain,ES,Point,"[2.1703, 41.40799]",False,644378
"İstanbul, İstanbul, Turkey",,Bakirkoy,Istanbul,Turkey,TR,Point,"[28.86495, 40.99009]",False,6447205
"Sai Kung, New Territories, Hong Kong",,Sai Kung,Hong Kong,Hong Kong,HK,Point,"[114.26215, 22.39034]",False,6457819
"Montréal, Québec, Canada",Rosemont-La Petite-Patrie,Rosemont-La Petite-Patrie,Montreal,Canada,CA,Point,"[-73.55511, 45.55062]",True,6457918
"Istanbul, Istanbul, Turkey",Beyoglu,Beyoglu,Istanbul,Turkey,TR,Point,"[28.97112, 41.03291]",False,645976
"Brooklyn, NY, United States",Brooklyn,Williamsburg,New York,United States,US,Point,"[-73.94464, 40.72008]",True,6480490
"İstanbul, Beyoglu, Turkey",Beyoglu,Beyoglu,Istanbul,Turkey,TR,Point,"[28.97648, 41.03289]",False,6485067
"İstanbul, İstanbul, Turkey",Taksim,Beyoglu,Istanbul,Turkey,TR,Point,"[28.98319, 41.03908]",False,6486122
"İstanbul, İstanbul, Turkey",Cihangir,Beyoglu,Istanbul,Turkey,TR,Point,"[28.97753, 41.03311]",True,6486593
"Sultanahmet, İstanbul, Turkey",Sultanahmet,Fatih,Istanbul,Turkey,TR,Point,"[28.98005, 41.00518]",False,6509658
"Chiswick, NSW, Australia",Abbotsford/Wareemba,Canada Bay,Sydney,Australia,AU,Point,"[151.13318, -33.85036]",True,6516405
"Hong Kong, Kowloon, Hong Kong",Yau Tsim Mong,Yau Tsim Mong,Hong Kong,Hong Kong,HK,Point,"[114.17397, 22.2999]",True,6516773
"Monterey, NSW, Australia",Monterey,Rockdale,Sydney,Australia,AU,Point,"[151.15061, -33.96717]",True,652063
"Lahaina, HI, United States",Maui,Lahaina,Maui,United States,US,Point,"[-156.66299, 21.00087]",True,6526827
"Barcelona, Catalonia, Spain",Ciutat Vella,"Sant Pere, Santa Caterina i la Ribera",Barcelona,Spain,ES,Point,"[2.17781, 41.38502]",False,6530907
"İstanbul, İstanbul, Turkey",Kadıköy,Kadikoy,Istanbul,Turkey,TR,Point,"[29.03452, 40.997]",False,6534803
"Brooklyn, NY, United States",Crown Heights,Crown Heights,New York,United States,US,Point,"[-73.95265, 40.67191]",True,6541214
"Barcelona, Catalunya, Spain",Sant Andreu,el Congrés i els Indians,Barcelona,Spain,ES,Point,"[2.18174, 41.42409]",True,6542159
"Rio de Janeiro, Rio de Janeiro, Brazil",Ipanema,Ipanema,Rio De Janeiro,Brazil,BR,Point,"[-43.20084120164455, -22.98504997058126]",True,654519
"Montréal, Québec, Canada",Le Plateau-Mont-Royal,Le Plateau-Mont-Royal,Montreal,Canada,CA,Point,"[-73.58965, 45.52222]",True,6573436
"Porto, Porto District, Portugal",,Paranhos,Porto,Portugal,PT,Point,"[-8.59486, 41.17178]",True,6583887
"Montréal, Québec, Canada",Le Plateau,Le Plateau-Mont-Royal,Montreal,Canada,CA,Point,"[-73.57055, 45.51751]",True,6589965
"Porto, Porto, Portugal",,"Cedofeita, Ildefonso, Sé, Miragaia, Nicolau, Vitória",Porto,Portugal,PT,Point,"[-8.62249, 41.14878]",True,6601944
"Honolulu, HI, United States",Honolulu,Primary Urban Center,Oahu,United States,US,Point,"[-157.82374, 21.27899]",True,660316
"Central,, -, Hong Kong",Central & Western District,Central & Western,Hong Kong,Hong Kong,HK,Point,"[114.15153, 22.28422]",False,6609516
"New York, NY, United States",Manhattan,Washington Heights,New York,United States,US,Point,"[-73.94261, 40.83206]",True,6610629
"Brooklyn, NY, United States",Park Slope,South Slope,New York,United States,US,Point,"[-73.98793, 40.66934]",True,6611547
"Rio de Janeiro, Rio de Janeiro, Brazil",,Copacabana,Rio De Janeiro,Brazil,BR,Point,"[-43.19298460413519, -22.982136743865308]",False,6612354
"İstanbul, İstanbul, Turkey",Şişli,Sisli,Istanbul,Turkey,TR,Point,"[28.98512, 41.05078]",False,6623365
"Istanbul, Istanbul, Turkey",Beşiktaş,Besiktas,Istanbul,Turkey,TR,Point,"[29.011, 41.06311]",True,662403
"Beşiktaş, İstanbul, Turkey",Beşiktaş,Besiktas,Istanbul,Turkey,TR,Point,"[29.02268, 41.07344]",False,6626223
"İstanbul, İstanbul, Turkey",Beşiktaş,Besiktas,Istanbul,Turkey,TR,Point,"[29.00817, 41.04469]",False,6627075
"Hong Kong, Hongkong, Prince Edward, Hong Kong",Mong Kok,Yau Tsim Mong,Hong Kong,Hong Kong,HK,Point,"[114.17059, 22.32363]",True,6630139
"Porto, Porto, Portugal",,"Cedofeita, Ildefonso, Sé, Miragaia, Nicolau, Vitória",Porto,Portugal,PT,Point,"[-8.60433, 41.15053]",False,6639953
"Rio de Janeiro, Rio de Janeiro, Brazil",Copacabana,Copacabana,Rio De Janeiro,Brazil,BR,Point,"[-43.19052018844617, -22.980733619684557]",True,664017
"İstanbul, İstanbul, Turkey",Beyoglu,Beyoglu,Istanbul,Turkey,TR,Point,"[28.98482, 41.03356]",True,6663848
"Hong Kong, Hong Kong Island, Hong Kong",Sheung Wan,Central & Western,Hong Kong,Hong Kong,HK,Point,"[114.14751, 22.28442]",True,6663867
"Waikiki, HI, United States",Oʻahu,Primary Urban Center,Oahu,United States,US,Point,"[-157.82211, 21.27555]",False,6665504
"Rio de Janeiro, Rio de Janeiro, Brazil",Copacabana,Copacabana,Rio De Janeiro,Brazil,BR,Point,"[-43.17739595940224, -22.966100003569206]",True,6666674
"Porto, Porto District, Portugal",,"Cedofeita, Ildefonso, Sé, Miragaia, Nicolau, Vitória",Porto,Portugal,PT,Point,"[-8.61314, 41.14183]",False,6667210
"Brooklyn, NY, United States",Brooklyn,Bedford-Stuyvesant,New York,United States,US,Point,"[-73.95851, 40.68356]",True,6670191
"Montréal, Québec, Canada",Old Port,Ville-Marie,Montreal,Canada,CA,Point,"[-73.54875, 45.51108]",True,6670684
"Montréal, Québec, Canada",Villeray-Saint-Michel-Parc-Extension,Villeray-Saint-Michel-Parc-Extension,Montreal,Canada,CA,Point,"[-73.60023, 45.5549]",True,6671678
"Barcelona, Cataluña, Spain",Sant Martí,Provençals del Poblenou,Barcelona,Spain,ES,Point,"[2.20689, 41.41809]",False,6685814
"Lahaina, HI, United States",Maui,Lahaina,Maui,United States,US,Point,"[-156.65512, 20.99777]",True,6694877
"İstanbul, İstanbul, Turkey",Şişli,Sisli,Istanbul,Turkey,TR,Point,"[28.98284, 41.04833]",False,6708622
"Montréal, Québec, Canada",Anjou,Saint-Léonard,Montreal,Canada,CA,Point,"[-73.58241, 45.60181]",True,6748884
"Barcelona, Catalunya, Spain",Nou Barris,Verdun,Barcelona,Spain,ES,Point,"[2.17542, 41.4416]",False,6757263
"Kihei, HI, United States",Maui,Kihei-Makena,Maui,United States,US,Point,"[-156.44634, 20.72437]",True,6767563
"Hong Kong, Hong Kong, Kowloon, Hong Kong",Yau Tsim Mong,Yau Tsim Mong,Hong Kong,Hong Kong,HK,Point,"[114.16483, 22.3087]",True,6771249
"Sarıyer, İstanbul, Turkey",Beşiktaş,Sariyer,Istanbul,Turkey,TR,Point,"[29.04925, 41.08671]",False,6774703
"Barcelona, Catalonia, Spain",Eixample,el Parc i la Llacuna del Poblenou,Barcelona,Spain,ES,Point,"[2.18364, 41.39125]",True,677850
"Rio de Janeiro, Rio de Janeiro, Brazil",Leme,Leme,Rio De Janeiro,Brazil,BR,Point,"[-43.17206189898937, -22.96207566549646]",True,6778993
"Stanmore, NSW, Australia",Stanmore,Marrickville,Sydney,Australia,AU,Point,"[151.16747, -33.88942]",True,6785160
"New York, NY, United States",Hell's Kitchen,Hell's Kitchen,New York,United States,US,Point,"[-73.98954, 40.7614]",False,6795568
"New York, NY, United States",Midtown,Hell's Kitchen,New York,United States,US,Point,"[-73.98945, 40.76207]",True,6799814
"Beyoğlu, İstanbul, Turkey",Beyoglu,Beyoglu,Istanbul,Turkey,TR,Point,"[28.97743, 41.02965]",True,6807419
"Beyoğlu, İstanbul, Turkey",Karaköy,Beyoglu,Istanbul,Turkey,TR,Point,"[28.97609, 41.02606]",False,6808336
"Barcelona, Catalunya, Spain",Horta-Guinardó,Horta,Barcelona,Spain,ES,Point,"[2.15994, 41.43654]",False,6811251
"Erskineville, NSW, Australia",Erskineville,Sydney,Sydney,Australia,AU,Point,"[151.18168, -33.90376]",True,6813470
"Hong Kong, Kowloon, Hong Kong",Mong Kok,Yau Tsim Mong,Hong Kong,Hong Kong,HK,Point,"[114.17149, 22.31419]",True,6813540
"Porto, Porto, Portugal",,"Cedofeita, Ildefonso, Sé, Miragaia, Nicolau, Vitória",Porto,Portugal,PT,Point,"[-8.61321, 41.15862]",False,6836536
"New York, NY, United States",Lower East Side,Lower East Side,New York,United States,US,Point,"[-73.98592, 40.72082]",True,6837529
"香港, 九龍, Hong Kong",Kowloon Bay,Kwun Tong,Hong Kong,Hong Kong,HK,Point,"[114.20978, 22.32873]",False,6844367
"Hong Kong, Hong Kong Island, Hong Kong",Wan Chai District,Wan Chai,Hong Kong,Hong Kong,HK,Point,"[114.17931, 22.2802]",True,685373
"Porto, Portugal",,"Cedofeita, Ildefonso, Sé, Miragaia, Nicolau, Vitória",Porto,Portugal,PT,Point,"[-8.62105, 41.14252]",True,6868273
"Porto, Porto, Portugal",,"Cedofeita, Ildefonso, Sé, Miragaia, Nicolau, Vitória",Porto,Portugal,PT,Point,"[-8.60974, 41.13989]",True,6871500
"Istanbul, Beyoğlu, Turkey",Beyoglu,Beyoglu,Istanbul,Turkey,TR,Point,"[28.97624, 41.02868]",True,688528
"sultanahmet, İstanbul, Turkey",Sultanahmet,Fatih,Istanbul,Turkey,TR,Point,"[28.97492, 41.00489]",False,6893344
"Brooklyn, NY, United States",Brooklyn,Williamsburg,New York,United States,US,Point,"[-73.95615, 40.72004]",True,6897911
"Kapaa, HI, United States",Kauaʻi,Kapaa-Wailua,Kauai,United States,US,Point,"[-159.32076, 22.05995]",True,6898449
"Randwick, NSW, Australia",Randwick,Randwick,Sydney,Australia,AU,Point,"[151.2518, -33.90486]",True,6903190
"Brooklyn, NY, United States",Brooklyn,Bedford-Stuyvesant,New York,United States,US,Point,"[-73.9589, 40.68956]",True,6908603
"Rio de Janeiro, Rio de Janeiro, Brazil",Ipanema,Ipanema,Rio De Janeiro,Brazil,BR,Point,"[-43.204996536889986, -22.9844112936756]",True,690895
"Rio de Janeiro, Rio de Janeiro, Brazil",Copacabana,Copacabana,Rio De Janeiro,Brazil,BR,Point,"[-43.18850615382097, -22.973129014011548]",True,6922924
"Montréal, Québec, Canada",Le Plateau-Mont-Royal,Le Plateau-Mont-Royal,Montreal,Canada,CA,Point,"[-73.57376, 45.51531]",True,6924099
"New York, NY, United States",Greenwich Village,Greenwich Village,New York,United States,US,Point,"[-74.00008, 40.73256]",True,6924400
"Hong Kong, Hong Kong Island, Hong Kong",Soho,Central & Western,Hong Kong,Hong Kong,HK,Point,"[114.15168, 22.28068]",True,6925961
"Kadıköy, İstanbul, Turkey",Kadıköy Merkezi,Kadikoy,Istanbul,Turkey,TR,Point,"[29.02678, 40.99587]",False,6944286
"Montréal, Québec, Canada",Le Plateau-Mont-Royal,Le Plateau-Mont-Royal,Montreal,Canada,CA,Point,"[-73.57326, 45.52323]",True,6945434
"New York, NY, United States",Alphabet City,East Village,New York,United States,US,Point,"[-73.98048, 40.72866]",True,695002
"New York, NY, United States",Manhattan,Upper West Side,New York,United States,US,Point,"[-73.97238, 40.78768]",True,6958924
"Brooklyn, NY, United States",Williamsburg,Williamsburg,New York,United States,US,Point,"[-73.9417, 40.71591]",True,6972534
"Brooklyn, NY, United States",Brooklyn,Clinton Hill,New York,United States,US,Point,"[-73.96496, 40.69489]",False,6972673
"Kapaa, HI, United States",Kauaʻi,Kapaa-Wailua,Kauai,United States,US,Point,"[-159.31974, 22.06005]",True,6974185
"New York, NY, United States",Harlem,Harlem,New York,United States,US,Point,"[-73.95213, 40.81398]",True,6977204
"Montréal, Québec, Canada",Griffintown,Le Sud-Ouest,Montreal,Canada,CA,Point,"[-73.56171, 45.49719]",False,6985845
"Hong Kong, Hong Kong, central, Hong Kong",Central & Western District,Central & Western,Hong Kong,Hong Kong,HK,Point,"[114.15148, 22.2812]",False,6986272
"New York, NY, United States",Kips Bay,Kips Bay,New York,United States,US,Point,"[-73.9825, 40.73912]",True,6990524
"Pāhoa, HI, United States",Island of Hawaiʻi,Puna,The Big Island,United States,US,Point,"[-154.99436, 19.5186]",True,69935
"Beyoğlu, İstanbul, Turkey",Cihangir,Beyoglu,Istanbul,Turkey,TR,Point,"[28.9801, 41.03274]",True,6995275
"Pendik / İstanbul, İstanbul, Turkey",,Sultanbeyli,Istanbul,Turkey,TR,Point,"[29.24801, 40.97044]",False,6995662
"Montréal, Québec, Canada",Le Plateau-Mont-Royal,Le Plateau-Mont-Royal,Montreal,Canada,CA,Point,"[-73.58644, 45.5306]",True,7002304
"Keaau, HI, United States",Island of Hawaiʻi,Puna,The Big Island,United States,US,Point,"[-154.97336, 19.59483]",True,7008712
"İstanbul, İstanbul, Turkey",Fatih,Fatih,Istanbul,Turkey,TR,Point,"[28.97681, 41.00251]",True,7014635
"Brooklyn, NY, United States",Brooklyn,Williamsburg,New York,United States,US,Point,"[-73.95136, 40.70711]",True,7019534
"Brooklyn, NY, United States",Brooklyn,Flatbush,New York,United States,US,Point,"[-73.9596, 40.65452]",True,7032855
"Laie, HI, United States",Windward Side,Koolauloa,Oahu,United States,US,Point,"[-157.92248, 21.64387]",True,7037584
"Porto, Porto, Portugal",,"Cedofeita, Ildefonso, Sé, Miragaia, Nicolau, Vitória",Porto,Portugal,PT,Point,"[-8.60833, 41.14453]",False,7069636
"Honolulu, HI, United States",Oʻahu,Primary Urban Center,Oahu,United States,US,Point,"[-157.82244, 21.27259]",True,7073250
"Beyoğlu, İstanbul, Turkey",Beyoglu,Beyoglu,Istanbul,Turkey,TR,Point,"[28.98681, 41.03524]",False,7080271
"Waianae, HI, United States",Waianae Coast,Waianae,Oahu,United States,US,Point,"[-158.21991, 21.47622]",False,7099038
"İstanbul / Osmanbey, İstanbul, Turkey",Şişli,Sisli,Istanbul,Turkey,TR,Point,"[28.97959, 41.04811]",False,7100969
"Porto, Porto, Portugal",,Bonfim,Porto,Portugal,PT,Point,"[-8.5899, 41.16377]",True,7110749
"Montréal, Québec, Canada",Le Plateau,Le Plateau-Mont-Royal,Montreal,Canada,CA,Point,"[-73.57168, 45.52267]",True,7112634
"Kaunakakai, HI, United States",Molokaʻi,Molokai,Maui,United States,US,Point,"[-156.99483, 21.07811]",True,7112790
"Montreal, QC, Canada",Old Rosemont,Rosemont-La Petite-Patrie,Montreal,Canada,CA,Point,"[-73.57354, 45.54895]",True,711348
"New York, NY, United States",Manhattan,Upper West Side,New York,United States,US,Point,"[-73.98341, 40.76812]",True,7116864
"Montreal, QC, Canada",Downtown Montreal,Ville-Marie,Montreal,Canada,CA,Point,"[-73.57995, 45.49057]",True,712077
"Brooklyn, NY, United States",Brooklyn,Bushwick,New York,United States,US,Point,"[-73.92372, 40.69683]",True,7127684
"Potts Point, NSW, Australia",Potts Point,Sydney,Sydney,Australia,AU,Point,"[151.22521, -33.87173]",True,7132426
"Pāhoa, HI, United States",Island of Hawaiʻi,Puna,The Big Island,United States,US,Point,"[-154.92967, 19.41166]",True,7136708
"Barcelona, Catalunya, Spain",Sant Martí,el Poblenou,Barcelona,Spain,ES,Point,"[2.20448, 41.39857]",True,7154153
"Barcelona, Barcelona, Spain",Eixample,la Sagrada Família,Barcelona,Spain,ES,Point,"[2.18166, 41.40325]",True,7168578
"Kapaa, HI, United States",Kauaʻi,Lihue,Kauai,United States,US,Point,"[-159.36793, 22.04892]",True,717081
"Montréal, Québec, Canada",Le Plateau-Mont-Royal,Le Plateau-Mont-Royal,Montreal,Canada,CA,Point,"[-73.57847, 45.52257]",True,7173135
"Sancaktepe, İstanbul, Turkey",,Sancaktepe,Istanbul,Turkey,TR,Point,"[29.20436, 41.00618]",False,718628
"Barcelona, Catalunya, Spain",Eixample,l'Antiga Esquerra de l'Eixample,Barcelona,Spain,ES,Point,"[2.15111, 41.39275]",True,7187653
"Porto, Porto, Portugal",,"Cedofeita, Ildefonso, Sé, Miragaia, Nicolau, Vitória",Porto,Portugal,PT,Point,"[-8.60741, 41.14258]",True,7203643
"Brooklyn, NY, United States",Bedford-Stuyvesant,Bedford-Stuyvesant,New York,United States,US,Point,"[-73.93806, 40.68435]",True,7205861
"Fatih, İstanbul, Turkey",Fatih,Fatih,Istanbul,Turkey,TR,Point,"[28.97609, 41.00335]",True,7212218
"Barcelona, Barcelona, Spain",Eixample,el Fort Pienc,Barcelona,Spain,ES,Point,"[2.17798, 41.39824]",True,721473
"Taksim, İstanbul, Turkey",Karaköy,Beyoglu,Istanbul,Turkey,TR,Point,"[28.9695, 41.03136]",False,7242041
"New York, NY, United States",East Harlem,East Harlem,New York,United States,US,Point,"[-73.9458, 40.78999]",True,7242823
"New York, NY, United States",East Harlem,East Harlem,New York,United States,US,Point,"[-73.94735, 40.79074]",True,7243098
"Elmhurst, NY, United States",Queens,Maspeth,New York,United States,US,Point,"[-73.88891, 40.73456]",False,7246903
"New York, NY, United States",Lower East Side,Chinatown,New York,United States,US,Point,"[-73.99107, 40.71574]",True,7247033
"Hong Kong, Hong Kong Island, Hong Kong",Sheung Wan,Central & Western,Hong Kong,Hong Kong,HK,Point,"[114.14537, 22.2868]",True,7265155
"Porto, Porto, Portugal",,"Cedofeita, Ildefonso, Sé, Miragaia, Nicolau, Vitória",Porto,Portugal,PT,Point,"[-8.61084, 41.16254]",True,7270389
"Bozkurt Mahallesi, İstanbul, Turkey",Şişli,Sisli,Istanbul,Turkey,TR,Point,"[28.98551, 41.05054]",False,7276469
"Hong Kong, Kowloon, Hong Kong",Jordan,Yau Tsim Mong,Hong Kong,Hong Kong,HK,Point,"[114.16973, 22.30707]",True,7280022
"Hong Kong, Hong Kong Island, Hong Kong",Sai Ying Pun,Central & Western,Hong Kong,Hong Kong,HK,Point,"[114.14084, 22.28719]",True,7281373
"Darling Point, NSW, Australia",Darling Point,Woollahra,Sydney,Australia,AU,Point,"[151.23587, -33.87047]",False,728222
"New York, NY, United States",Harlem,Harlem,New York,United States,US,Point,"[-73.9437, 40.81073]",True,728493
"Lilyfield, NSW, Australia",Lilyfield/Rozelle,Leichhardt,Sydney,Australia,AU,Point,"[151.158, -33.87012]",True,7285721
"Barcelona, Barcelona, Spain",Sant Pere/Santa Caterina,"Sant Pere, Santa Caterina i la Ribera",Barcelona,Spain,ES,Point,"[2.17744, 41.38716]",False,7286036
"Arouca, Aveiro, Portugal",,Rossas,Porto,Portugal,PT,Point,"[-8.30814, 40.91118]",False,7301537
"Hong Kong, Hong Kong",Mid-Levels,Central & Western,Hong Kong,Hong Kong,HK,Point,"[114.14769, 22.28277]",True,7311170
"Milheirós de Poiares, Aveiro, Portugal",,Milheirós de Poiares,Porto,Portugal,PT,Point,"[-8.46975, 40.91643]",True,7317863
"Milheirós de Poiares, Aveiro, Portugal",,Milheirós de Poiares,Porto,Portugal,PT,Point,"[-8.46802, 40.91622]",True,7318730
"beyoğlu taksim , İstanbul, Turkey",Beyoglu,Beyoglu,Istanbul,Turkey,TR,Point,"[28.98157, 41.04016]",False,7322621
"Queens, NY, United States",Astoria,Long Island City,New York,United States,US,Point,"[-73.93117, 40.75588]",True,7340902
"Vila Nova de Gaia, Porto, Portugal",,Santa Marinha e São Pedro da Afurada,Porto,Portugal,PT,Point,"[-8.61127, 41.13533]",True,7349008
"Brooklyn, NY, United States",Flatbush,Flatbush,New York,United States,US,Point,"[-73.95527, 40.65349]",True,7364008
"Porto, Porto District, Portugal",,"Cedofeita, Ildefonso, Sé, Miragaia, Nicolau, Vitória",Porto,Portugal,PT,Point,"[-8.62305, 41.15504]",True,736472
"Barcelona, Catalonia, Spain",Gràcia,el Camp d'en Grassot i Gràcia Nova,Barcelona,Spain,ES,Point,"[2.17081, 41.40506]",False,73683
"Hong Kong, Kowloon, Hong Kong",Yau Tsim Mong,Yau Tsim Mong,Hong Kong,Hong Kong,HK,Point,"[114.16532, 22.3072]",True,7369437
"旺角, 九龍, Hong Kong",Yau Tsim Mong,Yau Tsim Mong,Hong Kong,Hong Kong,HK,Point,"[114.16923, 22.31759]",True,7375957
"Barcelona, Catalunya, Spain",Gràcia,la Vila de Gràcia,Barcelona,Spain,ES,Point,"[2.15838, 41.39955]",False,7376321
"New York, NY, United States",Upper West Side,Upper West Side,New York,United States,US,Point,"[-73.96389, 40.79855]",True,7382564
"Porto, Porto, Portugal",,Paranhos,Porto,Portugal,PT,Point,"[-8.61042, 41.16794]",False,7382567
"Kawaihae, HI, United States",Island of Hawaiʻi,South Kohala,The Big Island,United States,US,Point,"[-155.81156, 20.02293]",True,7388842
"Montréal, Québec, Canada",Old Montreal,Ville-Marie,Montreal,Canada,CA,Point,"[-73.55941, 45.50367]",True,7394730
"Queens, NY, United States",Astoria,Astoria,New York,United States,US,Point,"[-73.92714, 40.76448]",True,7397649
"Pāhoa, HI, United States",Island of Hawaiʻi,Puna,The Big Island,United States,US,Point,"[-154.91298, 19.43804]",False,7398141
"New York, NY, United States",Manhattan,Midtown,New York,United States,US,Point,"[-73.98364, 40.74603]",True,7403613
"Honolulu, HI, United States",Oʻahu,Primary Urban Center,Oahu,United States,US,Point,"[-157.83366, 21.28569]",True,7405576
"New York, NY, United States",Manhattan,Upper West Side,New York,United States,US,Point,"[-73.98061, 40.77088]",True,7417444
"Beyoğlu, İstanbul, Turkey",Cihangir,Beyoglu,Istanbul,Turkey,TR,Point,"[28.97869, 41.03199]",True,7418073
"Mong Kok, Kowloon, Hong Kong",Mong Kok,Yau Tsim Mong,Hong Kong,Hong Kong,HK,Point,"[114.16853, 22.31827]",True,741955
"Queens, NY, United States",Queens,Long Island City,New York,United States,US,Point,"[-73.94089, 40.75226]",True,7421930
"Harbiye, İstanbul, Turkey",Şişli,Sisli,Istanbul,Turkey,TR,Point,"[28.9877, 41.04824]",True,7427199
"Montreal, QC, Canada",Hochelaga-Maisonneuve,Mercier-Hochelaga-Maisonneuve,Montreal,Canada,CA,Point,"[-73.54547, 45.54974]",True,743417
"Montréal, Québec, Canada",Downtown Montreal,Ville-Marie,Montreal,Canada,CA,Point,"[-73.5569, 45.51323]",True,7434750
"Şişli, İstanbul, Turkey",Taksim,Sisli,Istanbul,Turkey,TR,Point,"[28.98261, 41.0433]",False,7435171
"Maroubra, NSW, Australia",Maroubra,Randwick,Sydney,Australia,AU,Point,"[151.25694, -33.94541]",False,7439246
"İstanbul, İstanbul, Turkey",Fatih,Fatih,Istanbul,Turkey,TR,Point,"[28.95067, 41.01094]",True,744242
"Kailua-Kona, HI, United States",Kailua/Kona,North Kona,The Big Island,United States,US,Point,"[-155.96112, 19.55482]",True,7450326
"Istanbul, Istanbul, Turkey",Beyoglu,Beyoglu,Istanbul,Turkey,TR,Point,"[28.95132, 41.05945]",True,745575
"Istanbul, Istanbul, Turkey",Şişli,Sisli,Istanbul,Turkey,TR,Point,"[28.98673, 41.0604]",False,745923
"Rio de Janeiro, Rio de Janeiro, Brazil",,Copacabana,Rio De Janeiro,Brazil,BR,Point,"[-43.18586737856383, -22.968760724606092]",False,7459725
"New York, NY, United States",Manhattan,Little Italy,New York,United States,US,Point,"[-73.99706, 40.71955]",True,746088
"Rio de Janeiro, Rio de Janeiro, Brazil",Copacabana,Copacabana,Rio De Janeiro,Brazil,BR,Point,"[-43.18829729959148, -22.974336342468238]",True,746187
"New York, NY, United States",Chelsea,Chelsea,New York,United States,US,Point,"[-74.00119, 40.74314]",True,747029
"üsküdar, İstanbul, Turkey",Üsküdar,Uskudar,Istanbul,Turkey,TR,Point,"[29.01602, 41.01932]",False,7471787
"Kadıköy, İstanbul, Turkey",Kadıköy,Kadikoy,Istanbul,Turkey,TR,Point,"[29.03461, 41.00781]",False,7489637
"Şişli, Harbiye, İstanbul, Turkey",Şişli,Sisli,Istanbul,Turkey,TR,Point,"[28.98522, 41.04545]",False,7489679
"Montréal, Québec, Canada",Le Plateau,Le Plateau-Mont-Royal,Montreal,Canada,CA,Point,"[-73.57123, 45.51768]",True,7494035
"New York, NY, United States",Manhattan,NoHo,New York,United States,US,Point,"[-73.99555, 40.7256]",True,7500390
"Sydney, NSW, Australia",Bondi,Waverley,Sydney,Australia,AU,Point,"[151.26204, -33.89108]",False,7503081
"Montréal, Québec, Canada",Le Plateau-Mont-Royal,Le Plateau-Mont-Royal,Montreal,Canada,CA,Point,"[-73.57317, 45.53339]",False,7517268
"Haleiwa, HI, United States",North Shore,North Shore Oahu,Oahu,United States,US,Point,"[-158.02898, 21.68145]",True,7536867
"Brooklyn, NY, United States",Brooklyn,Bedford-Stuyvesant,New York,United States,US,Point,"[-73.93687, 40.67958]",True,753687
"Beyoglu, İstanbul, Turkey",Şişli,Sisli,Istanbul,Turkey,TR,Point,"[28.97795, 41.04559]",True,7543508
"Lahaina, HI, United States",Maui,Lahaina,Maui,United States,US,Point,"[-156.66421, 20.98967]",True,7546623
"Beacon Hill, NSW, Australia",,Warringah,Sydney,Australia,AU,Point,"[151.26562, -33.75694]",False,7549277
"Porto, Porto, Portugal",,"Cedofeita, Ildefonso, Sé, Miragaia, Nicolau, Vitória",Porto,Portugal,PT,Point,"[-8.60402, 41.14771]",True,7555536
"Hong Kong, Kowloon, Hong Kong",Yau Tsim Mong,Yau Tsim Mong,Hong Kong,Hong Kong,HK,Point,"[114.17289, 22.30649]",True,7564603
"Istanbul, Istanbul, Turkey",Şişli,Kagithane,Istanbul,Turkey,TR,Point,"[28.97601, 41.07329]",True,757385
"New York, NY, United States",Alphabet City,East Village,New York,United States,US,Point,"[-73.98009, 40.72475]",True,7596078
"Barcelona, Catalunya, Spain",Eixample,la Dreta de l'Eixample,Barcelona,Spain,ES,Point,"[2.16612, 41.38817]",True,7610100
"Montreal, QC, Canada",La Petite-Patrie,Rosemont-La Petite-Patrie,Montreal,Canada,CA,Point,"[-73.60524, 45.54601]",True,761986
"Porto, Porto, Portugal",,"Cedofeita, Ildefonso, Sé, Miragaia, Nicolau, Vitória",Porto,Portugal,PT,Point,"[-8.61651, 41.14498]",True,7624051
"Waianae, HI, United States",Waianae Coast,Waianae,Oahu,United States,US,Point,"[-158.21248, 21.46174]",True,7624525
"Porto, Porto, Portugal",,"Cedofeita, Ildefonso, Sé, Miragaia, Nicolau, Vitória",Porto,Portugal,PT,Point,"[-8.61434, 41.15094]",True,7624878
"Honolulu, HI, United States",Ala Moana/Kakaako,Primary Urban Center,Oahu,United States,US,Point,"[-157.85062, 21.30094]",True,7650220
"Haleiwa, HI, United States",Oʻahu,North Shore Oahu,Oahu,United States,US,Point,"[-158.05107, 21.66414]",True,7660936
"Newtown, NSW, Australia",Newtown/Enmore,Sydney,Sydney,Australia,AU,Point,"[151.18704, -33.89415]",True,7667264
"Montréal, Québec, Canada",Le Plateau-Mont-Royal,Le Plateau-Mont-Royal,Montreal,Canada,CA,Point,"[-73.56749, 45.53359]",False,7672867
"Shueng Wan, Hong Kong Island, Hong Kong",Sheung Wan,Central & Western,Hong Kong,Hong Kong,HK,Point,"[114.15212, 22.28561]",False,7674190
"New York, NY, United States",Chelsea,Chelsea,New York,United States,US,Point,"[-74.00287, 40.75039]",True,767967
"Bronx, NY, United States",Morrisania,Longwood,New York,United States,US,Point,"[-73.90156, 40.82417]",True,7686940
"L'Hospitalet de Llobregat, Catalunya, Spain",Sants-Montjuïc,Sants - Badal,Barcelona,Spain,ES,Point,"[2.12422, 41.3748]",True,7697720
"Şişli, İstanbul, Turkey",Şişli,Sisli,Istanbul,Turkey,TR,Point,"[28.99531, 41.07186]",False,7698344
"Montréal, Québec, Canada",Mercier-Hochelaga-Maisonneuve,Mercier-Hochelaga-Maisonneuve,Montreal,Canada,CA,Point,"[-73.54518, 45.55946]",True,7714434
"Princeville, HI, United States",Kauaʻi,North Shore Kauai,Kauai,United States,US,Point,"[-159.46996, 22.21592]",False,7715270
"Randwick, NSW, Australia",Randwick,Randwick,Sydney,Australia,AU,Point,"[151.2503, -33.9096]",True,7718248
"New York, NY, United States",Lower East Side,Lower East Side,New York,United States,US,Point,"[-73.98385, 40.72143]",True,7723494
"Barcelona, Catalunya, Spain",Dreta de l'Eixample,la Dreta de l'Eixample,Barcelona,Spain,ES,Point,"[2.16236, 41.39078]",True,7725154
"Hong Kong, Kowloon, Hong Kong",Yau Tsim Mong,Yau Tsim Mong,Hong Kong,Hong Kong,HK,Point,"[114.17164, 22.29676]",True,7743391
"Kihei, HI, United States",Maui,Kihei-Makena,Maui,United States,US,Point,"[-156.44638, 20.72575]",True,7760228
"Montréal, QC, Canada",Le Plateau-Mont-Royal,Le Plateau-Mont-Royal,Montreal,Canada,CA,Point,"[-73.57114, 45.51542]",True,7762339
"Brooklyn, NY, United States",Williamsburg,Williamsburg,New York,United States,US,Point,"[-73.9528, 40.70018]",True,7773322
"Rockaway Beach, NY, United States",The Rockaways,Rockaway Beach,New York,United States,US,Point,"[-73.81066, 40.58881]",True,7774167
"Mongkok, Kowloon, Hong Kong",Mong Kok,Yau Tsim Mong,Hong Kong,Hong Kong,HK,Point,"[114.16785, 22.32117]",False,7777283
"Porto, Porto, Portugal",,"Aldoar, Foz do Douro e Nevogilde",Porto,Portugal,PT,Point,"[-8.67594, 41.15493]",False,7779069
"Brooklyn, NY, United States",Williamsburg,Williamsburg,New York,United States,US,Point,"[-73.95352, 40.71607]",True,7780335
"Porto, Porto, Portugal",,"Cedofeita, Ildefonso, Sé, Miragaia, Nicolau, Vitória",Porto,Portugal,PT,Point,"[-8.62317, 41.15725]",True,7786510
"Porto, Porto, Portugal",,"Cedofeita, Ildefonso, Sé, Miragaia, Nicolau, Vitória",Porto,Portugal,PT,Point,"[-8.61748, 41.14172]",True,7793422
"New York, NY, United States",East Village,East Village,New York,United States,US,Point,"[-73.98639, 40.72822]",True,7801169
"Porto, Porto District, Portugal",,"Cedofeita, Ildefonso, Sé, Miragaia, Nicolau, Vitória",Porto,Portugal,PT,Point,"[-8.61844, 41.14195]",True,780430
"Kadıköy, İstanbul, Turkey",Kadıköy,Kadikoy,Istanbul,Turkey,TR,Point,"[29.03035, 40.98978]",False,7811718
"New York, NY, United States",Midtown,Midtown,New York,United States,US,Point,"[-73.98021, 40.76387]",True,7815865
"Potts Point, NSW, Australia",Potts Point,Sydney,Sydney,Australia,AU,Point,"[151.22606, -33.86858]",True,781631
"Montréal, Québec, Canada",Le Plateau-Mont-Royal,Le Plateau-Mont-Royal,Montreal,Canada,CA,Point,"[-73.57775, 45.53161]",True,7818456
"Brooklyn, NY, United States",Clinton Hill,Bedford-Stuyvesant,New York,United States,US,Point,"[-73.95951, 40.69695]",False,7837816
"New York, NY, United States",Manhattan,Flatiron District,New York,United States,US,Point,"[-73.98593, 40.73947]",True,7837952
"Brooklyn, NY, United States",Bedford-Stuyvesant,Bedford-Stuyvesant,New York,United States,US,Point,"[-73.93944, 40.69588]",True,7840953
"Rio de Janeiro, Rio de Janeiro, Brazil",Ipanema,Ipanema,Rio De Janeiro,Brazil,BR,Point,"[-43.19931834008216, -22.981942430356344]",True,7841907
"Brooklyn, NY, United States",Brooklyn,Crown Heights,New York,United States,US,Point,"[-73.94884, 40.67689]",True,7843851
"Barcelona, Catalunya, Spain",Ciutat Vella,el Barri Gòtic,Barcelona,Spain,ES,Point,"[2.17607, 41.37914]",False,7849235
"New York, NY, United States",Harlem,Harlem,New York,United States,US,Point,"[-73.94694, 40.81899]",True,7853584
"Pahoa, HI, United States",Island of Hawaiʻi,Puna,The Big Island,United States,US,Point,"[-154.93328, 19.39404]",True,7859077
"New York, NY, United States",Harlem,Harlem,New York,United States,US,Point,"[-73.95128, 40.80156]",True,7864877
"New York, NY, United States",Kips Bay,Kips Bay,New York,United States,US,Point,"[-73.9803, 40.74086]",True,7867805
"Arouca, Aveiro, Portugal",,"Lobão, Gião, Louredo e Guisande",Porto,Portugal,PT,Point,"[-8.41995, 40.97524]",False,7868248
"moda kadikoy, İstanbul, Turkey",Moda,Kadikoy,Istanbul,Turkey,TR,Point,"[29.02553, 40.98431]",True,7890165
"South Coogee, NSW, Australia",Randwick,Randwick,Sydney,Australia,AU,Point,"[151.24601, -33.9279]",True,7901220
"Rio de Janeiro, Rio de Janeiro, Brazil",Méier,Méier,Rio De Janeiro,Brazil,BR,Point,"[-43.291460446886724, -22.905105601340335]",False,7901546
"Barcelona, Catalunya, Spain",Vila de Gràcia,la Vila de Gràcia,Barcelona,Spain,ES,Point,"[2.16375, 41.40076]",True,790482
"Montréal, Québec, Canada",Old Montreal,Ville-Marie,Montreal,Canada,CA,Point,"[-73.55844, 45.5049]",True,7912090
"İstanbul, İstanbul, Turkey",Cihangir,Beyoglu,Istanbul,Turkey,TR,Point,"[28.98221, 41.03408]",False,7918194
"Carlingford, NSW, Australia",,The Hills Shire,Sydney,Australia,AU,Point,"[151.04264, -33.77643]",True,7920463
"Avalon Beach, NSW, Australia",Avalon,Pittwater,Sydney,Australia,AU,Point,"[151.33898, -33.63278]",True,7926712
"Porto, Porto, Portugal",,Bonfim,Porto,Portugal,PT,Point,"[-8.59674, 41.16001]",True,7927160
"Gaziosmanpaşa, İstanbul, Turkey",,Esenyurt,Istanbul,Turkey,TR,Point,"[28.62613, 41.02655]",False,7928490
"Montréal, Québec, Canada",Le Plateau-Mont-Royal,Le Plateau-Mont-Royal,Montreal,Canada,CA,Point,"[-73.57605, 45.52591]",True,7935493
"Kihei, HI, United States",Kihei/Wailea,Kihei-Makena,Maui,United States,US,Point,"[-156.44725, 20.72346]",True,7936159
"Surry Hills, NSW, Australia",Surry Hills,Sydney,Sydney,Australia,AU,Point,"[151.21041, -33.88421]",True,794910
"Montréal, Québec, Canada",Hochelaga-Maisonneuve,Mercier-Hochelaga-Maisonneuve,Montreal,Canada,CA,Point,"[-73.54717, 45.54224]",False,7952347
"istanbul, İstanbul, Turkey",Beyoglu,Beyoglu,Istanbul,Turkey,TR,Point,"[28.97558, 41.02783]",False,7958920
"Barcelona, Catalunya, Spain",Eixample,la Dreta de l'Eixample,Barcelona,Spain,ES,Point,"[2.16502, 41.4]",True,7964249
"Rio de Janeiro, Rio de Janeiro, Brazil",Ipanema,Ipanema,Rio De Janeiro,Brazil,BR,Point,"[-43.199271780650776, -22.979186033760865]",True,7970000
"Hong Kong, Hong Kong Island, Hong Kong",Wan Chai District,Wan Chai,Hong Kong,Hong Kong,HK,Point,"[114.18362, 22.27796]",True,7976534
"Brooklyn , NY, United States",Brooklyn,Crown Heights,New York,United States,US,Point,"[-73.94038, 40.67346]",False,7981579
"Montréal, Québec, Canada",La Petite-Patrie,Rosemont-La Petite-Patrie,Montreal,Canada,CA,Point,"[-73.60697, 45.54161]",True,7983543
"Brooklyn, NY, United States",Carroll Gardens,Gowanus,New York,United States,US,Point,"[-73.99607, 40.67705]",True,7988259
"Porto, Porto, Portugal",,Ramalde,Porto,Portugal,PT,Point,"[-8.63873, 41.17677]",True,7997236
"Barcelona, Catalunya, Spain",Sant Gervasi - Galvany,Sant Gervasi - Galvany,Barcelona,Spain,ES,Point,"[2.14824, 41.39453]",True,8013090
"Rose Bay, NSW, Australia",Rose Bay/Dover Heights,Waverley,Sydney,Australia,AU,Point,"[151.27779, -33.86702]",True,8020792
"Hong Kong, Kowloon, Hong Kong",Kowloon City,Kowloon City,Hong Kong,Hong Kong,HK,Point,"[114.18485, 22.32847]",True,8027341
"Barcelona, Catalunya, Spain",Eixample,la Nova Esquerra de l'Eixample,Barcelona,Spain,ES,Point,"[2.15484, 41.37964]",True,8032676
"Hong Kong, Kowloon, Hong Kong",Jordan,Yau Tsim Mong,Hong Kong,Hong Kong,HK,Point,"[114.16733, 22.30657]",True,8035801
"Rio de Janeiro, Rio de Janeiro, Brazil",Ipanema,Ipanema,Rio De Janeiro,Brazil,BR,Point,"[-43.1987408663964, -22.984820262121538]",True,8043869
"Kihei, HI, United States",Maui,Kihei-Makena,Maui,United States,US,Point,"[-156.45868, 20.75806]",True,8051911
"Galata-Beyoğlu, İstanbul, Turkey",Beyoglu,Beyoglu,Istanbul,Turkey,TR,Point,"[28.97683, 41.02819]",False,8061316
"Barcelona, Catalunya, Spain",Eixample,l'Antiga Esquerra de l'Eixample,Barcelona,Spain,ES,Point,"[2.15958, 41.38426]",True,8077110
"Besiktas, İstanbul, Turkey",Beşiktaş,Besiktas,Istanbul,Turkey,TR,Point,"[28.99932, 41.04598]",False,8082577
"New York, NY, United States",Manhattan,Hell's Kitchen,New York,United States,US,Point,"[-73.98345, 40.76704]",True,808705
"Rio de Janeiro, Rio de Janeiro, Brazil",Copacabana,Copacabana,Rio De Janeiro,Brazil,BR,Point,"[-43.18822162768543, -22.970112700305066]",True,808744
"shenzhen, Guangdong, China",,North,Hong Kong,China,CN,Point,"[114.12309, 22.5381]",False,8092787
"Princeville, HI, United States",Kauaʻi,North Shore Kauai,Kauai,United States,US,Point,"[-159.4837, 22.21751]",False,8104448
"Coogee, NSW, Australia",Coogee,Randwick,Sydney,Australia,AU,Point,"[151.25046, -33.92002]",True,8106459
"Pāhoa, HI, United States",Island of Hawaiʻi,Puna,The Big Island,United States,US,Point,"[-154.9245, 19.39931]",True,8118147
"New York, NY, United States",Manhattan,Midtown,New York,United States,US,Point,"[-73.98442, 40.75245]",True,8118692
"Potts Point, NSW, Australia",Potts Point,Sydney,Sydney,Australia,AU,Point,"[151.22554, -33.8723]",True,8121226
"Glebe, NSW, Australia",Glebe,Sydney,Sydney,Australia,AU,Point,"[151.18426, -33.87513]",True,8130620
"Hong Kong, Kowloon, Hong Kong",Mong Kok,Yau Tsim Mong,Hong Kong,Hong Kong,HK,Point,"[114.17131, 22.31858]",True,8144456
"Istanbul, Istanbul, Turkey",Şişli,Sisli,Istanbul,Turkey,TR,Point,"[28.98461, 41.06243]",False,815172
"Montreal, QC, Canada",Downtown Montreal,Ville-Marie,Montreal,Canada,CA,Point,"[-73.57561, 45.49387]",True,815265
"Poipu, HI, United States",Kauaʻi,Koloa-Poipu,Kauai,United States,US,Point,"[-159.44708, 21.87114]",False,8152655
"Waverley, NSW, Australia",Waverly,Waverley,Sydney,Australia,AU,Point,"[151.25657, -33.89824]",True,8152879
"Waikoloa, HI, United States",Island of Hawaiʻi,South Kohala,The Big Island,United States,US,Point,"[-155.88686, 19.91931]",False,8153627
"Bondi Beach, NSW, Australia",Bondi Beach,Waverley,Sydney,Australia,AU,Point,"[151.27301, -33.88561]",True,815654
"Montréal, Québec, Canada",Old Montreal,Ville-Marie,Montreal,Canada,CA,Point,"[-73.55801, 45.5049]",True,8168496
"Queens, NY, United States",Astoria,Long Island City,New York,United States,US,Point,"[-73.92894, 40.76211]",False,8171965
"Honolulu, HI, United States",Honolulu,Primary Urban Center,Oahu,United States,US,Point,"[-157.82145, 21.27229]",True,8190277
"New York, NY, United States",Chelsea,Chelsea,New York,United States,US,Point,"[-74.00138, 40.75284]",True,823520
"Montréal, Québec, Canada",Le Plateau-Mont-Royal,Le Plateau-Mont-Royal,Montreal,Canada,CA,Point,"[-73.57858, 45.5256]",False,8238432
"Mosman, NSW, Australia",Mosman,Mosman,Sydney,Australia,AU,Point,"[151.24583, -33.82078]",True,8242333
"Sisli, İstanbul, Turkey",Şişli,Sisli,Istanbul,Turkey,TR,Point,"[28.98395, 41.06308]",False,8246966
"Kailua-Kona, HI, United States",Kailua/Kona,North Kona,The Big Island,United States,US,Point,"[-155.96521, 19.57103]",True,8253685
"Honolulu, HI, United States",Waikiki,Primary Urban Center,Oahu,United States,US,Point,"[-157.8256, 21.27864]",True,8256435
"Barcelona, Catalunya, Spain",Dreta de l'Eixample,la Dreta de l'Eixample,Barcelona,Spain,ES,Point,"[2.16211, 41.39658]",True,8260935
"Hong Kong, New Territories, Hong Kong",,Sai Kung,Hong Kong,Hong Kong,HK,Point,"[114.24814, 22.35532]",False,8263542
"Barcelona, Catalonia, Spain",Eixample,la Sagrada Família,Barcelona,Spain,ES,Point,"[2.17199, 41.40267]",True,827250
"Glebe, NSW, Australia",Glebe,Sydney,Sydney,Australia,AU,Point,"[151.18563, -33.8766]",False,8277472
"Istanbul, İnönü Mahallesi, Şişli, Papa Roncalli Sk. No:43, İstanbul, Turkey",Taksim,Sisli,Istanbul,Turkey,TR,Point,"[28.98455, 41.04315]",False,8281579
"Barcelona, Catalunya, Spain",Eixample,la Dreta de l'Eixample,Barcelona,Spain,ES,Point,"[2.16676, 41.40103]",True,8290919
"Montréal, Québec, Canada",Villeray-Saint-Michel-Parc-Extension,Villeray-Saint-Michel-Parc-Extension,Montreal,Canada,CA,Point,"[-73.62043, 45.527590000000004]",True,8293756
"Barcelona, Catalunya, Spain",La Sagrada Família,la Sagrada Família,Barcelona,Spain,ES,Point,"[2.17905, 41.40735]",True,8297905
"Istanbul, İstanbul, Turkey",Sultanahmet,Fatih,Istanbul,Turkey,TR,Point,"[28.97054, 41.00369]",True,8301532
"Fatih/Sultanahmet, İstanbul, Turkey",Fatih,Fatih,Istanbul,Turkey,TR,Point,"[28.98123, 41.00308]",False,8308145
"Hong Kong, Kowloon, Hong Kong",Yau Tsim Mong,Yau Tsim Mong,Hong Kong,Hong Kong,HK,Point,"[114.162, 22.30442]",True,8308697
"Hong Kong, Hong Kong, Kowloon, Hong Kong",Yau Tsim Mong,Yau Tsim Mong,Hong Kong,Hong Kong,HK,Point,"[114.17072, 22.30903]",True,8315458
"New York, NY, United States",Manhattan,Upper East Side,New York,United States,US,Point,"[-73.94872, 40.77613]",True,832596
"Waimanalo, HI, United States",Oʻahu,Koolaupoko,Oahu,United States,US,Point,"[-157.69918, 21.33934]",True,8326369
"Brooklyn, NY, United States",Bedford-Stuyvesant,Bedford-Stuyvesant,New York,United States,US,Point,"[-73.93038, 40.68121]",True,8327773
"Honolulu, HI, United States",Oʻahu,Primary Urban Center,Oahu,United States,US,Point,"[-157.83414, 21.30861]",True,8341415
"Montréal, Québec, Canada",Le Plateau-Mont-Royal,Le Plateau-Mont-Royal,Montreal,Canada,CA,Point,"[-73.57699, 45.52994]",True,8349536
"Bondi Beach, NSW, Australia",Bondi Beach,Waverley,Sydney,Australia,AU,Point,"[151.27184, -33.89345]",False,8356824
"Hong Kong Island, New Territories, Hong Kong",Eastern District,Wan Chai,Hong Kong,Hong Kong,HK,Point,"[114.19206, 22.28266]",False,8358372
"Rio de Janeiro, State of Rio de Janeiro, Brazil",Botafogo,Botafogo,Rio De Janeiro,Brazil,BR,Point,"[-43.19279186042643, -22.950522512592006]",True,8359801
"İstanbul, Turkey, Turkey",Beyoglu,Beyoglu,Istanbul,Turkey,TR,Point,"[28.97405, 41.03683]",True,836433
"Hong Kong, Kowloon, Hong Kong",Hung Hom,Kowloon City,Hong Kong,Hong Kong,HK,Point,"[114.18728, 22.30536]",True,8365099
"Queens, NY, United States",Queens,Ditmars Steinway,New York,United States,US,Point,"[-73.90728, 40.77469]",True,8365172
"Kapaa, HI, United States",Kauaʻi,Kapaa-Wailua,Kauai,United States,US,Point,"[-159.31904, 22.06207]",True,8386906
"Fairlight, NSW, Australia",Fairlight,Manly,Sydney,Australia,AU,Point,"[151.27616, -33.79124]",True,8392955
"Montreal, QC, Canada",Little Burgundy,Le Sud-Ouest,Montreal,Canada,CA,Point,"[-73.5739, 45.48749]",True,839334
"Brookvale, NSW, Australia",,Warringah,Sydney,Australia,AU,Point,"[151.27651, -33.75869]",True,8397068
"Bronx, NY, United States",Soundview,Soundview,New York,United States,US,Point,"[-73.86514, 40.82939]",True,8402207
"New York, NY, United States",Manhattan,East Village,New York,United States,US,Point,"[-73.98956, 40.73345]",True,840731
"Waverley, NSW, Australia",Waverly,Waverley,Sydney,Australia,AU,Point,"[151.25396, -33.89823]",True,8408379
"Hong Kong, Kowloon, Hong Kong",Yau Tsim Mong,Yau Tsim Mong,Hong Kong,Hong Kong,HK,Point,"[114.1715, 22.29812]",False,8414008
"Kailua-Kona, HI, United States",Island of Hawaiʻi,North Kona,The Big Island,United States,US,Point,"[-155.99162, 19.63593]",True,8426566
"Honolulu, HI, United States",Oʻahu,Primary Urban Center,Oahu,United States,US,Point,"[-157.79147, 21.28846]",True,8427787
"Árvore, Porto, Portugal",,Árvore,Porto,Portugal,PT,Point,"[-8.73747, 41.33118]",True,8432091
"Şişli, İstanbul, Turkey",Şişli,Sisli,Istanbul,Turkey,TR,Point,"[28.99683, 41.07385]",False,8432900
"Astoria, NY, United States",Queens,Astoria,New York,United States,US,Point,"[-73.91325, 40.76615]",True,8441969
"Porto, Porto District, Portugal",,Bonfim,Porto,Portugal,PT,Point,"[-8.5999, 41.15908]",False,8443251
"Mosman, NSW, Australia",Mosman,Mosman,Sydney,Australia,AU,Point,"[151.24366, -33.82489]",True,8461086
"Üsküdar, İstanbul, Turkey",Üsküdar,Uskudar,Istanbul,Turkey,TR,Point,"[29.01386, 41.01205]",False,8463872
"Rio de Janeiro, Rio de Janeiro, Brazil",Copacabana,Copacabana,Rio De Janeiro,Brazil,BR,Point,"[-43.19556815835065, -22.982738721442146]",True,846689
"New York, NY, United States",Manhattan,Upper West Side,New York,United States,US,Point,"[-73.97314, 40.78689]",True,846854
"Honolulu, HI, United States",Honolulu,Primary Urban Center,Oahu,United States,US,Point,"[-157.82454, 21.27631]",True,8473997
"New York, NY, United States",Harlem,Harlem,New York,United States,US,Point,"[-73.9453, 40.82725]",True,8474806
"Kailua, HI, United States",Oʻahu,Koolaupoko,Oahu,United States,US,Point,"[-157.7464, 21.40158]",True,8505920
"Barcelona, Catalunya, Spain",Sants-Montjuïc,la Bordeta,Barcelona,Spain,ES,Point,"[2.14039, 41.37357]",False,8521963
"Barcelona, Catalunya, Spain",Gràcia,la Vila de Gràcia,Barcelona,Spain,ES,Point,"[2.15765, 41.39898]",False,8537109
"Waikoloa Village, HI, United States",Island of Hawaiʻi,South Kohala,The Big Island,United States,US,Point,"[-155.88047, 19.91602]",False,8543198
"Barcelona, Catalunya, Spain",El Poble-sec,el Poble Sec,Barcelona,Spain,ES,Point,"[2.16183, 41.37471]",False,8553863
"Kihei, HI, United States",Kihei/Wailea,Kihei-Makena,Maui,United States,US,Point,"[-156.45773, 20.7471]",True,8556777
"Princeville, HI, United States",Kauaʻi,North Shore Kauai,Kauai,United States,US,Point,"[-159.4823, 22.22784]",True,8558940
"Mascot, NSW, Australia",Mascot,Botany Bay,Sydney,Australia,AU,Point,"[151.1875, -33.92427]",True,8559496
"Rio de Janeiro, Rio de Janeiro, Brazil",Copacabana,Copacabana,Rio De Janeiro,Brazil,BR,Point,"[-43.178227303113964, -22.96539812985642]",True,8566106
"Beyoglu, taksim 
istanbul beyoglu taksim, İstanbul, Turkey",Beyoglu,Beyoglu,Istanbul,Turkey,TR,Point,"[28.97295, 41.03611]",False,8567327
"Palm Beach, NSW, Australia",Palm Beach,Pittwater,Sydney,Australia,AU,Point,"[151.32252, -33.60064]",True,8571561
"Waikoloa Village, HI, United States",Island of Hawaiʻi,South Kohala,The Big Island,United States,US,Point,"[-155.87969, 19.91485]",False,8581508
"Honokaa, HI, United States",Hamakua Coast,Hamakua,The Big Island,United States,US,Point,"[-155.57305, 20.11835]",True,8582685
"Bronx, NY, United States",The Bronx,Mount Eden,New York,United States,US,Point,"[-73.91382, 40.84058]",True,858695
"New York, NY, United States",East Harlem,East Harlem,New York,United States,US,Point,"[-73.94003, 40.79802]",False,8593656
"Haleiwa, HI, United States",North Shore,North Shore Oahu,Oahu,United States,US,Point,"[-158.05936, 21.64974]",True,859686
"Papaikou/Hilohilo , HI, United States",Hilo,South Hilo,The Big Island,United States,US,Point,"[-155.10389, 19.8003]",False,8597222
"Kailua, HI, United States",Oʻahu,Koolaupoko,Oahu,United States,US,Point,"[-157.74216, 21.40129]",True,8598424
"Şişli, İstanbul, Turkey",Şişli,Sisli,Istanbul,Turkey,TR,Point,"[28.99434, 41.06049]",False,8606636
"Kapaa, HI, United States",Kauaʻi,Kapaa-Wailua,Kauai,United States,US,Point,"[-159.32769, 22.05253]",False,8606900
"Brooklyn, NY, United States",Brooklyn,Williamsburg,New York,United States,US,Point,"[-73.95726, 40.71006]",True,8608841
"Barcelona, Catalonia, Spain",Sants-Montjuïc,el Poble Sec,Barcelona,Spain,ES,Point,"[2.16447, 41.37421]",True,861172
"Avalon Beach, NSW, Australia",Avalon,Pittwater,Sydney,Australia,AU,Point,"[151.33275, -33.61943]",True,8616844
"Brooklyn, NY, United States",Brooklyn,Flatbush,New York,United States,US,Point,"[-73.95305, 40.65336]",True,8624104
"Kailua, HI, United States",Kailua,Koolaupoko,Oahu,United States,US,Point,"[-157.71911, 21.39473]",True,8627986
"New York, NY, United States",Manhattan,Financial District,New York,United States,US,Point,"[-74.0088, 40.70838]",True,8628309
"Montréal, Québec, Canada",Downtown Montreal,Ville-Marie,Montreal,Canada,CA,Point,"[-73.55837, 45.52153]",True,8634239
"Brooklyn , NY, United States",Bedford-Stuyvesant,Bedford-Stuyvesant,New York,United States,US,Point,"[-73.92373, 40.67754]",False,8650800
"Barcelona, Catalonia, Spain",Eixample,la Dreta de l'Eixample,Barcelona,Spain,ES,Point,"[2.17019, 41.39909]",True,865148
"Barcelona, Catalonia, Spain",Eixample,la Dreta de l'Eixample,Barcelona,Spain,ES,Point,"[2.17086, 41.39767]",True,865367
"Beyoğlu, İstanbul, Turkey",Beyoglu,Beyoglu,Istanbul,Turkey,TR,Point,"[28.98144, 41.03036]",True,8662829
"Barcelona, Catalonia, Spain",El Raval,el Raval,Barcelona,Spain,ES,Point,"[2.16915, 41.38494]",True,8664238
"Waikoloa Village, HI, United States",Island of Hawaiʻi,South Kohala,The Big Island,United States,US,Point,"[-155.79154, 19.93311]",True,8672496
"Lahaina, HI, United States",Kaanapali,Lahaina,Maui,United States,US,Point,"[-156.68897, 20.93447]",True,867745
"New York, NY, United States",Chelsea,Chelsea,New York,United States,US,Point,"[-74.00184, 40.7411]",True,8698671
"Beyoğlu, İstanbul, Turkey",Beyoglu,Beyoglu,Istanbul,Turkey,TR,Point,"[28.95465, 41.03922]",False,8705489
"Barcelona, Catalunya, Spain",La Sagrada Família,la Sagrada Família,Barcelona,Spain,ES,Point,"[2.17954, 41.40542]",True,8708285
"Rio de Janeiro, Rio de Janeiro, Brazil",Todos os Santos,Todos os Santos,Rio De Janeiro,Brazil,BR,Point,"[-43.28815453293831, -22.900517430354586]",False,8710268
"Brooklyn, NY, United States",Brooklyn,Fort Greene,New York,United States,US,Point,"[-73.97813, 40.68601]",True,8719788
"Paia, HI, United States",Maui,Paia-Haiku,Maui,United States,US,Point,"[-156.37736, 20.91115]",True,8725519
"Barcelona, Catalunya, Spain",El Poble-sec,el Poble Sec,Barcelona,Spain,ES,Point,"[2.15897, 41.37482]",True,8736847
"Montréal, Québec, Canada",Le Plateau,Le Plateau-Mont-Royal,Montreal,Canada,CA,Point,"[-73.56897, 45.53421]",True,8738605
"Istanbul, Sultanahmet, Turkey",Fatih,Fatih,Istanbul,Turkey,TR,Point,"[28.97716, 41.00337]",False,8746817
"Honolulu, HI, United States",Oʻahu,Primary Urban Center,Oahu,United States,US,Point,"[-157.82638, 21.29826]",True,8747128
"New York, NY, United States",Manhattan,West Village,New York,United States,US,Point,"[-74.00686, 40.73746]",False,875567
"Hāna, HI, United States",Hana,Hana,Maui,United States,US,Point,"[-155.98991, 20.75688]",True,8764966
"Kahuku, HI, United States",Windward Side,Koolauloa,Oahu,United States,US,Point,"[-158.01657, 21.69298]",True,8777931
"Kaanapali, HI, United States",Maui,Lahaina,Maui,United States,US,Point,"[-156.68939, 20.94595]",False,8778128
"Barcelona, Catalunya, Spain",Horta-Guinardó,el Guinardó,Barcelona,Spain,ES,Point,"[2.17833, 41.41507]",True,8778827
"Rio de Janeiro, Rio de Janeiro, Brazil",Ipanema,Ipanema,Rio De Janeiro,Brazil,BR,Point,"[-43.19568749147897, -22.985071907544643]",True,878307
"Waikoloa Beach Resort, HI, United States",Island of Hawaiʻi,South Kohala,The Big Island,United States,US,Point,"[-155.87825, 19.91656]",False,8783653
"Caringbah, NSW, Australia",,Sutherland Shire,Sydney,Australia,AU,Point,"[151.13072, -34.0438]",True,8797439
"Montréal, Québec, Canada",Downtown Montreal,Ville-Marie,Montreal,Canada,CA,Point,"[-73.56156, 45.52117]",True,8799546
"Rio de Janeiro, Rio de Janeiro, Brazil",Ipanema,Ipanema,Rio De Janeiro,Brazil,BR,Point,"[-43.208947252933214, -22.984064324510875]",True,880678
"New York, NY, United States",Midtown,Midtown,New York,United States,US,Point,"[-73.97004, 40.75606]",False,8806783
"Kailua-Kona, HI, United States",Island of Hawaiʻi,North Kona,The Big Island,United States,US,Point,"[-155.98418, 19.61764]",True,8809414
"Montréal, Québec, Canada",Rosemont-La Petite-Patrie,Rosemont-La Petite-Patrie,Montreal,Canada,CA,Point,"[-73.59893, 45.53657]",True,8822107
"Waialua, HI, United States",North Shore,North Shore Oahu,Oahu,United States,US,Point,"[-158.13783, 21.58261]",True,8830290
"Hong Kong, Kowloon, Hong Kong",Yau Tsim Mong,Yau Tsim Mong,Hong Kong,Hong Kong,HK,Point,"[114.17426, 22.29697]",False,8831109
"Hong Kong, Kowloon, Hong Kong",Yau Tsim Mong,Yau Tsim Mong,Hong Kong,Hong Kong,HK,Point,"[114.17198, 22.3046]",True,8834274
"Phillip Bay, NSW, Australia",Phillip Bay,Randwick,Sydney,Australia,AU,Point,"[151.23389, -33.98121]",True,884057
"Porto, Porto, Portugal",,"Cedofeita, Ildefonso, Sé, Miragaia, Nicolau, Vitória",Porto,Portugal,PT,Point,"[-8.60519, 41.1558]",True,8844419
"Kihei, HI, United States",Kihei/Wailea,Kihei-Makena,Maui,United States,US,Point,"[-156.446, 20.71799]",True,8844994
"Montréal, Québec, Canada",Villeray-Saint-Michel-Parc-Extension,Villeray-Saint-Michel-Parc-Extension,Montreal,Canada,CA,Point,"[-73.61702, 45.54432]",True,8847051
"Honolulu, HI, United States",Honolulu,Primary Urban Center,Oahu,United States,US,Point,"[-157.83206, 21.28755]",True,8847497
"Montréal, Québec, Canada",Downtown Montreal,Ville-Marie,Montreal,Canada,CA,Point,"[-73.57983, 45.50001]",True,8861779
"İstanbul, İstanbul, Turkey",Karaköy,Beyoglu,Istanbul,Turkey,TR,Point,"[28.97389, 41.02658]",False,8863253
"Hong Kong, Hong Kong Island, Hong Kong",Mid-Levels,Central & Western,Hong Kong,Hong Kong,HK,Point,"[114.15026, 22.28296]",True,8877086
"Annandale, NSW, Australia",Annandale/Leichhardt,Leichhardt,Sydney,Australia,AU,Point,"[151.16834, -33.8809]",True,888107
"Beşiktaş, İstanbul, Turkey",Beşiktaş,Besiktas,Istanbul,Turkey,TR,Point,"[29.00748, 41.05769]",False,8884155
"Istanbul, İstanbul, Turkey",Moda,Kadikoy,Istanbul,Turkey,TR,Point,"[29.02733, 40.987]",False,8892366
"Montreal, QC, Canada",Mercier-Hochelaga-Maisonneuve,Mercier-Hochelaga-Maisonneuve,Montreal,Canada,CA,Point,"[-73.53937, 45.55639]",True,890444
"Rio de Janeiro, Rio de Janeiro, Brazil",Copacabana,Copacabana,Rio De Janeiro,Brazil,BR,Point,"[-43.17888410382214, -22.966203750575392]",False,8905515
"Freshwater, NSW, Australia",Manly,Warringah,Sydney,Australia,AU,Point,"[151.29339, -33.77881]",True,8905626
"Porto, Porto, Portugal",,"Cedofeita, Ildefonso, Sé, Miragaia, Nicolau, Vitória",Porto,Portugal,PT,Point,"[-8.60575, 41.14743]",True,8923160
"Rio de Janeiro, Rio de Janeiro, Brazil",Copacabana,Copacabana,Rio De Janeiro,Brazil,BR,Point,"[-43.19298277926956, -22.98032332188258]",True,892349
"Brooklyn, NY, United States",Williamsburg,Williamsburg,New York,United States,US,Point,"[-73.96326, 40.71216]",True,894063
"Rio de Janeiro, State of Rio de Janeiro, Brazil",Tijuca,Tijuca,Rio De Janeiro,Brazil,BR,Point,"[-43.21372343354956, -22.921080278212028]",False,8942282
"Princeville, HI, United States",Kauaʻi,North Shore Kauai,Kauai,United States,US,Point,"[-159.48315, 22.22836]",True,8958638
"Sydney, NSW, Australia",Central Business District,Sydney,Sydney,Australia,AU,Point,"[151.21005, -33.87447]",False,8977830
"Rio de Janeiro, Rio de Janeiro, Brazil",Barra da Tijuca,Jacarepaguá,Rio De Janeiro,Brazil,BR,Point,"[-43.38501244953872, -22.9697111164902]",False,8980230
"Brooklyn , NY, United States",Brooklyn,Fort Greene,New York,United States,US,Point,"[-73.97274, 40.69402]",False,8985856
"Porto, Porto, Portugal",,"Cedofeita, Ildefonso, Sé, Miragaia, Nicolau, Vitória",Porto,Portugal,PT,Point,"[-8.61466, 41.13975]",True,901441
"Istanbul, İstanbul, Turkey",,Tuzla,Istanbul,Turkey,TR,Point,"[29.32336, 40.8312]",False,9015251
"New York, NY, United States",East Village,East Village,New York,United States,US,Point,"[-73.9832, 40.72871]",True,902482
"Brooklyn, NY, United States",Brooklyn,Bedford-Stuyvesant,New York,United States,US,Point,"[-73.93541, 40.69646]",True,9028599
"沙田, 新界, Hong Kong",,Sha Tin,Hong Kong,Hong Kong,HK,Point,"[114.17945, 22.37146]",False,9039792
"Montréal, Québec, Canada",Mercier-Hochelaga-Maisonneuve,Mercier-Hochelaga-Maisonneuve,Montreal,Canada,CA,Point,"[-73.54764, 45.5423]",True,9040313
"Hong Kong, Kowloon, Hong Kong",Yau Tsim Mong,Yau Tsim Mong,Hong Kong,Hong Kong,HK,Point,"[114.17353, 22.30451]",True,9056827
"Haleiwa, HI, United States",Oʻahu,North Shore Oahu,Oahu,United States,US,Point,"[-158.10113, 21.59316]",False,9061835
"Fatih, İstanbul, Turkey",Fatih,Fatih,Istanbul,Turkey,TR,Point,"[28.94473, 41.02747]",True,9068299
"Kingswood, NSW, Australia",,Penrith,Sydney,Australia,AU,Point,"[150.7154, -33.76477]",True,9080393
"Haleiwa, HI, United States",Oʻahu,North Shore Oahu,Oahu,United States,US,Point,"[-158.0615, 21.65427]",True,9094914
"Minto Heights, NSW, Australia",,Campbelltown,Sydney,Australia,AU,Point,"[150.87033, -34.0259]",False,9098095
"Honolulu, HI, United States",Oʻahu,Primary Urban Center,Oahu,United States,US,Point,"[-157.82081, 21.26193]",True,9099615
"Lugarno, NSW, Australia",Lugarno,Hurstville,Sydney,Australia,AU,Point,"[151.0463, -33.98796]",True,9101212
"Rio de Janeiro, Rio de Janeiro, Brazil",Flamengo,Flamengo,Rio De Janeiro,Brazil,BR,Point,"[-43.17473104288872, -22.93003916285195]",True,9117426
"Hong Kong, Hong Kong Island, Hong Kong",Soho,Central & Western,Hong Kong,Hong Kong,HK,Point,"[114.15366, 22.27906]",True,9118090
"Mongkok, kowloon, Hong Kong",Mong Kok,Yau Tsim Mong,Hong Kong,Hong Kong,HK,Point,"[114.17062, 22.31776]",True,9138303
"Porto, Porto, Portugal",,"Cedofeita, Ildefonso, Sé, Miragaia, Nicolau, Vitória",Porto,Portugal,PT,Point,"[-8.60983, 41.14833]",True,91439
"Hōlualoa, HI, United States",Island of Hawaiʻi,North Kona,The Big Island,United States,US,Point,"[-155.94914, 19.61495]",True,9152841
"Wailea, HI, United States",Maui,Kihei-Makena,Maui,United States,US,Point,"[-156.43582, 20.68449]",True,9155739
"Redfern, NSW, Australia",Redfern,Sydney,Sydney,Australia,AU,Point,"[151.19793, -33.89438]",True,9156574
"Rio de Janeiro, Rio de Janeiro, Brazil",Ipanema,Ipanema,Rio De Janeiro,Brazil,BR,Point,"[-43.211681824394425, -22.982982687150482]",False,9172046
"Honolulu, HI, United States",Honolulu,Primary Urban Center,Oahu,United States,US,Point,"[-157.82053, 21.27292]",True,9174474
"Beşiktaş, İstanbul, Turkey",Beşiktaş,Besiktas,Istanbul,Turkey,TR,Point,"[29.02156, 41.04849]",False,9179294
"Barcelona, Catalunya, Spain",Ciutat Vella,el Barri Gòtic,Barcelona,Spain,ES,Point,"[2.17326, 41.38807]",False,9181831
"Hanalei, HI, United States",Kauaʻi,North Shore Kauai,Kauai,United States,US,Point,"[-159.50329, 22.20024]",True,918451
"Brooklyn, NY, United States",Park Slope,Park Slope,New York,United States,US,Point,"[-73.97925, 40.67665]",True,919491
"Rio de Janeiro, Rio de Janeiro, Brazil",Barra da Tijuca,Barra da Tijuca,Rio De Janeiro,Brazil,BR,Point,"[-43.31513777478434, -23.012705573113198]",True,9195855
"Rio de Janeiro, Rio de Janeiro, Brazil",Botafogo,Botafogo,Rio De Janeiro,Brazil,BR,Point,"[-43.19500310634185, -22.95282123080277]",False,9200371
"Brooklyn, NY, United States",Bedford-Stuyvesant,Bedford-Stuyvesant,New York,United States,US,Point,"[-73.93648, 40.68336]",True,921585
"Erskineville, NSW, Australia",Waterloo,Sydney,Sydney,Australia,AU,Point,"[151.1879, -33.89746]",True,9223554
"New York, NY, United States",Manhattan,Hell's Kitchen,New York,United States,US,Point,"[-73.99021, 40.76222]",True,9236451
"Porto, Porto, Portugal",,Bonfim,Porto,Portugal,PT,Point,"[-8.6011, 41.14865]",True,9248616
"Montréal, Québec, Canada",Parc-Extension,Villeray-Saint-Michel-Parc-Extension,Montreal,Canada,CA,Point,"[-73.62401, 45.53069]",True,9256000
"Kihei, HI, United States",Kihei/Wailea,Kihei-Makena,Maui,United States,US,Point,"[-156.4445, 20.72062]",True,9256784
"Rio de Janeiro, Rio de Janeiro, Brazil",Jardim Botânico,Jardim Botânico,Rio De Janeiro,Brazil,BR,Point,"[-43.2063321958324, -22.95966265720807]",False,9258101
"Montreal, QC, Canada",Downtown Montreal,Ville-Marie,Montreal,Canada,CA,Point,"[-73.58138, 45.49598]",False,9260303
"Rio de Janeiro, Rio de Janeiro, Brazil",Copacabana,Copacabana,Rio De Janeiro,Brazil,BR,Point,"[-43.19105477938173, -22.97477975889583]",False,926669
"Rose Bay, NSW, Australia",Bellevue Hill,Woollahra,Sydney,Australia,AU,Point,"[151.26407, -33.87403]",False,927923
"Porto, Porto, Portugal",,"Cedofeita, Ildefonso, Sé, Miragaia, Nicolau, Vitória",Porto,Portugal,PT,Point,"[-8.61964, 41.15573]",True,9280084
"Randwick, NSW, Australia",Randwick,Randwick,Sydney,Australia,AU,Point,"[151.2363, -33.91705]",True,928035
"Barcelona, Catalonia, Spain",Ciutat Vella,"Sant Pere, Santa Caterina i la Ribera",Barcelona,Spain,ES,Point,"[2.18134, 41.38391]",False,928725
"Hong Kong, Hong Kong Island, Hong Kong",Central & Western District,Central & Western,Hong Kong,Hong Kong,HK,Point,"[114.15168, 22.28536]",True,9290560
"Montreal, QC, Canada",Le Plateau-Mont-Royal,Le Plateau-Mont-Royal,Montreal,Canada,CA,Point,"[-73.56696, 45.5344]",True,929583
"Rio de Janeiro, Rio de Janeiro, Brazil",Copacabana,Copacabana,Rio De Janeiro,Brazil,BR,Point,"[-43.18149968615057, -22.96752294227926]",False,9296889
"Montréal, Québec, Canada",Outremont,Outremont,Montreal,Canada,CA,Point,"[-73.61654, 45.51896]",True,9297414
"Brooklyn , NY, United States",Crown Heights,Crown Heights,New York,United States,US,Point,"[-73.948, 40.66722]",False,9310959
"Hong Kong, Hong Kong Island, Hong Kong",Causeway Bay,Wan Chai,Hong Kong,Hong Kong,HK,Point,"[114.18267, 22.28021]",False,9313155
"Montreal, QC, Canada",Quartier des Spectacles,Ville-Marie,Montreal,Canada,CA,Point,"[-73.56241, 45.51239]",True,932205
"Beyoğlu, İstanbul, Turkey",Beyoglu,Beyoglu,Istanbul,Turkey,TR,Point,"[28.98113, 41.03813]",False,9326847
"Honolulu, HI, United States",Oʻahu,Primary Urban Center,Oahu,United States,US,Point,"[-157.82197, 21.27269]",True,9334038
"Rio de Janeiro, State of Rio de Janeiro, Brazil",Botafogo,Botafogo,Rio De Janeiro,Brazil,BR,Point,"[-43.19401665734798, -22.951958119901917]",False,9347161
"Honolulu, HI, United States",Kaimuki,Primary Urban Center,Oahu,United States,US,Point,"[-157.79939, 21.27357]",False,935796
"Barcelona, Catalonia, Spain",Eixample,la Dreta de l'Eixample,Barcelona,Spain,ES,Point,"[2.16726, 41.39726]",False,9358770
"New York, NY, United States",Manhattan,East Village,New York,United States,US,Point,"[-73.98488, 40.72521]",True,936001
"Rio de Janeiro, State of Rio de Janeiro, Brazil",,Itanhangá,Rio De Janeiro,Brazil,BR,Point,"[-43.308147197547875, -22.988521909626048]",False,9369576
"Jordan, Kowloon, Hong Kong",Yau Tsim Mong,Yau Tsim Mong,Hong Kong,Hong Kong,HK,Point,"[114.17221, 22.30417]",False,9372696
"Porto, Porto, Portugal",,"Cedofeita, Ildefonso, Sé, Miragaia, Nicolau, Vitória",Porto,Portugal,PT,Point,"[-8.6109, 41.15928]",False,9379065
"Honolulu, HI, United States",Oʻahu,Primary Urban Center,Oahu,United States,US,Point,"[-157.82828, 21.28237]",False,9379792
"Brooklyn, NY, United States",Gowanus,Gowanus,New York,United States,US,Point,"[-73.99029, 40.67017]",True,9393332
"Hong Kong, New Territories, Hong Kong",,Islands,Hong Kong,Hong Kong,HK,Point,"[114.03236, 22.20235]",True,9395165
"New York, NY, United States",Harlem,Harlem,New York,United States,US,Point,"[-73.94493, 40.81071]",True,939657
"Barcelona, Catalonia, Spain",Sant Martí,el Clot,Barcelona,Spain,ES,Point,"[2.18888, 41.41069]",True,940374
"Rio de Janeiro, Rio de Janeiro, Brazil",Copacabana,Copacabana,Rio De Janeiro,Brazil,BR,Point,"[-43.19187518530296, -22.96778130088533]",True,9404853
"Kailua-Kona, HI, United States",Island of Hawaiʻi,North Kona,The Big Island,United States,US,Point,"[-155.95925, 19.60502]",True,941361
"Surry Hills, NSW, Australia",Surry Hills,Sydney,Sydney,Australia,AU,Point,"[151.21627, -33.88659]",True,9415438
"Barcelona, Catalunya, Spain",Eixample,la Dreta de l'Eixample,Barcelona,Spain,ES,Point,"[2.17178, 41.39802]",True,9421482
"Barcelona, Catalunya, Spain",Eixample,la Dreta de l'Eixample,Barcelona,Spain,ES,Point,"[2.17249, 41.3994]",True,9422452
"New York, NY, United States",Kips Bay,Kips Bay,New York,United States,US,Point,"[-73.98038, 40.74015]",True,9434432
"Hong Kong, Hong Kong Island, Hong Kong",,Tsuen Wan,Hong Kong,Hong Kong,HK,Point,"[114.10985, 22.39526]",False,9436729
"Beyoğlu, İstanbul, Turkey",Karaköy,Beyoglu,Istanbul,Turkey,TR,Point,"[28.97518, 41.0261]",True,9444630
"Kihei, HI, United States",Maui,Kihei-Makena,Maui,United States,US,Point,"[-156.43919, 20.69575]",True,944736
"Montréal, Québec, Canada",Downtown Montreal,Ville-Marie,Montreal,Canada,CA,Point,"[-73.58143, 45.4951]",True,9448927
"New York, NY, United States",Manhattan,Hell's Kitchen,New York,United States,US,Point,"[-73.98914, 40.76355]",True,9451492
"Montréal, Québec, Canada",Cote-des-Neiges-Notre-Dame-de-Grace,Côte-des-Neiges-Notre-Dame-de-Grâce,Montreal,Canada,CA,Point,"[-73.6214, 45.49117]",True,9473275
"Brooklyn, NY, United States",Williamsburg,Williamsburg,New York,United States,US,Point,"[-73.95576, 40.72182]",True,9485566
"Rio de Janeiro, Rio de Janeiro, Brazil",Laranjeiras,Laranjeiras,Rio De Janeiro,Brazil,BR,Point,"[-43.19062899598973, -22.93945894312795]",True,9493192
"Elizabeth Bay, NSW, Australia",Potts Point,Sydney,Sydney,Australia,AU,Point,"[151.22423, -33.87094]",False,9497614
"Barcelona, Catalunya, Spain",El Raval,el Raval,Barcelona,Spain,ES,Point,"[2.16859, 41.37958]",False,9498918
"Rio de Janeiro, Rio de Janeiro, Brazil",Copacabana,Copacabana,Rio De Janeiro,Brazil,BR,Point,"[-43.190633662185114, -22.974847714440838]",True,9504767
"Montréal, Québec, Canada",La Petite-Patrie,Rosemont-La Petite-Patrie,Montreal,Canada,CA,Point,"[-73.60577, 45.54015]",True,9505003
"Montréal, Québec, Canada",Le Plateau,Le Plateau-Mont-Royal,Montreal,Canada,CA,Point,"[-73.56743, 45.53463]",True,9511484
"Darlinghurst, NSW, Australia",Darlinghurst,Sydney,Sydney,Australia,AU,Point,"[151.21391, -33.87618]",True,9516607
"Haiku/Huelo, HI, United States",North Shore (Maui),Paia-Haiku,Maui,United States,US,Point,"[-156.21595, 20.90497]",True,951837
"Montréal, Québec, Canada",Mile End,Le Plateau-Mont-Royal,Montreal,Canada,CA,Point,"[-73.58563, 45.52224]",True,9524926
"Barcelona, Catalunya, Spain",Gràcia,el Camp d'en Grassot i Gràcia Nova,Barcelona,Spain,ES,Point,"[2.16888, 41.40585]",True,95560
"香港, 九龍, Hong Kong",Sham Shui Po,Sham Shui Po,Hong Kong,Hong Kong,HK,Point,"[114.16089, 22.32694]",False,9557097
"Queens, NY, United States",Rego Park,Rego Park,New York,United States,US,Point,"[-73.85579, 40.72478]",True,9562872
"Dee Why, NSW, Australia",,Warringah,Sydney,Australia,AU,Point,"[151.28952, -33.75171]",True,9564669
"Sydney, NSW, Australia",Central Business District,Sydney,Sydney,Australia,AU,Point,"[151.20544, -33.86874]",True,9567840
"Corona, NY, United States",Queens,Corona,New York,United States,US,Point,"[-73.85861, 40.73703]",False,9577006
"North Bondi, NSW, Australia",North Bondi,Waverley,Sydney,Australia,AU,Point,"[151.28425, -33.89286]",True,9577071
"Brooklyn, NY, United States",Brooklyn,Gowanus,New York,United States,US,Point,"[-73.98718, 40.67924]",True,9578325
"香港, 九龍, Hong Kong",Mong Kok,Yau Tsim Mong,Hong Kong,Hong Kong,HK,Point,"[114.16916, 22.32094]",False,9580041
"Haleiwa, HI, United States",Oʻahu,North Shore Oahu,Oahu,United States,US,Point,"[-158.0442, 21.64037]",True,958849
"Honolulu, HI, United States",Honolulu,Primary Urban Center,Oahu,United States,US,Point,"[-157.82081, 21.27531]",True,9589395
"Rio de Janeiro, Rio de Janeiro, Brazil",Barra da Tijuca,Barra da Tijuca,Rio De Janeiro,Brazil,BR,Point,"[-43.319287787333884, -23.010099799418892]",True,9590078
"New York, NY, United States",Manhattan,Harlem,New York,United States,US,Point,"[-73.94491, 40.81872]",False,9590866
"Brooklyn, NY, United States",Brooklyn,Williamsburg,New York,United States,US,Point,"[-73.93999, 40.71765]",True,959349
"Manly, NSW, Australia",Manly,Manly,Sydney,Australia,AU,Point,"[151.28312, -33.7957]",True,9597872
"Potts Point, NSW, Australia",Potts Point,Sydney,Sydney,Australia,AU,Point,"[151.22464, -33.87335]",True,9599384
"Montréal, Québec, Canada",Le Plateau-Mont-Royal,Le Plateau-Mont-Royal,Montreal,Canada,CA,Point,"[-73.59521, 45.5198]",True,9611825
"Carlton, NSW, Australia",Carlton,City Of Kogarah,Sydney,Australia,AU,Point,"[151.12418, -33.9764]",False,9612902
"Rio de Janeiro, Rio de Janeiro, Brazil",,Copacabana,Rio De Janeiro,Brazil,BR,Point,"[-43.18633508838812, -22.97021689783659]",True,9614181
"New York, NY, United States",Midtown,Hell's Kitchen,New York,United States,US,Point,"[-73.98705, 40.76406]",True,9614672
"Istanbul, Istanbul, Turkey",Beşiktaş,Besiktas,Istanbul,Turkey,TR,Point,"[29.00436, 41.0468]",False,961596
"Üsküdar, İstanbul, Turkey",Üsküdar,Uskudar,Istanbul,Turkey,TR,Point,"[29.01225, 41.02042]",False,9624500
"Woolloomooloo, NSW, Australia",Woolloomooloo,Sydney,Sydney,Australia,AU,Point,"[151.21598, -33.87282]",True,9631766
"Camperdown, NSW, Australia",Camperdown,Marrickville,Sydney,Australia,AU,Point,"[151.17751, -33.88993]",False,9639849
"Rio de Janeiro, Rio de Janeiro, Brazil",Santa Teresa,Santa Teresa,Rio De Janeiro,Brazil,BR,Point,"[-43.18981235614394, -22.922431792045103]",True,9643051
"Rio de Janeiro, Rio de Janeiro, Brazil",Botafogo,Botafogo,Rio De Janeiro,Brazil,BR,Point,"[-43.18425224964477, -22.943498258954893]",False,9667647
"Beyoğlu, İstanbul, Turkey",Taksim,Beyoglu,Istanbul,Turkey,TR,Point,"[28.98211, 41.03849]",True,9672507
"Barcelona, Catalonia, Spain",La Nova Esquerra de l'Eixample,l'Antiga Esquerra de l'Eixample,Barcelona,Spain,ES,Point,"[2.16229, 41.38556]",True,967346
"Küçükçekmece İkitelli Mehmet Akif, İstanbul, Turkey",,Basaksehir,Istanbul,Turkey,TR,Point,"[28.80758, 41.06224]",False,9677123
"Rio de Janeiro, Rio de Janeiro, Brazil",Laranjeiras,Laranjeiras,Rio De Janeiro,Brazil,BR,Point,"[-43.18207429845258, -22.93723255021071]",False,9686887
"Barcelona, Catalunya, Spain",Ciutat Vella,"Sant Pere, Santa Caterina i la Ribera",Barcelona,Spain,ES,Point,"[2.18125, 41.38321]",True,9688838
"Beşiktaş, İstanbul, Turkey",Beşiktaş,Besiktas,Istanbul,Turkey,TR,Point,"[29.04112, 41.07782]",False,9691680
"New York, NY, United States",Manhattan,Greenwich Village,New York,United States,US,Point,"[-73.99787, 40.73411]",True,9696653
"Kennedy Town, Hong Kong Island, Hong Kong",Central & Western District,Central & Western,Hong Kong,Hong Kong,HK,Point,"[114.11971, 22.28033]",True,9698778
"Glebe , Sydney , NSW, Australia",Glebe,Sydney,Sydney,Australia,AU,Point,"[151.18521, -33.87615]",False,9701620
"Brooklyn, NY, United States",Brooklyn,Bushwick,New York,United States,US,Point,"[-73.92046, 40.68996]",True,9703075
"Rio de Janeiro, Rio de Janeiro, Brazil",Jardim Botânico,Jardim Botânico,Rio De Janeiro,Brazil,BR,Point,"[-43.207817315180634, -22.957500558672173]",True,9708020
"Montréal, Québec, Canada",Mile End,Le Plateau-Mont-Royal,Montreal,Canada,CA,Point,"[-73.58881, 45.52552]",False,9712329
"Waimanalo Beach, HI, United States",Oʻahu,Koolaupoko,Oahu,United States,US,Point,"[-157.69939, 21.33613]",False,9714401
"Barcelona, Barcelona, Spain",Eixample,Sant Antoni,Barcelona,Spain,ES,Point,"[2.16051, 41.3816]",True,9721256
"Rio de Janeiro, Rio de Janeiro, Brazil",Copacabana,Copacabana,Rio De Janeiro,Brazil,BR,Point,"[-43.19110751025959, -22.981273416721365]",False,9733671
"Birchgrove, NSW, Australia",Balmain/Birchgrove,Leichhardt,Sydney,Australia,AU,Point,"[151.18227, -33.85193]",True,9735397
"Waianae, HI, United States",Nanakuli/Maili,Waianae,Oahu,United States,US,Point,"[-158.1778, 21.41479]",True,9736844
"Church Point, NSW, Australia",,Pittwater,Sydney,Australia,AU,Point,"[151.28726, -33.65198]",True,9738789
"Hong Kong, Kowloon, Hong Kong",Yau Tsim Mong,Yau Tsim Mong,Hong Kong,Hong Kong,HK,Point,"[114.17004, 22.32053]",True,9740895
"Rio de Janeiro, Rio de Janeiro, Brazil",Leblon,Leblon,Rio De Janeiro,Brazil,BR,Point,"[-43.22271207795998, -22.98353103962762]",True,9744478
"Barcelona, Catalunya, Spain",Eixample,el Fort Pienc,Barcelona,Spain,ES,Point,"[2.17872, 41.39476]",True,9746950
"Barcelona, Spain",Diagonal Mar - La Mar Bella,Diagonal Mar i el Front Marítim del Poblenou,Barcelona,Spain,ES,Point,"[2.20914, 41.40227]",False,9755908
"Queens, NY, United States",Queens,Astoria,New York,United States,US,Point,"[-73.91026, 40.769]",True,9759181
"Newtown, NSW, Australia",Newtown/Enmore,Marrickville,Sydney,Australia,AU,Point,"[151.1773, -33.90163]",True,9759372
"Tai Po District, New Territories, Hong Kong",,Tai Po,Hong Kong,Hong Kong,HK,Point,"[114.1726, 22.45765]",False,9762946
"Rio de Janeiro, Rio de Janeiro, Brazil",Flamengo,Flamengo,Rio De Janeiro,Brazil,BR,Point,"[-43.17550300919552, -22.929367107937555]",True,9765083
"Staten Island, NY, United States",Staten Island,Tompkinsville,New York,United States,US,Point,"[-74.07868, 40.63661]",True,9767864
"Rio de Janeiro, Rio de Janeiro, Brazil",,Barra da Tijuca,Rio De Janeiro,Brazil,BR,Point,"[-43.4315515696845, -23.009790095151075]",False,9774127
"Montréal, Québec, Canada",Cote-des-Neiges-Notre-Dame-de-Grace,Côte-des-Neiges-Notre-Dame-de-Grâce,Montreal,Canada,CA,Point,"[-73.60664, 45.47268]",True,9789520
"Montréal, Québec, Canada",Le Plateau,Le Plateau-Mont-Royal,Montreal,Canada,CA,Point,"[-73.5644, 45.5315]",True,9794124
"Rio de Janeiro, Rio de Janeiro, Brazil",Barra da Tijuca,Jacarepaguá,Rio De Janeiro,Brazil,BR,Point,"[-43.39627025435643, -22.971735634676985]",True,9795621
"Bondi, NSW, Australia",Tamarama,Waverley,Sydney,Australia,AU,Point,"[151.26785, -33.89643]",False,9796437
"Fatih, İstanbul, Turkey",Fatih,Fatih,Istanbul,Turkey,TR,Point,"[28.97989, 41.006]",False,9799412
"Glebe, NSW, Australia",Glebe,Sydney,Sydney,Australia,AU,Point,"[151.18438, -33.87451]",True,9802077
"Montréal, Québec, Canada",Le Plateau,Le Plateau-Mont-Royal,Montreal,Canada,CA,Point,"[-73.57453, 45.52324]",True,9807529
"Rio de Janeiro, RJ, Brazil",Copacabana,Copacabana,Rio De Janeiro,Brazil,BR,Point,"[-43.19094523130095, -22.983642884127967]",True,9807679
"Woolloomooloo, NSW, Australia",Woolloomooloo,Sydney,Sydney,Australia,AU,Point,"[151.22067, -33.87007]",True,9810515
"Centennial Park, NSW, Australia",Paddington,Sydney,Sydney,Australia,AU,Point,"[151.23069, -33.89038]",True,9815988
"Rio de Janeiro, Rio de Janeiro, Brazil",Copacabana,Copacabana,Rio De Janeiro,Brazil,BR,Point,"[-43.17792157816338, -22.963806343367803]",False,9834391
"九龍, 九龍, Hong Kong",Mong Kok,Yau Tsim Mong,Hong Kong,Hong Kong,HK,Point,"[114.16994, 22.31945]",False,9834713
"Hong Kong, Kowloon, Hong Kong",Yau Tsim Mong,Yau Tsim Mong,Hong Kong,Hong Kong,HK,Point,"[114.16179, 22.31936]",True,9846545
"Fairlight, NSW, Australia",Fairlight,Manly,Sydney,Australia,AU,Point,"[151.27709, -33.79308]",False,9848595
"Manly, NSW, Australia",Manly,Manly,Sydney,Australia,AU,Point,"[151.285, -33.79226]",True,9848837
"North Bondi, NSW, Australia",North Bondi,Waverley,Sydney,Australia,AU,Point,"[151.28422, -33.89334]",False,9849915
"Rio de Janeiro, Rio de Janeiro, Brazil",Leblon,Leblon,Rio De Janeiro,Brazil,BR,Point,"[-43.2197327301838, -22.982452131073703]",True,9853331
"New York, NY, United States",Manhattan,Upper East Side,New York,United States,US,Point,"[-73.96205, 40.76266]",True,9867316
"Hong Kong, Hong Kong Island, Hong Kong",Quarry Bay,Eastern,Hong Kong,Hong Kong,HK,Point,"[114.20722, 22.29157]",False,9887054
"Rio de Janeiro, Rio de Janeiro, Brazil",Jardim Botânico,Jardim Botânico,Rio De Janeiro,Brazil,BR,Point,"[-43.220452107617824, -22.963606909754823]",True,9895628
"Montréal, Québec, Canada",Downtown Montreal,Ville-Marie,Montreal,Canada,CA,Point,"[-73.57639, 45.49663]",True,9907103
"Bondi Beach, NSW, Australia",Bondi,Waverley,Sydney,Australia,AU,Point,"[151.26542, -33.89298]",False,9907907
"North Bondi, NSW, Australia",North Bondi,Waverley,Sydney,Australia,AU,Point,"[151.28241, -33.88818]",True,9908871
"Porto, Porto, Portugal",,"Cedofeita, Ildefonso, Sé, Miragaia, Nicolau, Vitória",Porto,Portugal,PT,Point,"[-8.60622, 41.15127]",True,9917859
"Rio de Janeiro, Rio de Janeiro, Brazil",Lapa,Centro,Rio De Janeiro,Brazil,BR,Point,"[-43.173761316748546, -22.90833634089244]",False,9936016
"Barcelona, Catalunya, Spain",Ciutat Vella,el Barri Gòtic,Barcelona,Spain,ES,Point,"[2.17304, 41.38779]",False,9937100
"Bundeena, NSW, Australia",,Sutherland Shire,Sydney,Australia,AU,Point,"[151.15271, -34.08829]",True,9944044
"Rio de Janeiro, State of Rio de Janeiro, Brazil",Tijuca,Rio Comprido,Rio De Janeiro,Brazil,BR,Point,"[-43.21066664661915, -22.918154868570046]",False,9951865
"Porto, Porto, Portugal",,"Cedofeita, Ildefonso, Sé, Miragaia, Nicolau, Vitória",Porto,Portugal,PT,Point,"[-8.60464, 41.15908]",True,9969335
"Hong Kong, Kowloon, Hong Kong",Mong Kok,Yau Tsim Mong,Hong Kong,Hong Kong,HK,Point,"[114.16963, 22.31569]",False,9979991
"Hong Kong, Kowloon, Hong Kong",Yau Tsim Mong,Yau Tsim Mong,Hong Kong,Hong Kong,HK,Point,"[114.1732, 22.30381]",True,9981541
"Porto, Porto, Portugal",,"Cedofeita, Ildefonso, Sé, Miragaia, Nicolau, Vitória",Porto,Portugal,PT,Point,"[-8.61693, 41.15137]",False,9983221
"Kadıköy, İstanbul, Turkey",Moda,Kadikoy,Istanbul,Turkey,TR,Point,"[29.03079, 40.98563]",False,9985696
"Rio de Janeiro, Rio de Janeiro, Brazil",Copacabana,Copacabana,Rio De Janeiro,Brazil,BR,Point,"[-43.17653326486353, -22.961076366204612]",True,9987200
"Lahaina, HI, United States",Maui,Lahaina,Maui,United States,US,Point,"[-156.67646, 20.87561]",False,9990304
"Lahaina, HI, United States",Lahaina,Lahaina,Maui,United States,US,Point,"[-156.66752, 20.85894]",False,9993190
