availability_30,availability_60,availability_90,availability_365,airbnb_id
28,47,74,239,10006546
0,0,0,0,10009999
16,46,76,343,1001265
0,0,0,0,10021707
28,58,88,363,10030955
0,0,0,93,1003530
7,19,33,118,10038496
27,57,87,362,10047964
10,10,21,296,10051164
0,0,0,0,10057447
30,31,31,243,10057826
0,0,0,32,10059244
0,0,0,0,10059872
0,0,0,0,10066928
0,0,0,0,10069642
30,60,90,365,10082307
0,0,0,0,10082422
16,40,67,335,10083468
14,24,40,220,10084023
0,0,0,0,10091713
3,19,37,37,10092679
0,0,0,0,10096773
5,16,35,265,10108388
0,0,0,0,10109896
30,60,87,359,10112159
30,60,90,365,10115921
30,60,90,365,10116256
30,60,90,365,10116578
0,0,0,46,10117617
0,0,0,0,10120414
0,0,0,0,10133350
30,60,90,365,10133554
30,60,90,365,10138784
20,29,29,34,10140368
0,0,0,0,10141950
0,0,0,0,10166883
0,0,0,0,10166986
0,0,19,20,1016739
30,60,90,365,10184012
30,60,90,365,10186755
0,0,0,0,1019168
30,60,90,365,10199760
24,54,84,174,10201975
0,0,0,0,10209136
0,0,25,26,10213499
20,50,80,135,10215858
0,0,0,0,10220130
0,13,43,196,1022200
30,60,90,365,10227000
28,58,88,178,10228731
30,60,90,145,10233856
18,41,67,339,10240767
11,41,71,247,10264100
0,3,16,246,10266175
18,40,70,345,10267144
13,43,62,278,10269320
20,45,75,165,10280433
0,0,0,0,10295352
0,0,0,0,10299095
0,3,5,5,102995
28,58,88,363,10306879
28,58,88,363,103161
10,17,26,229,10317142
22,52,82,357,10324377
0,0,0,0,10332161
20,50,80,170,10343118
30,60,90,365,10354347
0,0,0,0,10359729
0,10,15,264,1036027
0,11,41,316,10373872
17,36,55,317,1038163
28,58,88,347,10381879
30,60,90,365,10383490
12,27,53,321,10392282
3,18,41,316,10411341
24,45,60,309,10415637
0,0,0,0,10416859
0,0,0,0,10423504
5,26,35,228,1042446
0,0,0,0,10431455
0,0,0,27,10448594
30,60,90,365,10449328
0,3,3,3,10458796
30,60,90,365,10459480
30,60,90,365,1047087
30,60,90,365,10471178
18,29,51,326,10486984
16,42,61,309,10487917
30,60,90,365,10488837
22,52,82,172,10519173
30,60,90,365,10527212
12,39,65,65,10527243
0,0,0,0,10542174
0,0,0,0,10545725
1,6,8,168,10545815
11,37,48,267,10548991
0,0,0,0,10552362
13,16,27,174,10558807
0,16,46,314,10560325
17,47,77,342,10570041
6,10,12,204,10573225
3,26,53,323,10578580
19,32,48,211,10581101
23,44,74,336,1058555
0,0,0,0,10596036
5,35,65,339,10612199
0,0,0,0,10624493
5,25,46,214,10628126
12,26,49,317,1063491
0,0,0,0,10635276
0,0,0,0,10639317
0,0,0,0,10648267
0,0,0,0,10659534
3,12,24,243,10664888
23,53,83,358,1066648
20,47,77,352,1067052
0,0,0,0,10671783
0,0,0,0,10675315
23,53,83,358,10677883
5,35,64,64,1068505
3,5,11,276,1069531
19,27,38,289,1070322
11,41,63,329,10706900
0,0,0,0,10716793
0,0,0,232,1073607
30,60,90,365,1074008
10,10,22,297,10742116
29,59,84,359,10751153
0,0,0,0,10752737
30,60,90,365,1077686
8,38,68,343,10782351
8,10,15,280,1079887
8,14,27,253,10802909
0,0,0,0,10812136
4,10,30,108,10816768
30,60,90,365,10819035
30,60,90,180,10828339
19,22,50,140,10839801
30,60,85,360,10839973
7,24,47,306,10840938
30,60,87,267,10850008
23,53,83,358,10852990
0,0,0,0,10855800
13,16,30,198,10857454
0,0,0,0,10862541
1,1,1,66,10887852
0,0,0,0,10893326
15,42,42,100,1089542
28,58,88,363,1090153
0,0,0,0,10908640
0,0,0,32,10911771
1,9,25,300,1092760
13,18,37,312,10932304
28,58,88,88,10948197
5,21,40,215,1095174
9,32,62,62,10977704
0,0,0,0,1098211
0,0,0,0,10985735
30,60,90,365,10990260
30,60,85,360,10992286
29,59,89,364,10992671
0,7,13,117,11005300
18,48,78,287,11006512
14,44,74,283,11007058
29,59,89,364,11007542
11,17,30,276,1101035
0,0,0,0,11012484
10,29,52,295,1104768
0,26,56,236,11055163
0,0,0,0,11080033
2,10,21,272,11093339
23,53,83,173,11095139
28,53,82,357,11097962
6,27,57,57,11098708
14,26,52,258,11108923
30,60,90,365,11113983
14,25,39,194,1111410
16,40,70,324,11115528
12,15,23,127,1112838
30,60,90,365,11130156
22,52,82,357,11131495
21,36,60,333,11136898
2,32,62,336,11144250
0,0,0,92,11145180
30,60,90,365,11146498
0,0,0,100,11153910
0,0,0,0,11157167
0,0,0,0,1117706
0,0,0,0,11191242
28,58,83,358,11193311
0,0,0,0,11194486
30,60,90,365,11194788
7,11,11,12,11197217
1,3,15,142,11207193
2,5,27,115,11223389
1,7,23,291,11242147
0,0,0,42,11264406
0,0,0,0,1127954
4,6,15,182,1129061
0,0,0,0,11305966
0,0,0,157,1131054
13,20,42,257,11319047
3,3,16,16,1132409
0,0,0,0,11335874
0,0,0,0,1136399
0,0,0,0,11364106
30,60,90,365,11378656
19,48,78,353,11379251
14,35,43,125,1138483
30,60,90,365,11387183
0,0,0,0,11396243
10,19,26,92,1139810
16,46,76,351,11406680
7,30,53,322,11409841
12,23,32,259,11413023
0,0,0,0,11420459
7,22,51,322,1143151
8,30,40,275,1144090
0,0,0,0,11442936
23,53,75,75,11444539
6,11,16,266,11447743
30,60,90,365,1145567
3,14,44,130,11459525
9,19,32,284,11464859
30,60,90,365,1146653
0,0,0,0,11472884
0,0,0,0,11480835
28,58,88,363,11488558
30,60,90,365,1148978
29,50,55,216,11510109
0,0,0,0,11533406
23,53,83,358,1153834
28,58,88,363,11552866
7,7,16,180,11553333
30,53,70,345,11553357
14,21,36,245,1155475
17,47,77,348,11557363
4,10,20,270,1155885
0,9,30,143,11566403
0,0,0,0,11567179
0,0,0,0,11567815
0,3,3,3,11567997
0,0,0,36,11568230
5,35,65,340,11602050
0,0,0,0,11603201
9,30,55,133,11610598
0,6,36,311,1163119
0,0,0,0,11648362
0,0,0,0,11648810
30,60,90,365,11656239
0,0,0,0,11667313
4,4,4,214,11679012
30,60,90,365,11679106
0,0,0,0,11688660
27,57,87,362,11690230
2,10,28,223,1169088
0,0,0,193,116931
29,42,62,138,11693193
2,6,16,135,11695437
0,0,0,0,11695637
4,27,57,305,11695887
4,4,10,183,11703559
7,14,33,33,11708
30,60,90,180,11715762
0,0,0,252,11716047
0,0,0,0,11719579
0,0,0,0,11727255
28,58,88,88,11737940
2,27,45,109,11740322
0,0,1,219,117425
14,15,15,15,11753116
30,60,90,365,11757719
0,0,0,180,11764681
12,29,59,293,1176693
4,8,33,117,11778475
0,0,0,0,11778959
0,0,0,0,11779701
0,0,0,0,11792238
27,57,87,267,11796483
0,0,0,0,11806776
0,0,0,0,11816864
2,6,8,143,11817249
13,43,73,95,1182474
14,35,65,340,1182475
0,0,0,45,11834359
2,14,29,179,11835169
30,60,90,365,11835516
26,56,86,361,11840338
0,0,0,0,11841749
25,53,80,155,11846549
7,29,41,154,11848397
11,14,25,80,1185644
19,49,79,354,11860047
0,0,0,0,11860692
0,0,0,145,11863943
9,30,49,289,11871088
2,16,41,316,1188839
29,59,89,364,11890476
0,0,0,0,11894971
17,47,77,352,11902059
0,0,0,0,11914814
5,11,17,158,11918738
0,0,0,0,11921637
0,0,0,0,11933497
0,0,0,0,11935301
0,0,0,0,11936451
22,45,68,343,11939367
0,0,0,0,11945972
10,39,69,323,11948645
30,60,90,365,11948705
28,58,88,88,11953606
23,53,83,358,1195977
27,57,87,362,11963985
8,18,35,217,1198074
28,58,86,233,11987001
15,41,64,337,11993586
0,0,0,0,12003707
0,0,0,0,12004365
3,15,21,103,1200438
0,0,0,0,12007662
28,58,88,178,12008712
0,0,0,0,12010910
0,0,0,0,12014026
2,5,21,255,1201871
18,48,78,353,12027124
0,0,0,199,12046370
13,36,63,232,1206363
30,60,90,365,12068078
29,59,89,364,1206820
0,0,0,0,12080961
5,15,28,222,12083780
30,60,90,365,12088301
21,51,81,356,12091894
30,60,90,365,12091977
13,33,60,210,1209353
12,29,53,328,12097507
0,0,0,0,12098138
0,0,0,0,12104860
1,3,9,129,1211274
30,60,90,90,12112834
0,0,0,0,1211285
0,18,25,25,12117514
0,0,0,0,12120988
20,47,71,346,12135865
12,32,55,313,12136725
0,0,0,0,12137640
28,58,88,363,12139024
30,60,90,365,12142163
1,1,3,68,1215049
12,41,65,338,1215226
19,45,75,75,12156307
16,40,70,250,12157453
0,0,0,0,12181533
0,0,0,20,12183522
0,0,0,65,121861
30,60,90,180,12188601
30,60,90,180,12188649
0,0,0,0,12189083
30,60,90,365,12196285
16,34,50,249,12200176
23,53,83,358,12211157
13,18,35,301,12214471
30,60,90,365,12215468
0,13,28,196,12216115
3,21,45,320,12220612
2,10,23,131,12222943
23,53,83,358,12223067
7,10,32,155,12234922
0,0,5,59,1223747
30,60,90,365,12247133
11,20,39,259,12247516
0,0,0,0,12253016
0,0,0,0,12253386
1,5,30,290,12256344
4,22,52,53,12259367
28,58,88,88,12270044
0,0,8,283,1227759
22,51,72,338,12288463
30,60,90,365,12290090
4,14,37,312,1229106
0,0,0,0,12291906
6,9,34,296,12296622
24,54,84,85,1229797
0,9,9,262,1229847
8,14,33,252,12310597
3,5,9,218,12317903
0,0,0,0,12349607
30,60,90,90,12354373
19,49,79,354,12355178
0,0,0,0,12357386
3,3,3,3,12370710
4,6,9,176,12373208
8,14,29,108,12378302
0,0,0,0,12380012
0,0,0,0,12380299
0,0,0,0,12396367
25,55,82,354,12400621
17,40,58,316,12401124
0,0,0,0,12403784
4,11,18,152,12407601
2,2,29,296,12409013
29,59,89,364,12421800
22,34,54,329,12430621
29,59,89,364,12433727
30,60,90,347,12448766
0,0,0,0,12452082
4,24,49,49,12462076
0,0,0,0,12473031
30,57,79,343,12479743
0,0,0,0,12486648
0,0,0,0,12489523
0,0,0,0,12494415
0,0,0,33,12507567
0,0,0,0,12509339
22,33,53,280,12514918
9,39,69,256,12531055
0,0,0,0,12544539
28,58,88,363,12550465
0,0,0,0,12551469
0,0,0,0,12552675
5,35,65,340,1255979
0,8,32,251,12561397
0,0,0,0,12561925
25,55,85,321,125656
9,19,34,77,12586942
0,0,0,163,12591225
0,0,0,0,12601609
10,25,55,261,12604062
21,33,43,286,12607396
0,0,0,17,12628177
7,30,60,80,12639342
23,53,83,358,12647072
0,0,0,0,1264811
0,16,30,120,12651199
23,53,83,358,12653230
0,0,0,0,12654770
10,34,64,137,12655535
0,0,0,0,12657285
2,4,14,252,1266425
30,60,90,365,12667749
0,0,7,144,12680743
20,50,80,340,1268297
0,0,0,0,12713962
16,33,33,220,127208
12,42,72,347,1273526
0,0,0,0,12740176
0,0,0,0,12742947
26,56,86,361,12752708
30,60,90,365,12757761
5,9,13,43,12758910
14,29,59,334,12761564
22,45,67,310,12762087
23,53,83,358,12762350
0,0,0,0,12774820
0,0,0,0,12778795
7,16,22,191,12782638
0,0,0,0,12788675
30,60,90,270,12790958
0,0,0,0,12791827
11,32,57,321,12797051
22,52,82,348,12800556
29,59,89,357,12800628
30,60,90,365,12805730
26,56,86,361,12810796
16,46,73,348,12812425
0,0,0,0,12814401
2,24,51,56,12814643
9,39,69,329,12815927
8,20,29,295,12824656
6,30,46,280,1284759
3,21,44,282,1284892
1,1,20,271,12857433
22,52,82,357,12857841
0,0,0,0,12857887
0,0,0,0,12872819
14,33,63,334,12873224
9,14,37,305,12874040
0,3,12,132,12874776
23,53,83,358,12886223
0,0,0,0,12887643
29,59,89,364,12889319
6,28,53,328,12893035
0,0,0,0,12895982
29,59,89,324,12896435
30,60,90,365,1290112
26,43,71,92,12902610
0,0,0,0,12902975
4,12,35,225,12906000
29,59,89,89,12906100
4,11,29,289,12906431
0,0,0,0,12923454
14,44,74,349,12924287
3,4,14,96,12929092
24,51,75,230,12933623
2,7,13,176,12937
30,60,90,365,1294944
15,35,62,84,12954762
0,0,0,0,12955940
23,53,83,358,12971023
14,35,40,235,12971533
8,38,61,297,12973335
16,27,47,73,12997475
30,60,90,365,13001636
28,58,88,88,13016251
0,0,0,0,13043773
0,0,0,0,13045223
8,16,39,286,13045429
28,58,88,363,1304552
8,26,49,63,13059740
5,33,42,298,13063671
15,44,66,339,13063723
0,0,0,0,13064336
2,24,45,306,13066822
29,59,89,364,13068933
0,0,0,0,13069562
6,29,46,46,13069840
0,0,0,0,13079105
30,60,90,365,13083186
10,10,10,48,1310141
4,27,57,332,1310308
0,16,46,183,13110019
11,29,59,149,13112091
28,58,88,363,13113064
0,0,0,0,13115342
0,0,0,0,13123668
30,60,90,365,13145113
10,40,70,209,13146333
23,53,75,311,13153996
0,0,0,0,13155211
10,15,30,286,13161668
27,57,87,177,13164714
12,23,26,291,13165887
30,60,90,365,13176532
8,12,14,14,13183672
25,55,85,308,13193079
4,10,37,306,13201601
0,0,0,188,13203747
29,59,89,364,1321072
27,57,87,362,1321603
0,0,0,0,13217170
30,60,90,365,13218264
3,9,24,259,13223739
29,59,89,89,13227163
0,0,0,0,13242217
0,0,0,0,13248377
30,60,90,365,13249697
4,11,27,272,13252758
30,60,90,365,1325472
0,0,0,0,13261391
0,0,0,0,13265567
7,35,65,155,13266188
0,0,0,0,132695
13,19,40,122,13272687
23,53,83,358,13277230
23,53,83,173,13298973
4,23,53,325,13299231
14,31,61,336,13299549
23,51,81,304,13302796
12,39,66,338,13304991
0,0,0,226,13306630
23,40,70,70,13308110
23,53,83,83,13316078
29,59,89,364,13317720
8,29,52,135,13318405
0,11,38,39,13320545
20,50,80,133,13324467
4,15,24,245,13328702
0,1,3,112,1332929
30,48,66,322,13333008
10,40,70,71,13333143
9,39,69,69,13334276
30,60,90,365,13344796
0,0,0,0,13352279
0,0,0,0,13352718
0,25,55,330,13361526
21,38,68,342,13361613
0,0,0,0,13363311
0,0,0,0,13365785
0,0,0,0,13366855
30,60,90,365,13368075
24,54,84,359,13372754
0,0,0,0,13373114
0,0,0,0,13375733
7,13,21,229,13382536
0,0,0,0,13386011
30,60,90,365,13389577
8,26,56,137,13390320
0,0,0,0,13397791
3,3,3,3,13411324
27,57,87,362,13413043
23,53,83,83,13414552
0,0,0,0,13415952
26,52,82,347,13417224
29,59,89,89,13430219
25,45,50,276,13433868
7,9,10,73,13436132
0,0,0,0,13437242
5,15,45,226,13437841
0,11,36,200,13442098
0,0,0,0,13444131
3,18,30,205,13454668
30,60,90,365,1345576
4,10,22,233,13461087
17,42,69,341,13462637
29,59,89,364,13479450
0,0,1,210,13488308
0,0,0,179,13489279
0,0,0,0,13490410
0,0,0,0,13491812
0,0,0,0,13495196
24,24,24,242,13495314
8,26,26,26,13501113
5,21,37,37,13505139
2,8,17,58,13508417
19,41,64,150,13511610
0,0,0,0,13520692
21,51,81,159,13521222
16,29,29,160,13525014
9,39,69,344,1352758
0,16,45,45,13528649
4,14,37,205,13530122
6,31,61,151,13552883
0,0,0,0,13559998
5,30,60,319,13562321
0,8,24,169,13564779
18,47,64,334,13574006
2,15,45,45,13579065
0,0,0,0,13585970
30,60,90,90,13588758
0,0,0,0,13591144
8,8,8,8,13591364
0,0,0,0,1359438
11,37,67,155,13595339
0,3,24,105,13603489
4,7,25,31,13603801
11,38,59,301,13605461
0,0,0,0,13606770
0,0,0,0,13609188
29,59,89,89,13611788
30,60,90,365,1361270
10,40,70,345,13617872
0,0,0,249,13624302
0,0,0,0,13630859
0,5,16,95,13633280
0,0,0,0,13658407
0,15,15,144,13659491
0,0,0,0,13659950
0,0,0,0,13669275
1,26,52,52,13674956
0,0,0,207,13684608
0,0,0,0,13689460
0,0,0,0,13695744
26,56,86,361,13696235
26,56,71,315,13702313
0,0,0,0,13702505
4,15,40,128,1370405
0,0,0,0,13711161
0,0,0,0,13716070
0,0,0,0,13724840
27,57,87,362,13726629
0,0,0,0,13728712
0,0,0,0,13732894
0,0,0,0,13739484
23,39,65,321,13743786
23,53,83,358,13748059
0,0,0,0,13748617
0,0,0,46,13750579
28,58,88,88,13753838
0,0,0,0,13754183
0,0,0,47,13757836
30,60,90,365,13757914
3,3,6,199,13761856
28,58,88,363,13762136
20,36,44,72,13763013
0,0,0,0,13764019
0,2,13,60,13764334
4,8,12,209,13766096
0,0,0,0,13771436
0,0,0,0,13774506
6,36,41,271,13776897
22,44,72,166,13778742
21,23,23,79,13789278
27,57,87,341,13799611
13,19,30,219,13807778
5,35,65,335,13810527
0,0,0,262,13813259
0,5,5,108,13814845
27,57,87,361,13820755
30,60,90,365,13827870
0,0,0,0,13829859
0,0,0,36,13835658
0,0,0,0,13837488
0,0,0,0,13839238
0,0,0,0,13839338
0,0,0,1,13841305
25,55,85,172,13841569
25,55,85,355,13844617
27,57,87,87,13846473
13,30,56,273,13852692
0,0,0,0,13855369
6,23,49,309,13875927
8,33,63,320,13883147
0,0,0,0,13884253
3,3,3,28,13884778
0,0,0,0,13885247
6,29,59,148,13891181
29,59,89,364,13895156
0,0,0,0,13904840
2,2,2,251,13905218
0,0,0,0,13905833
20,50,80,352,13906039
30,60,90,365,13911574
28,58,88,178,13915361
28,58,88,363,13917109
0,0,0,0,1391996
29,59,89,364,13921667
0,0,0,0,13923606
5,20,39,284,13924938
0,0,0,0,13927034
0,0,0,0,13927230
0,2,27,235,13934778
1,1,5,116,13934996
0,0,0,0,13937701
1,11,36,36,13937802
0,0,0,0,13940779
28,58,88,363,139416
30,60,90,365,13945645
4,34,64,339,13949781
0,0,0,0,13955139
28,58,88,88,13955233
28,57,87,353,13960437
0,0,0,0,13962683
1,5,8,184,1396721
13,36,66,156,13981245
29,59,89,364,1398192
0,0,0,0,13988788
29,59,89,89,13993059
29,59,89,364,13997910
0,0,0,0,13999182
5,15,21,229,14004632
6,19,42,187,14013822
0,0,0,0,14018725
0,26,56,222,14037885
0,1,2,97,14040723
29,59,89,179,14042368
18,18,18,18,14043849
15,30,44,273,14044480
30,60,90,365,1405120
30,60,90,365,1406337
0,0,0,0,14063971
29,59,89,89,14073709
6,10,22,170,14075164
0,0,0,0,1408997
0,0,0,0,14090613
0,0,0,0,14094561
5,25,49,75,14096512
8,9,20,252,1410284
0,0,0,0,14104326
0,0,0,0,1410460
17,30,44,285,1410802
0,0,0,0,14109521
0,0,0,0,14109694
19,45,75,350,14111332
7,10,26,228,14112918
0,4,5,68,14119791
8,21,39,120,14119805
25,29,59,222,14120722
14,14,14,14,14124717
20,50,80,170,14127526
5,24,54,329,1413677
0,0,0,0,14140905
29,59,89,364,14146422
2,4,5,98,14150800
7,13,30,238,14152437
9,39,63,323,14161011
6,36,66,341,14161732
8,15,17,274,14164312
0,0,0,0,14166653
22,52,82,82,14172532
2,26,56,331,1417276
30,60,90,365,14173253
17,38,57,325,14175496
27,57,87,362,14177829
0,24,54,329,14185067
0,1,6,198,14186262
0,0,0,0,141890
8,14,29,81,14214403
29,59,89,364,14215061
9,24,44,310,14220130
15,30,30,254,14223095
4,14,26,297,14233139
4,9,15,17,14234514
8,15,20,253,14234561
0,0,0,211,14234741
12,14,26,97,14236416
0,0,0,0,14238280
11,41,59,324,14246971
9,27,48,287,14249346
0,5,5,48,14250
3,4,6,96,14252298
8,20,25,152,14252305
30,60,90,365,14253379
0,0,0,0,14259235
0,0,0,0,14261122
4,34,64,339,1427233
3,12,32,282,14273204
0,0,0,10,14278303
2,6,8,202,14284682
0,0,0,0,14287666
29,59,89,364,14294961
25,55,85,360,14295981
0,0,13,243,14298859
6,27,57,302,14302702
0,0,0,0,14309960
0,0,0,216,14316144
30,60,90,90,1431666
0,0,0,221,143175
0,0,0,72,14320172
0,0,0,0,14330134
25,55,85,175,14332326
29,59,89,364,14339048
0,0,0,0,14339793
29,59,89,364,14360913
29,56,82,247,1437251
30,60,90,90,14375153
30,60,90,365,14385513
18,31,52,52,14388889
21,41,53,53,14403549
8,26,50,320,14405901
30,60,90,365,14432651
4,12,28,179,14434534
21,51,81,356,14439217
0,0,0,0,14439478
5,32,62,152,14450837
0,0,0,0,14460432
0,9,39,314,14462759
0,0,0,0,14472317
4,17,30,234,14472620
28,58,88,363,1447835
0,0,0,0,14480689
10,40,70,300,14490025
29,59,89,364,14493885
30,60,90,365,14497942
0,0,0,202,14501655
15,35,64,154,14506036
6,27,57,57,14522482
0,0,0,0,14549548
0,0,0,0,14551515
30,60,90,365,14554642
0,0,0,0,14563257
7,25,54,54,14569881
30,60,90,365,14571224
0,0,0,66,14573570
26,46,62,330,14574409
3,17,32,106,14588464
30,60,90,336,1459519
0,0,0,0,1459741
21,46,76,76,14610596
0,0,0,220,14629833
28,58,88,363,14633460
0,0,0,0,14644562
0,11,41,131,14649808
28,58,88,88,14650584
20,44,74,74,14661747
1,12,19,146,14675014
18,45,75,344,14683121
0,0,0,0,14707572
0,0,0,0,14728150
0,0,0,192,14733479
11,41,71,310,14741201
1,10,30,91,14744918
23,53,83,358,14748333
0,5,34,34,14756990
0,0,26,301,14758068
10,26,49,262,14758081
28,58,88,363,14760382
29,59,88,88,1476484
30,60,90,350,1476508
14,32,53,309,1476656
27,57,87,362,14768403
10,19,32,299,14769619
30,60,90,365,14778622
30,54,83,358,1480002
28,55,83,226,14804661
23,44,68,343,1481054
28,56,56,295,1481361
0,0,4,4,14818234
5,8,11,237,1482060
30,60,90,361,14824708
12,42,64,333,14827972
0,0,0,0,14836765
29,59,89,364,14839116
29,59,89,364,14846275
4,18,41,288,14855345
30,60,90,90,14856799
1,4,30,231,14858544
0,0,0,0,1487222
5,13,30,305,14875190
0,12,42,133,14886923
0,0,0,0,14894267
23,35,48,103,14896503
30,60,90,365,14907884
0,0,0,0,14915493
0,0,9,38,14916806
22,34,54,306,14921505
4,11,27,234,14923016
14,44,74,349,14930875
14,35,65,340,14960783
18,48,78,353,14962367
6,27,57,315,14967994
14,21,36,253,14968000
0,0,0,0,14968004
2,10,12,250,14992196
11,21,49,106,14993652
8,15,45,302,14996051
0,6,8,229,14996590
0,0,0,272,15003187
0,28,46,284,15003496
2,4,13,61,15004284
5,13,41,242,15008596
0,0,0,0,15009347
1,7,30,113,15015363
2,32,62,337,15019476
3,22,49,303,15021236
2,4,4,212,15021379
30,60,90,365,15026828
12,35,52,291,15031608
21,51,76,254,15035458
26,56,86,361,1503655
17,43,53,209,15036568
2,7,9,217,15047479
0,0,0,0,15052129
23,53,83,83,15058245
11,15,26,301,15058677
0,0,0,0,15060713
21,51,81,171,15073600
25,55,85,354,15088513
0,0,0,65,15095488
10,24,54,130,15097549
19,24,54,326,15098676
0,0,0,0,15099382
29,59,89,179,15100883
4,4,4,172,15101377
3,3,3,237,15103148
29,59,89,364,15105616
3,3,3,3,15113580
3,8,15,83,15115143
0,2,16,75,15116002
3,3,3,6,15119850
29,59,89,179,15124324
30,60,84,359,15124886
4,33,63,175,15126808
0,0,0,66,15139440
0,0,0,78,15140363
25,55,85,360,15144619
0,0,0,0,15158785
29,59,89,334,15159326
6,13,13,169,15167619
2,2,2,54,15177216
1,11,41,41,15182133
12,21,25,71,15190865
0,0,0,0,15194147
5,13,29,270,1520042
8,10,21,82,15206608
15,20,23,23,15207202
20,50,80,355,15207920
8,20,40,101,15208698
0,0,0,0,15225155
30,60,90,365,152259
30,60,90,179,15239628
4,8,16,227,15241263
19,49,74,74,15244301
0,0,0,0,15245956
24,54,84,359,15248025
0,0,4,170,15257124
23,53,83,358,152630
2,9,19,129,152645
30,60,90,179,15266254
27,57,87,360,15272987
21,51,77,77,15273682
19,41,71,161,15284591
6,34,59,321,15285714
15,39,62,233,15285878
2,12,28,262,15286461
0,0,6,183,15294219
2,19,49,324,1530241
0,0,0,0,15307723
12,25,46,291,15309509
0,27,44,219,15312988
6,11,18,228,15314458
0,0,0,0,15320378
0,0,0,253,15326391
5,35,65,66,15332652
0,0,0,253,1534038
17,27,33,277,15341505
0,0,0,0,15353532
27,57,87,362,15360364
29,59,86,361,15362525
0,0,0,0,15366738
23,53,83,83,15374146
0,9,39,314,1537570
29,59,87,362,15384713
19,32,51,239,15386249
0,0,0,0,15400061
27,57,87,362,15417267
0,0,0,0,15436372
27,57,87,362,15439877
9,39,60,126,154437
23,53,83,84,15453288
8,31,61,336,15469178
1,5,32,300,15488401
27,57,87,362,15489751
5,13,27,274,15498188
29,59,89,364,15498805
19,49,79,354,1550449
4,4,19,160,15529123
2,11,26,285,15535000
0,16,46,61,15541887
0,0,0,0,15542962
0,0,0,0,15550900
0,0,0,0,15551245
5,19,34,298,15567275
0,0,4,252,15581379
23,53,83,84,15591661
6,27,50,312,15596462
19,49,79,79,15603491
0,0,0,97,1560753
0,0,0,0,15648819
12,42,72,338,15650737
0,0,0,0,15652009
19,27,43,282,15653247
29,59,89,364,15657910
26,56,86,177,15665837
28,58,88,363,15697721
29,59,89,355,15702250
8,30,53,311,15702989
13,29,59,325,15711623
0,0,0,0,15719888
9,12,12,12,15721022
0,0,0,0,15721779
11,25,32,32,15723889
0,0,0,0,15731780
7,30,55,329,1574416
25,55,85,352,15744249
0,25,55,330,15745859
8,17,17,17,15745971
23,53,83,84,15747156
7,29,52,134,15748933
0,0,0,0,15748956
30,60,90,365,1575430
5,20,47,246,15762813
7,21,51,231,15771501
17,43,65,260,15782994
8,20,32,298,15787147
0,0,4,267,15797728
29,59,89,364,15803265
12,28,58,279,15806964
3,9,21,251,15808180
25,49,79,79,15812792
0,0,8,31,15816930
0,0,0,0,15819242
0,0,0,0,15820774
25,55,85,360,15824730
12,35,65,104,15828858
0,10,40,315,15834431
30,60,90,365,1583670
0,0,20,260,1584102
0,0,0,0,15842669
0,0,0,0,1584281
2,2,8,283,15864211
29,59,76,344,1586454
28,58,88,363,15866121
0,0,0,0,15877524
28,58,88,363,1588234
30,60,90,179,15888785
17,43,64,149,15889399
0,0,0,0,15893952
0,0,26,44,1589452
1,4,7,189,15896529
30,60,90,117,15902696
0,0,0,0,15904149
5,11,27,198,15905296
30,60,90,365,15908244
9,39,69,328,15915924
0,0,0,0,15920870
5,24,54,261,15923846
2,3,6,249,15928663
8,38,68,343,1593570
22,50,78,350,15943568
29,59,89,179,15949042
30,56,86,361,15958590
0,0,0,0,15960997
29,59,89,364,15963882
0,0,0,0,15973865
26,36,53,301,15979078
26,54,78,325,15984115
0,0,0,64,15988739
0,0,0,0,15997148
11,35,65,65,16002924
0,0,0,0,16006173
0,0,0,0,16007843
5,11,23,294,16010568
8,17,29,30,16020247
24,47,77,352,160223
22,43,70,303,16029413
2,19,27,216,16030448
7,23,39,203,16036940
13,14,32,32,1604488
23,53,74,337,16050172
0,0,0,0,16051841
0,0,0,0,16052138
0,0,4,269,16057052
0,0,0,0,16060640
0,0,0,0,16065418
5,10,24,250,16066381
2,8,13,261,16067483
12,17,47,138,16070079
28,58,88,89,16070826
0,10,33,248,16078811
1,3,33,308,16078823
30,60,90,365,16081455
0,1,5,5,16083632
5,35,65,340,16087198
5,15,39,129,16100663
14,44,74,74,16107698
14,44,74,164,16112187
0,10,10,44,16126537
26,56,86,361,16134003
18,48,78,78,16134339
0,0,0,0,16134812
1,1,9,256,1613843
0,0,0,0,16146442
7,11,18,88,16146708
3,9,20,119,16147485
0,0,0,0,16147619
2,2,2,2,16148141
30,60,90,90,16155960
0,0,0,0,16158314
13,28,58,59,16160263
23,53,82,82,16164264
27,57,87,362,16166535
0,0,0,0,16167487
29,59,89,364,16178963
7,9,15,227,16182647
4,4,4,4,16183477
21,45,74,298,16191353
19,49,79,170,16193945
19,19,19,84,16194286
28,58,88,88,16195143
15,25,32,280,1619695
29,59,89,364,16201143
2,3,10,129,16206078
30,60,90,90,16210632
15,34,46,311,16214034
28,58,88,356,16215566
0,0,0,0,16218966
0,0,0,0,16220849
0,0,0,127,16221015
0,0,0,0,16228505
27,57,87,178,16231922
2,2,29,304,16232987
12,22,37,170,16234640
0,0,0,0,16239737
30,60,90,365,16241397
6,10,29,182,16242685
14,30,57,316,1624635
5,11,33,267,16253247
0,0,0,0,16258735
16,23,52,76,16261574
1,4,23,144,16262122
0,0,0,0,16270229
5,20,50,320,16271513
30,60,90,179,16272419
0,0,0,9,16280815
0,0,0,0,16281923
22,46,63,330,16288457
1,20,50,279,16289117
0,0,0,0,16289600
4,6,12,42,16300644
5,10,40,224,16301294
1,18,18,18,16301870
0,0,0,0,16308292
23,53,54,323,16309630
2,17,43,196,16311528
2,6,6,6,16316481
3,3,22,253,1633034
13,21,40,298,16335870
11,29,30,30,16336615
30,60,90,365,16341825
5,29,58,333,16351123
0,0,0,0,1635672
14,30,37,291,1635900
10,40,56,316,16370766
29,59,89,364,1637159
28,58,88,88,16377988
22,52,82,172,16379687
0,0,0,0,16381049
5,13,27,107,16381905
13,30,37,37,16389574
11,29,57,264,16397486
3,6,11,80,16400283
8,16,29,154,16401542
4,21,51,141,16402511
7,7,7,7,16408272
4,16,44,44,16410430
7,36,66,341,1642382
1,1,30,30,16436183
0,0,0,0,16460163
30,60,90,365,16463107
14,15,19,268,1646432
5,30,47,122,16467953
21,40,64,107,16468473
0,0,0,0,16474790
29,59,89,89,16479542
4,4,4,4,16493868
0,0,0,0,16495969
11,22,34,156,16496029
13,13,13,207,16498853
0,0,0,0,16499824
10,16,28,293,16503978
0,0,0,0,16507273
0,0,0,0,16517991
0,0,0,0,16518377
6,23,47,311,16532230
4,4,4,4,16532647
30,60,90,365,16532887
23,51,81,352,16542923
21,46,73,345,16543118
17,47,73,327,16549021
0,0,0,0,16550219
4,20,46,47,16551368
0,0,0,0,16559061
4,8,14,270,1656017
8,17,44,230,16560886
30,60,90,365,1656256
17,27,27,27,1656539
15,45,74,74,1656585
7,7,17,203,16595058
0,0,0,0,16602162
0,0,0,0,16609607
0,0,0,109,16610404
16,37,59,334,1661373
0,0,0,0,16614389
30,60,90,180,16622489
28,58,88,363,16623614
5,6,26,301,16635022
0,0,0,0,16636716
0,0,0,0,16651655
30,60,90,90,16653189
0,0,0,0,16654584
17,47,77,229,16661755
9,21,49,72,1668328
0,0,0,0,16686102
0,0,0,0,16691106
0,0,0,0,16697833
0,0,0,0,16701536
15,45,71,341,16703046
6,12,20,88,16708536
30,60,90,365,16717755
0,0,0,0,16718904
0,0,0,0,16719714
10,34,64,154,16733041
0,0,0,0,16744615
28,58,88,363,1676155
23,53,83,358,16765282
28,58,88,88,16767007
30,60,90,180,1676806
0,0,0,0,16768620
23,53,83,358,16775246
11,15,15,16,1677735
5,35,65,155,16777456
29,59,89,89,16777953
28,58,88,363,16796969
0,0,0,0,16798522
11,17,24,210,16800329
0,0,0,0,16802882
0,0,0,0,16811226
22,52,82,82,16812225
25,47,73,164,16813942
4,14,22,280,16816601
6,13,22,22,16818131
2,5,6,207,16824222
4,24,54,187,16826529
0,0,0,0,16827551
30,60,90,90,16827716
3,15,19,227,16829718
0,0,0,250,16833502
0,0,0,0,16837578
10,32,56,146,16845784
30,60,90,365,1685970
0,4,4,4,16869922
0,0,0,0,16874685
0,0,0,0,16881588
0,15,15,100,16885508
22,52,63,283,1688924
0,8,22,223,16893365
5,16,23,153,16898275
0,0,0,0,16914825
0,0,0,0,16920079
0,0,0,0,16923810
19,49,79,317,16928229
0,0,2,277,16932496
7,37,67,277,16934315
27,57,87,109,16952227
0,10,14,70,16954444
0,18,48,139,16964637
2,3,3,3,16971327
5,5,5,5,16976284
0,0,0,0,16978814
0,0,0,40,16981802
0,0,0,270,16982781
0,0,0,0,16987463
0,0,0,0,16988190
1,1,6,148,17001994
3,10,19,40,17013623
8,30,41,293,170150
0,0,0,0,17027324
0,0,30,90,17027421
0,0,24,294,17028088
0,4,4,4,17045341
8,14,19,135,1704560
4,18,41,281,17048768
14,32,59,142,17083946
4,9,15,101,17093333
30,60,90,365,17103047
30,60,90,180,17113453
0,0,0,0,17113625
25,53,83,173,17116430
20,44,67,296,17123939
3,26,56,300,17124591
0,0,3,278,17124786
0,0,0,0,1712895
0,0,0,0,17132840
5,23,45,192,17136808
2,18,18,18,17140064
23,46,76,351,1714235
0,0,0,0,17142596
10,19,23,225,17147561
0,0,0,0,17149906
13,32,62,323,17155854
3,3,3,3,17157863
0,0,0,0,17161494
24,54,84,84,17164830
29,59,89,179,17165509
24,54,84,359,17171298
24,54,84,169,17173473
0,27,57,332,17177726
0,0,0,0,1718606
0,0,0,0,17187219
0,0,3,212,17190384
0,1,4,86,17191406
0,0,0,0,17198000
28,58,88,359,1719942
29,59,89,179,17205085
24,52,82,357,1720909
0,0,0,0,17211545
7,20,50,250,17223695
29,59,89,89,17230426
16,46,76,351,17251176
9,32,54,314,17252454
19,49,79,79,17254547
6,14,40,312,1726242
0,0,0,0,17262709
21,51,81,356,17263207
4,8,19,256,17263550
0,7,7,18,17272987
26,56,86,361,17278827
7,12,20,118,17283071
0,0,8,283,17292188
7,21,31,251,17296538
30,60,90,212,17298388
0,0,3,118,17301277
0,0,0,0,17302836
20,36,66,66,17305490
30,60,90,180,17310577
7,20,39,122,17311213
25,54,83,358,1731242
10,11,27,175,1731365
30,60,90,365,17319360
0,0,0,1,17319927
0,0,0,0,17326116
4,4,4,12,17329309
17,47,77,352,17342261
2,5,7,209,17344027
28,58,88,89,17349393
0,0,0,0,17357333
0,29,59,334,17359216
0,13,18,108,17367289
3,5,11,174,17370308
24,49,62,337,17397441
6,28,28,28,17398623
30,51,79,323,17414683
29,59,89,89,17416505
13,17,32,307,17428961
23,53,83,358,17435095
3,4,34,105,17438054
10,23,38,309,17446640
30,60,87,354,17453748
0,0,0,46,17463241
0,0,0,0,17464256
6,20,31,278,17464608
29,59,81,81,17466973
3,6,19,158,1746726
27,57,77,318,17468736
10,35,53,226,17471127
4,22,43,220,17471139
0,0,0,0,17473607
7,20,37,290,17493061
30,60,90,322,17494671
1,10,27,266,17496002
0,0,0,0,17522700
0,0,0,0,17528752
0,0,0,0,17531493
0,6,36,311,17537192
0,0,0,0,17546959
3,5,5,223,1755790
0,0,0,36,17573151
0,0,2,148,17573977
0,12,42,132,17575897
0,0,0,245,17581311
16,42,67,264,17584746
2,10,40,315,17584991
7,23,53,144,17606304
0,0,0,0,1760846
0,22,22,22,17613188
0,0,0,267,17615527
0,0,0,0,17618903
0,0,0,0,17624702
0,0,0,0,17625824
30,60,90,361,17628344
30,60,90,359,17639835
24,54,76,310,17651165
4,24,54,54,17663877
13,40,70,314,17665996
20,49,79,354,17670314
0,6,10,81,17672629
0,0,0,0,17681470
17,47,77,298,17687359
0,0,0,0,17690322
6,25,25,25,17693637
23,53,83,83,17705652
0,2,6,147,17717247
0,0,0,0,17720418
12,35,65,337,17726001
0,0,0,165,17726037
29,59,89,355,17734215
24,47,63,324,17734475
11,15,45,135,17736576
20,20,20,226,17740159
6,25,55,330,17742384
29,59,89,364,17749155
7,15,21,166,17751546
0,0,9,181,17756520
22,42,72,163,17757543
17,47,77,352,17757695
7,7,9,9,17774890
30,60,90,365,17792255
0,0,0,0,17795782
20,26,26,26,17797004
24,54,84,84,17809459
0,0,0,0,17822462
28,58,88,363,17827642
19,49,79,80,17829178
21,45,64,296,17832869
0,0,0,0,17861859
1,12,26,298,17864201
21,51,81,81,17865057
2,2,2,189,17876882
30,60,90,240,17881220
14,28,41,221,17892346
27,41,71,346,17897640
21,51,81,356,1789833
0,0,0,0,17913605
0,0,0,0,17915093
17,33,58,289,17915459
17,47,75,330,17922322
2,26,27,291,179428
19,41,69,242,17944310
0,0,0,0,1794850
5,5,5,5,17951038
20,47,71,314,17960308
19,45,75,166,17967409
3,5,11,160,1796816
28,58,88,284,17971704
0,29,59,326,1797689
13,31,54,151,1799637
2,16,39,272,17996862
8,19,49,324,17997283
21,44,74,74,18004323
0,0,0,0,18005858
28,51,76,293,18016331
0,0,0,0,18031341
7,33,59,334,18040680
19,49,79,351,18042541
21,38,68,343,18047246
0,5,17,281,1805685
30,60,90,365,180653
28,52,70,106,18069657
7,16,35,286,18077770
8,18,44,44,18082902
6,13,13,246,18083735
19,43,73,73,18091109
9,13,43,43,18096846
7,17,23,35,18103340
15,39,69,339,18107774
17,47,77,352,18112116
16,25,50,91,18119842
0,0,0,5,18120094
19,49,79,79,18121163
18,40,63,153,18122102
4,8,16,26,18130053
0,2,20,251,18134389
0,0,0,0,18134491
15,24,47,123,18137446
12,36,66,341,18139590
0,0,0,0,18139662
27,54,84,359,18149310
0,0,0,0,18149668
13,33,63,338,18157368
0,0,0,0,18160399
19,19,19,236,18173787
2,14,25,189,18173803
0,23,53,53,18174806
0,0,0,0,18194415
0,0,0,0,18196799
29,59,89,89,18204751
15,19,25,25,18208738
15,33,48,297,18210384
27,57,87,362,182139
22,46,60,146,18215500
11,35,65,336,18215903
0,0,0,0,18215925
17,39,69,344,1821758
0,0,6,91,18219254
10,38,68,68,18220498
0,0,0,0,18233584
0,0,0,100,18236691
8,21,51,275,18237857
28,55,85,163,18240963
27,53,83,172,18250284
30,60,90,90,18252479
17,26,34,232,18253139
28,58,87,148,18253668
0,0,0,0,18255921
0,0,0,0,18257984
3,8,12,194,1826858
21,46,71,332,18272882
30,60,90,365,18277596
4,8,19,230,18284370
30,60,90,90,1828808
0,0,0,0,18293288
11,13,30,247,18294310
0,0,0,0,18294732
0,0,0,0,18295520
29,59,89,89,18309220
3,21,48,237,18312333
11,41,71,162,18315277
0,0,0,0,18316061
13,43,73,341,18330450
13,22,31,216,18333334
0,0,0,0,18338274
21,21,47,229,18341576
0,0,0,151,18345625
6,22,52,77,18353952
13,15,21,200,18358621
0,0,0,0,18360303
0,0,0,0,18366332
3,6,22,147,1836793
0,0,0,0,18369887
1,31,61,336,18375815
15,31,35,35,18377036
24,54,84,359,18386381
0,0,0,0,18387366
0,0,0,0,18407251
7,28,58,318,18415512
0,0,3,3,18421662
30,60,90,90,18426634
21,43,67,281,18437734
2,5,17,56,18439011
30,59,81,356,1844208
25,55,85,360,1844578
0,0,0,15,18446380
8,28,58,145,18446434
8,24,51,322,18452244
6,24,35,258,18465195
0,0,0,0,18467111
30,60,90,90,18472801
5,19,31,38,18485581
29,59,89,352,18487499
0,0,0,183,18512156
1,17,33,291,18520551
0,0,0,0,18527139
0,0,0,0,1852730
29,59,89,364,18543540
0,0,0,0,18569613
14,14,34,240,18571579
3,9,15,51,18574397
17,35,56,315,1858521
12,28,51,296,18585742
3,10,26,236,18586018
30,60,90,365,18594608
6,6,8,8,18599539
13,41,71,338,18607563
10,10,14,283,18611535
0,0,0,132,18614712
0,0,0,0,18616850
0,0,0,0,18617060
2,13,26,179,18620288
0,11,28,223,186655
0,0,0,0,18675215
15,33,57,265,18682987
30,60,90,324,18694750
30,60,90,365,18700419
0,0,0,0,18704012
9,39,69,159,18707992
11,11,11,11,18711459
30,60,90,365,18712467
4,16,27,179,18721645
5,12,27,295,18730346
0,0,0,0,18734995
10,16,32,39,18748105
30,60,90,176,18769857
0,0,0,0,18772566
25,53,65,65,18776184
10,40,70,345,18780832
13,13,13,72,18793287
28,58,88,113,18809312
0,0,0,0,1882020
30,60,90,365,18824084
4,26,56,147,18841207
7,32,53,144,18841656
1,1,16,16,18848869
19,32,43,294,18849075
0,9,28,296,18859786
16,39,69,304,1886978
30,60,90,365,18877786
30,60,90,365,18887229
29,59,89,89,18891380
0,0,0,0,18905958
22,52,82,82,18908638
20,50,76,329,18909301
23,50,78,352,18914730
0,0,0,0,18916525
0,0,0,0,18917022
0,0,0,0,18917356
0,0,0,0,18917540
4,6,11,40,18918530
0,0,0,264,18925556
27,57,87,88,18935312
0,0,0,0,18944834
30,60,90,365,18954080
11,12,12,48,1897001
0,0,0,0,18994805
30,60,90,143,18999236
6,20,50,177,19005784
4,9,26,217,19014550
30,33,33,33,19018752
0,0,0,0,19028601
21,51,78,346,19029043
5,6,22,39,19030149
9,9,9,9,19030572
3,13,30,75,19036802
30,60,87,351,19037045
6,11,11,141,19038282
6,15,21,67,19044796
23,53,83,348,19049757
0,13,43,318,19050582
3,12,22,263,19056339
0,0,0,0,19057068
27,57,87,362,19060682
5,17,32,306,19061599
0,0,0,0,19063118
4,6,11,172,19068240
9,14,16,65,19070513
29,59,89,364,1907162
0,0,0,0,19080306
6,16,40,315,19083972
23,53,83,83,19086528
29,59,89,263,19094047
21,51,81,160,19095535
5,35,65,339,19098733
25,55,82,107,19100444
18,29,50,203,19101306
16,46,76,351,1910291
29,51,81,356,19104230
9,39,69,344,19105533
0,0,0,262,191079
30,60,90,362,19113128
14,44,74,246,19117590
3,15,26,234,1912695
0,0,0,0,19134150
30,60,90,164,19137059
8,9,9,9,19141928
2,4,34,197,19142002
4,9,23,261,19142081
28,58,83,357,19149590
0,0,0,33,1915001
0,18,48,323,19156662
12,12,12,119,19158211
30,44,70,70,19160496
0,0,0,0,19165058
0,0,0,0,19167153
10,28,50,50,19170546
0,0,0,250,19172215
0,0,0,0,19173256
0,0,0,138,19177584
13,43,71,340,19178913
4,34,64,339,19197922
2,8,8,8,19199353
0,0,0,0,1920293
6,19,49,139,19213844
27,57,87,87,19217460
0,0,0,0,19220115
0,0,0,0,19220298
4,34,64,154,19221893
0,0,0,0,19235160
23,53,83,127,19238057
3,6,17,169,19241544
30,60,90,365,19244141
12,29,39,111,19246639
23,53,83,358,19249207
23,53,83,358,1925045
10,35,57,316,19253090
5,35,65,297,19254909
0,0,0,0,1925519
30,60,90,365,19259702
2,6,11,29,19265750
17,42,42,83,19270950
11,18,23,99,19271040
0,0,0,0,19273862
0,0,0,0,19280475
0,0,0,0,19296654
1,31,61,61,19304849
0,0,0,0,19309013
27,49,79,350,19310295
0,0,5,123,193105
0,0,0,0,1931341
0,0,0,48,19313670
0,30,46,254,19319
0,0,0,0,19320618
0,0,0,0,19323111
0,0,0,0,19326382
17,47,77,77,1932651
23,53,81,229,19337464
10,40,48,107,19340381
5,35,65,156,19348489
29,59,89,89,19359010
10,31,57,203,19366111
0,0,0,0,1936633
20,50,72,347,19373991
12,18,33,114,19376053
9,22,45,246,19380085
18,40,51,299,19396377
7,30,60,311,1940174
5,30,60,335,19405074
8,19,36,116,19416383
24,51,81,228,19426217
11,41,71,314,19428531
0,0,0,0,19430825
29,59,89,364,19441009
0,5,21,194,19442650
7,16,42,76,1944996
0,0,0,0,19453414
21,44,67,201,19468798
0,0,0,0,19469971
0,0,0,0,19486889
0,0,0,0,19494546
11,20,20,20,19496193
29,59,89,179,19499950
0,0,0,0,19499999
0,0,0,0,19501264
0,0,0,0,1950395
29,59,89,364,19508342
25,50,80,355,19508741
14,38,60,308,19526091
18,38,57,235,19530460
0,0,0,0,19530827
30,60,90,365,19536219
9,23,46,252,19536693
11,18,23,207,19547449
12,42,68,318,19550563
29,59,89,179,19550665
0,0,3,5,19555586
27,57,87,88,19557455
0,0,0,0,19559079
30,60,90,365,19559597
18,25,37,37,19568889
15,35,55,180,19572281
27,57,87,88,19574869
0,8,18,229,19576456
18,48,78,353,19585700
30,60,90,180,19585860
12,25,35,223,19587001
0,13,40,310,19587471
30,60,86,338,19592028
0,0,0,0,19592057
0,0,0,261,19592720
0,0,16,291,19599721
30,60,90,365,1960400
0,0,0,0,19610618
0,0,0,0,19616417
12,12,12,12,19641701
0,0,0,0,19653176
0,0,0,0,19654540
28,58,88,88,19660411
24,44,62,125,19664691
23,23,23,23,19664709
30,60,90,238,19677006
30,60,90,365,19678531
26,56,86,86,19680142
29,59,89,179,19681765
0,0,0,0,19684176
15,26,51,115,19691986
0,0,0,0,19692712
0,0,0,0,19694143
0,0,0,0,19695963
7,23,29,266,19699590
0,0,0,0,19704903
6,8,18,232,19712132
0,0,0,42,19718664
30,60,90,365,19735591
0,0,0,0,19739919
0,2,26,297,19741944
0,0,8,8,19746798
0,0,5,20,19750905
23,53,83,358,1975244
0,0,0,259,19760228
0,0,0,0,19764243
4,4,4,4,19767452
0,0,0,0,19767681
0,0,0,0,19768051
0,0,0,0,19768922
8,34,48,281,19773917
29,59,89,364,19779206
8,22,35,202,19779316
0,6,36,311,19780732
0,0,0,0,19781115
9,39,69,344,19786915
27,57,87,87,19789278
5,12,29,223,1979960
1,1,1,1,19800005
0,0,0,0,19803430
1,22,43,252,19807212
2,3,6,180,19815841
9,23,45,291,19820634
0,0,0,0,19821682
0,0,0,0,19825124
0,0,0,0,19825963
0,3,20,32,19827778
0,0,0,1,19828489
0,0,0,126,19828845
0,5,24,299,19830008
0,0,0,0,19830476
0,0,0,0,19830549
0,0,0,0,19838729
0,0,0,0,1984069
1,6,24,204,19845395
17,42,42,84,19846740
11,17,45,249,19847790
30,60,90,365,19853110
4,14,31,212,19862007
0,0,19,185,19865003
0,0,0,0,19865325
8,20,38,288,19866204
0,0,0,0,19869291
29,59,89,357,19870743
4,11,16,221,19877430
0,0,20,295,19877706
0,0,0,0,19880329
21,22,29,47,1989972
0,0,0,0,19900130
15,41,65,189,19901356
29,59,89,179,19904358
4,19,43,43,19906012
5,15,36,210,19907902
0,0,0,0,19914589
0,0,1,260,19920554
29,59,89,364,19920988
10,21,27,89,19928786
4,23,53,328,19929723
6,23,45,45,19933161
4,21,39,39,19935458
0,0,0,0,1995143
0,0,0,0,19952004
13,35,61,327,19953862
1,1,1,2,19961067
23,47,71,274,19963866
24,54,84,315,19967176
13,34,59,64,19976324
10,40,70,160,19979892
0,0,0,96,19981060
2,3,10,144,19981253
27,57,83,83,19981877
0,0,0,0,19984692
3,5,17,267,19985872
3,22,35,286,19990097
0,0,0,0,19993317
0,0,0,0,19995621
0,0,0,0,20006537
0,0,0,64,20007497
0,0,0,0,20015668
2,2,2,2,20019449
0,0,0,0,2002611
0,0,0,7,20030871
9,35,62,319,20035273
28,58,88,179,20038668
30,60,90,271,20044641
23,45,72,191,20045679
0,0,0,0,20049287
0,0,0,0,20050561
27,57,87,362,20055406
20,45,45,45,20055551
5,24,54,329,20057865
9,9,9,9,20061602
20,50,75,350,20071164
20,21,21,82,20071436
1,14,44,308,20080108
0,0,0,0,20081484
18,37,64,193,20088277
23,48,63,63,20088771
0,0,0,0,20112687
10,40,70,70,20116519
1,3,4,99,20121488
0,0,0,0,20127052
0,0,0,0,20135359
0,0,0,0,20139359
0,0,0,0,2015101
29,59,89,179,20154076
0,0,0,0,20157105
29,59,89,179,20159382
30,60,90,365,20164905
29,59,89,269,20172538
0,0,0,0,20180729
18,18,24,299,20181414
28,58,88,363,20188349
9,22,44,306,2019384
0,23,53,144,20202806
0,0,0,0,20206015
0,5,35,308,20206764
0,0,0,0,20211255
23,38,53,116,20214521
2,4,7,29,20228390
0,0,0,0,20234137
0,0,20,84,20234554
12,39,62,69,20235027
17,47,77,167,2023934
0,4,34,309,20239903
0,0,0,0,20240485
0,0,0,0,20241972
28,58,88,88,20245250
0,0,0,0,20254510
0,0,0,0,20255158
10,29,48,183,20260320
23,53,83,83,20264769
0,0,0,0,20275354
29,59,89,89,20275415
6,11,41,316,20275670
30,60,90,180,20276192
9,25,43,124,20280610
9,36,60,145,20286842
15,32,32,196,20287455
30,60,90,365,20289023
4,5,14,224,20295849
0,0,0,251,2029840
0,0,16,16,20307844
0,0,0,0,20309202
6,17,42,69,20309935
1,2,7,238,2031134
1,2,32,307,20312675
0,0,0,0,20330011
0,0,0,0,2034021
13,29,50,238,20353402
21,51,81,356,20354056
0,0,0,0,20357635
30,60,90,364,20358824
12,29,59,293,20362690
16,29,49,205,20374683
25,55,85,98,20394583
0,0,0,0,20396803
0,19,19,19,20397517
30,60,90,90,20399030
0,0,0,0,20399277
13,33,45,135,20413840
0,0,0,222,2041957
16,38,63,335,20450522
26,56,86,234,20455499
0,0,0,0,20463831
7,32,59,59,20478290
23,53,83,83,20482959
5,7,13,171,20483790
30,60,90,90,20492711
0,0,0,0,20494506
5,34,48,250,20503770
24,44,59,59,20511510
27,57,87,362,20517090
0,0,0,2,20521331
29,59,88,88,20522971
12,42,72,347,20530001
16,24,33,267,20530202
4,10,32,32,20530526
0,0,0,190,20532252
8,32,62,82,2053772
0,0,0,81,2054110
3,4,17,185,20543265
24,44,66,272,20557566
20,20,43,52,20567444
0,0,0,64,20569156
19,49,79,354,20570876
0,0,0,0,20578419
18,34,61,258,20580703
22,45,68,128,20588113
0,0,0,157,20589142
0,0,0,0,20589502
28,58,88,88,20596543
30,60,90,365,2059723
25,55,85,85,20597925
11,28,51,71,20599393
30,60,90,365,20605168
0,0,0,0,20611485
4,12,28,282,206122
12,34,61,319,20619682
8,8,8,8,20620144
0,0,0,0,20633816
21,51,81,171,20643726
0,0,0,138,20645080
30,60,90,365,2066014
24,54,84,173,20660511
29,59,89,364,20666508
0,0,4,28,20668195
14,33,59,84,20669488
26,56,86,361,20672298
15,31,42,274,20677646
11,25,31,244,20677802
0,0,0,0,20677942
29,59,89,89,20678327
2,11,21,21,20680853
30,60,90,324,20681944
10,16,37,211,2068454
26,53,77,330,20685775
0,0,0,83,20692275
23,53,83,172,20692563
0,0,0,0,20692888
15,45,75,107,20693549
13,21,21,21,20695115
0,0,0,0,20698056
0,0,0,0,20701225
30,49,79,354,20701559
30,60,90,90,20711019
5,7,13,244,20712093
11,34,64,64,20717948
0,16,44,253,2071929
29,59,89,364,20719961
24,54,84,163,20720421
18,48,77,156,20720982
29,59,89,364,20723241
0,0,0,0,20724431
6,6,6,6,20724571
28,58,88,88,20726731
19,38,52,74,20728606
0,0,0,0,20730891
0,6,32,80,20735001
15,42,72,347,20736951
28,58,86,326,2073897
4,11,22,70,20741058
18,48,78,78,20744948
28,58,88,363,20755043
0,0,0,0,20763432
0,0,0,0,20764769
0,4,31,51,20767798
12,39,60,331,20774523
1,1,3,7,20783233
18,48,78,332,20788473
0,0,0,0,20788503
5,14,19,219,20789773
0,0,0,0,20791526
29,59,89,364,20792560
29,59,89,354,20792923
0,0,0,0,20804897
0,0,0,0,20804962
4,5,13,186,20806414
21,51,79,254,20807522
0,0,0,123,20809200
30,52,82,357,20822448
0,0,0,218,20827801
18,35,46,46,20827803
28,58,88,88,20827826
30,60,90,365,20829122
0,0,0,0,20834832
22,42,66,152,20845108
0,0,0,40,20845825
29,59,89,179,20849928
30,60,90,180,20851877
15,31,61,336,2085520
0,0,0,253,20859319
30,60,90,365,20860562
0,0,0,0,20861761
0,0,0,0,20864633
1,1,23,237,20865085
5,13,17,168,20865183
16,38,68,68,20866128
5,34,49,324,20872439
16,39,69,69,20880869
0,0,0,0,20884878
30,60,90,365,20893660
30,60,90,365,20896819
4,15,31,185,20906161
8,18,27,111,20906942
19,19,19,182,2092831
0,0,0,0,20929703
20,26,52,260,2093064
29,59,89,364,20940124
0,0,0,0,20941829
6,36,66,341,20945783
30,60,90,90,20953036
30,60,90,180,20955863
27,53,83,344,20958766
0,0,0,0,20959398
5,27,34,35,20962081
28,58,88,363,20964078
30,60,90,180,20965875
6,31,52,323,20969380
0,0,0,0,20973119
0,0,0,0,20989061
0,6,11,168,20994775
14,36,66,329,21005012
20,43,69,344,21006757
17,47,75,333,21031806
10,33,63,333,2104807
25,55,85,360,21053564
30,60,90,292,21055635
20,36,66,330,21056118
0,0,0,4,2105881
12,21,21,62,21059755
0,0,2,2,21061587
0,0,0,0,21063718
9,36,61,224,21066228
0,0,0,0,21078272
5,22,45,304,210968
0,0,0,0,21097380
3,33,63,338,21103245
29,59,89,364,21103954
0,0,0,131,21105022
4,4,4,4,21106002
19,40,40,40,21111727
6,18,30,121,21127680
0,0,0,0,21130291
23,41,52,258,21132824
9,25,55,297,2113358
22,52,82,357,2113927
14,34,50,250,21145923
30,60,90,365,21155900
14,14,14,256,2116352
0,19,49,324,21174788
0,0,0,0,21179158
10,25,55,330,21180955
15,39,58,150,21181684
21,42,63,327,2118641
11,32,59,330,2119162
0,4,34,309,2119780
15,45,60,323,21199380
16,39,69,317,21201544
15,45,75,165,21201643
14,40,55,166,21204926
24,32,41,310,21210250
30,60,90,180,21229065
0,0,0,0,21232424
20,20,20,20,2123266
0,0,0,0,21234040
0,0,0,0,21237763
0,0,0,0,21244482
0,0,0,0,21248215
0,0,0,0,21251556
1,12,25,279,21261556
1,5,15,15,21264297
11,32,62,63,21281467
0,0,0,0,21281761
20,50,73,336,21291633
0,0,0,0,2130117
26,56,86,361,21306698
3,15,35,275,21312909
25,50,72,72,21322869
30,60,90,365,2133967
0,0,0,0,21352206
29,59,89,89,21353587
30,60,90,365,21354176
1,1,1,188,21362635
5,12,30,226,21365501
0,0,0,0,21368282
20,48,78,111,21379141
30,60,90,365,21382912
0,0,0,220,21389251
2,4,19,203,21395598
9,39,69,69,21406716
2,3,7,82,2141667
0,0,0,0,21421463
0,0,0,0,21426586
0,0,0,0,2142754
0,0,0,61,21428625
14,14,14,96,21430389
0,0,0,0,21440587
0,0,0,0,21441057
0,0,0,0,21451259
0,3,21,292,21493665
30,60,90,365,21497042
26,56,86,361,21501614
0,7,7,24,21507285
29,59,89,364,21511027
27,57,87,362,21514017
12,16,25,254,2151479
0,4,34,34,21519013
15,19,31,232,21522442
14,28,50,179,21523368
0,0,0,67,2152426
28,58,88,88,21526172
29,59,89,355,21526718
0,0,0,0,21530399
0,0,0,0,21531457
27,44,71,333,2153435
0,0,0,0,21536635
23,53,83,83,21537425
6,28,43,250,21541451
5,13,31,238,21544362
30,60,90,365,21544538
30,60,90,365,2155733
7,37,67,342,21563508
18,18,48,323,21568012
0,0,0,0,21571388
30,60,90,365,2157376
0,0,0,0,21583253
0,0,0,0,21583732
30,58,88,356,21584236
17,39,69,249,21584327
3,3,3,3,21584362
29,59,89,364,21588050
4,5,10,23,2159898
4,24,44,274,2160805
0,0,0,0,21612701
7,19,19,19,21612973
16,23,45,135,2161352
22,51,79,159,21619355
26,47,77,168,2161945
16,39,64,189,21624000
29,59,89,180,21625832
29,59,89,179,21631729
20,20,20,20,2163225
19,49,56,56,21632846
11,41,71,146,21637487
20,34,52,303,21641743
10,40,70,160,21641801
28,58,88,363,21648743
9,26,35,95,21648821
0,15,45,316,21652885
27,57,87,362,21654414
0,0,0,0,21662064
9,25,55,55,21664003
0,0,0,0,21669322
17,29,40,291,21670822
1,1,1,1,21672349
0,0,0,0,21675318
12,28,30,247,216766
5,35,65,340,21680190
30,60,90,91,21684913
0,0,0,0,21686404
0,0,0,0,21686582
5,21,41,316,21702142
9,16,23,278,21702934
0,0,0,0,21704747
21,31,45,299,21711468
0,0,4,185,21716100
27,55,66,66,21739859
0,0,0,0,21746886
0,0,0,92,21761990
21,45,61,323,21762139
30,60,90,181,21768317
0,0,0,0,21786064
0,0,0,0,21795489
29,59,89,364,21796094
30,60,88,358,21807569
0,0,0,0,21815026
30,60,90,90,21816095
11,27,57,301,218191
17,47,77,167,21819120
29,59,89,179,21822223
18,48,78,353,21832585
30,60,90,365,21836642
0,0,0,0,21842369
12,42,72,292,21842463
27,57,87,177,21844107
0,0,0,0,21844137
27,57,87,87,21848831
15,37,67,155,21851474
4,4,4,10,21853819
27,57,81,166,21865684
20,50,80,355,21865942
30,60,90,365,2187155
23,47,71,150,21871576
8,38,68,248,2187573
26,56,71,331,2187610
30,60,90,365,21883829
0,0,0,0,21884466
0,0,0,0,21884991
0,0,0,0,21893035
21,48,71,326,21895438
0,0,0,0,21897602
14,26,34,69,2190616
27,57,87,362,21920190
29,59,89,364,21929645
4,7,12,180,21934202
0,0,0,0,21934440
0,0,0,0,21936741
6,7,28,32,21939239
2,16,29,97,21946009
0,0,0,0,21947380
30,60,90,180,21954331
20,20,20,20,21956266
0,0,0,0,21968496
30,60,90,118,21970465
26,45,75,166,21971876
23,53,75,75,21974572
0,0,0,0,21975808
0,6,33,276,21976308
2,6,9,70,21977972
0,0,0,73,21982406
0,18,48,137,21983555
0,0,0,0,21986801
0,0,0,0,21987106
0,0,0,0,21988560
30,60,90,365,21989302
0,6,36,311,21992735
0,0,0,0,21992856
19,49,79,352,21998466
2,9,25,280,21999107
0,10,17,200,22005432
12,35,61,262,22005538
23,44,65,226,22006891
0,18,48,323,22014353
0,0,0,0,22015226
5,26,52,244,22020910
0,0,0,30,22042206
10,38,68,158,22042558
30,60,90,365,22058660
0,0,0,0,22060712
0,0,0,0,2206311
0,0,0,0,22066860
20,50,79,253,22068048
0,0,0,0,22075258
3,13,22,103,22085738
15,43,71,212,22094381
1,5,12,166,220946
30,58,88,88,2210041
23,53,83,358,22101558
0,0,0,0,22105082
5,8,18,226,22108306
0,0,0,0,22108888
28,58,88,363,22123688
9,9,9,9,22124796
3,3,8,8,22125894
9,39,69,69,22130088
6,32,54,74,2213067
19,46,73,163,22131624
30,60,90,365,22134640
0,0,0,0,22139932
0,1,11,68,22144662
25,55,85,175,22145240
0,0,0,0,22145277
9,31,61,211,22148252
22,52,82,323,22153101
0,0,0,0,22155071
0,0,0,10,22161352
0,0,0,0,22164073
0,0,0,0,2216470
4,34,64,339,22165464
0,0,0,0,22172210
9,32,62,119,22175297
26,44,74,341,22179180
0,0,0,0,22180812
29,59,89,179,22180943
0,0,0,0,22182168
0,6,18,236,22182637
25,55,69,268,22188738
2,3,3,3,22191831
28,55,82,158,22192465
0,0,0,0,22196878
0,0,0,65,22198157
9,35,57,211,22199192
2,6,12,181,22199234
30,60,90,90,22200454
0,1,1,1,22200645
17,23,37,290,22204642
0,0,0,0,22208993
9,34,60,129,22210558
0,0,0,0,22210575
0,0,0,0,22216525
28,58,88,363,22224705
5,5,5,199,22232299
0,0,0,0,22232416
0,0,0,0,22261220
0,0,0,0,22265304
0,0,0,0,22265826
0,0,0,0,22265832
9,39,67,223,22266125
23,53,83,358,22268452
0,0,0,0,22269344
0,0,0,0,22277833
0,0,0,0,22282797
9,37,56,303,2228741
25,55,85,175,22287612
0,0,0,0,2228863
0,0,0,0,22295090
6,30,59,141,22295354
4,15,15,15,22295401
0,0,0,0,22295843
0,0,0,0,22296970
5,23,53,54,22297561
0,0,0,0,22304343
0,0,0,0,22307086
23,53,83,174,22308267
12,36,65,149,22308786
0,3,3,69,2231059
8,38,68,152,223200
7,30,60,60,22322057
4,13,41,132,22323221
0,0,0,0,22335017
2,26,51,299,22336599
30,60,90,270,22336644
1,10,30,242,22337456
30,60,90,180,22339946
0,0,0,0,22341528
0,0,0,0,22343897
23,52,82,357,22344471
27,57,87,178,22346270
0,0,0,0,22362074
6,25,51,52,22362742
8,20,24,151,2236449
0,5,35,123,22367184
5,13,19,236,22370001
19,45,75,350,22370331
8,21,37,112,22374646
0,0,0,0,22376372
2,18,28,244,22378312
0,0,0,0,22382752
1,19,41,111,22384305
30,60,90,365,22385219
14,44,74,349,223930
19,41,51,255,22396955
29,59,89,90,22410282
0,0,0,0,22412815
20,49,68,158,22420791
22,46,46,47,22452499
0,0,1,1,22464989
16,22,38,189,22465071
30,60,90,361,22479557
0,0,0,192,22496428
0,0,0,0,22499729
12,29,59,85,22509800
2,2,22,211,22519067
0,11,23,59,22529830
0,0,0,0,22530493
30,60,90,311,22533268
0,1,31,306,2253500
1,11,11,59,22535144
0,0,0,0,22536752
14,25,25,25,22536824
19,49,79,354,22548261
6,9,10,270,2255549
20,50,76,287,22569026
26,47,47,47,22574501
0,0,0,0,22585112
0,0,0,0,22586208
11,11,11,75,22586401
0,0,0,0,22600065
30,60,82,82,22610083
0,0,0,0,22613522
16,40,68,158,22622636
30,56,83,173,22624198
0,0,0,0,2263327
27,57,87,87,22649080
2,10,18,225,2265321
15,45,75,247,22654578
9,35,65,333,22661818
9,13,13,20,22665888
30,60,90,365,2267006
0,20,50,50,22672234
30,60,90,90,22674839
0,0,2,247,22691928
0,0,0,0,22697380
3,25,55,137,22706114
0,0,20,20,22707139
0,0,0,0,22711366
30,60,90,365,22716126
0,0,0,0,2271702
14,21,28,163,22717303
22,42,72,330,22730070
0,0,0,0,2274454
0,0,0,255,22773037
18,41,71,346,2278444
11,34,64,319,2279098
1,16,46,46,22792908
30,60,82,322,22811503
7,33,63,153,22823671
30,60,90,365,2283492
29,59,89,89,22852449
0,0,0,0,22856113
13,28,28,232,22860459
8,21,51,51,22870249
7,17,17,17,22878471
0,0,0,0,22879740
24,54,64,305,22882443
0,5,21,103,22891830
0,0,0,0,2290346
16,35,49,306,22906280
30,60,90,365,22906483
0,0,0,211,22919250
0,0,0,0,22920564
0,0,0,0,22923322
30,60,90,365,22926186
11,30,41,237,22936556
13,30,38,263,22938161
11,34,58,295,22942398
30,60,90,90,22947339
30,60,90,90,22947425
0,0,0,0,22949323
0,0,0,0,22949667
15,36,66,156,22950622
0,0,0,0,22952561
0,0,0,0,22952950
0,0,0,0,22960273
7,13,29,280,2296225
0,0,0,0,22963647
29,59,89,179,22967401
0,5,35,310,2297326
17,44,68,100,22973623
0,0,0,0,22974298
20,41,71,219,22978545
0,0,0,0,2297951
22,52,82,357,2298271
2,5,11,176,229954
0,0,0,225,22995937
0,9,39,39,22998529
30,60,76,206,22999384
11,22,52,142,23002294
8,18,19,19,23003772
1,1,27,281,23003982
0,0,0,0,23007600
0,0,0,0,23009002
25,55,85,360,2301710
8,8,8,8,23026295
11,11,14,14,230321
0,0,0,0,23046994
0,0,0,0,23053892
0,0,0,0,23056162
24,54,84,359,23058133
4,18,48,48,23065620
0,0,0,0,23066385
0,0,8,8,23070341
9,36,66,87,23077196
5,21,44,44,23085006
0,8,10,169,23091957
0,0,0,225,23104001
1,1,1,1,2310445
3,33,63,124,23106836
26,26,26,26,23109052
22,52,82,357,23115177
13,39,69,249,23115849
6,15,34,243,23121270
23,53,83,83,23121553
20,35,48,302,23122981
30,60,90,365,23136504
27,57,87,362,2314392
14,44,74,260,2314585
18,42,63,153,23149443
30,60,90,365,2315341
0,0,0,0,23160633
28,49,79,354,23168092
9,12,38,128,23168698
17,46,76,229,23170038
4,4,4,40,23170936
2,12,22,162,23171144
29,59,89,179,23177595
2,15,36,36,23178393
6,15,40,40,23180898
30,60,90,180,23183387
19,44,74,159,23184301
0,0,0,0,23187368
0,0,0,0,23190119
30,60,90,90,23199067
30,60,90,365,23202804
0,0,0,0,23206433
0,0,0,253,23209370
20,31,31,170,23210058
30,60,90,365,23210868
16,35,51,274,23211669
15,33,54,301,23211754
30,60,90,90,23217617
0,0,0,0,23219232
30,49,79,348,23219274
17,47,77,352,23222456
30,60,90,365,2322556
23,53,83,173,23232473
13,13,13,13,2324694
23,49,63,304,23249192
0,0,0,0,23251205
30,60,90,311,23252017
29,59,89,364,23257630
7,33,59,334,23258431
0,0,0,0,23275462
2,5,5,79,23282173
19,36,46,280,23284399
29,59,89,364,23286576
30,60,90,90,23297459
30,60,90,365,23298687
20,50,80,355,23300444
24,40,59,329,23300467
0,0,0,17,23303574
28,58,88,89,23309295
19,46,76,351,23311828
16,41,53,100,23311924
5,26,56,317,23312848
24,54,84,359,23313997
8,24,54,329,23317712
0,0,0,0,23317959
7,18,34,204,23321866
24,49,73,344,23325683
30,60,81,243,23341856
5,5,5,45,23341918
7,17,36,95,23357535
0,0,0,0,23364269
27,47,65,330,23370900
1,15,39,279,23374190
21,51,81,334,2338855
29,59,89,364,23389233
0,0,0,0,23391765
0,0,0,0,23394209
1,1,1,1,23398484
9,9,9,9,23402460
6,16,42,125,23403194
27,54,67,145,23408377
0,0,0,0,23419162
0,0,0,0,23428550
18,45,70,300,23435015
19,41,71,346,23440490
29,59,89,364,2344661
23,53,83,83,23456309
0,5,5,5,23458059
20,45,75,343,23465144
11,26,56,99,23471052
0,0,0,243,23479384
28,58,88,88,23482784
16,46,76,166,23483491
0,0,0,0,23484405
30,60,90,91,23484485
28,58,88,178,23486555
0,0,0,0,23493822
0,0,0,0,23494020
11,37,67,340,23496149
20,27,45,45,23497303
16,45,62,330,23504122
0,0,0,0,23509047
10,20,34,34,23509750
0,0,0,0,23509818
7,31,61,62,23510317
0,0,0,0,2351455
18,48,75,164,23519016
9,35,35,35,23521898
29,59,88,99,23527078
13,43,73,74,23529310
0,14,36,124,23531374
12,24,42,317,23532756
1,1,1,1,23535021
24,54,77,266,23538605
19,44,62,275,23538754
12,34,64,155,23550998
0,0,0,219,23553008
0,0,0,0,23562342
29,59,72,281,235651
23,43,43,43,23572358
24,54,84,84,23574380
0,0,0,0,23578543
23,53,83,157,23587621
25,34,39,288,23587909
17,43,68,84,23606639
6,36,66,66,23611001
30,60,90,365,23611060
0,0,0,0,23621105
0,0,0,17,23621554
28,58,88,363,23629071
17,47,77,352,23630079
12,14,33,249,23630628
27,57,87,178,23636182
30,60,90,365,23644123
0,0,0,199,23648402
29,59,89,179,23650296
2,2,2,2,23650892
0,0,0,0,23662965
23,53,81,171,23671806
19,42,54,317,23679945
0,0,0,0,2368021
0,0,0,65,23681559
4,29,59,334,23681585
0,0,0,0,23682266
0,0,0,49,23684385
21,51,81,356,23686193
0,0,0,0,23687643
0,0,1,273,23688192
0,16,46,136,23692382
0,0,0,0,23695471
30,60,90,180,23700685
17,41,71,308,23715192
0,0,0,0,23717824
7,7,7,7,23720900
4,32,32,97,23730118
8,21,27,247,2373963
4,14,18,152,23743781
16,36,56,135,23749673
30,60,90,90,23755792
0,0,4,242,23759457
30,60,90,180,23763097
24,54,84,174,23766166
0,5,35,310,23769045
29,48,59,334,23769793
18,35,55,272,23770863
22,52,79,105,23771506
12,42,72,252,23788201
13,43,73,163,23792007
3,10,16,85,23797007
15,35,63,338,23803557
15,15,15,15,2380403
0,3,20,275,23809500
0,0,0,0,23817774
18,38,58,58,23822150
0,6,15,103,23828577
30,60,90,365,23831089
29,59,89,89,23832922
16,35,50,307,23839051
4,18,39,39,23840566
0,5,35,36,23862155
0,0,0,0,23872995
0,4,34,34,23876137
1,3,7,142,23887963
0,0,0,0,23888208
18,31,31,31,23892039
0,0,0,253,23895712
0,26,28,303,23896389
29,59,89,179,23897006
14,29,38,228,23898015
22,49,71,161,23900565
11,28,43,207,23921295
0,0,0,56,23923242
13,28,55,145,23926355
14,30,60,314,2393133
30,60,90,365,23938644
12,40,69,344,23953865
21,51,81,81,23960324
4,9,18,102,23970178
3,7,13,209,23978926
10,37,64,274,23980486
0,0,0,228,23982823
0,6,29,140,23989053
0,0,0,0,239899
21,45,75,75,23999395
30,60,90,365,24001961
30,60,90,365,24004679
30,60,90,90,2400861
27,42,60,289,24009924
8,33,63,308,24019419
4,18,42,47,24026688
1,2,2,2,24032849
11,11,29,119,24038067
30,60,90,365,24041662
0,0,0,0,24049135
7,19,39,81,24052553
7,7,7,29,24057445
23,53,83,173,24057513
0,0,0,0,24064211
19,44,74,74,24066499
0,0,0,0,24074680
0,0,0,26,24083322
4,8,17,229,24100782
2,2,2,2,24106365
6,27,55,145,24106738
30,60,90,365,24119
10,40,70,276,24119630
10,40,70,276,24120262
0,0,0,0,24146463
0,0,0,111,24156479
24,54,82,351,24159286
27,57,87,362,24160559
0,0,0,0,24161923
0,0,0,0,24163558
12,20,50,136,24169674
29,59,89,179,24170892
20,50,80,289,24173657
30,60,90,365,2418216
12,33,41,57,24182390
0,11,41,316,24186376
0,0,0,0,24186748
0,0,0,0,24187105
0,6,36,311,24200355
9,12,12,12,24207163
1,6,16,281,24208472
0,0,0,0,24211932
5,31,61,61,24212994
0,0,0,0,24218782
0,13,43,318,2422745
29,59,89,179,24266056
5,26,30,31,24266863
6,11,11,11,24267275
1,9,19,100,24270504
0,0,0,0,24278775
0,0,22,104,24279661
28,58,88,88,24284013
0,0,0,0,24290706
17,37,67,333,24296834
17,35,54,130,24298167
30,60,90,365,2432138
0,0,0,0,24322799
30,60,90,90,24322969
10,16,25,241,24324367
9,24,38,90,24333246
0,0,0,11,24335884
6,10,12,220,24340252
10,10,10,10,24348022
2,15,30,95,24360345
19,49,79,80,24365442
0,0,0,0,24365488
0,0,0,0,2436700
17,47,77,352,24368563
0,0,3,3,24378806
0,0,0,0,24391397
1,1,1,1,24393912
2,21,51,186,24404723
3,8,38,302,24413268
0,9,39,39,24417981
30,60,90,365,24418052
10,28,58,272,2442588
0,0,0,0,24426527
0,0,0,0,24427877
4,11,29,188,24448278
13,21,33,148,24448873
12,12,18,268,24450419
0,0,0,0,24459731
0,1,1,15,24460520
10,23,39,39,24460964
0,0,0,75,24461559
10,40,70,160,24461891
6,16,46,321,24462062
0,0,0,0,24474335
0,9,13,14,24477058
0,0,0,0,24479494
17,47,75,275,24486669
30,60,90,365,24492886
28,58,88,88,24495769
0,0,0,0,24498566
26,54,71,335,24505019
30,60,90,365,24505378
20,50,78,353,24505523
30,60,90,365,24507361
30,60,90,365,24511562
0,0,0,0,24513807
8,15,32,293,24515090
29,58,82,165,24521048
0,0,0,46,24521177
24,42,65,65,24527330
24,25,55,300,24528857
0,0,0,0,2453739
12,16,18,286,245574
0,0,0,0,2456142
20,50,80,80,24574651
29,59,73,73,24579565
15,15,15,84,2458782
0,0,0,0,24608152
0,0,0,0,24608765
29,59,89,364,24615811
30,60,90,365,2462714
16,46,76,76,24627916
22,27,37,37,2462948
9,9,9,56,24640187
0,0,0,0,2464745
7,20,47,47,24647767
28,58,88,284,24652262
0,20,50,140,24652972
7,29,38,38,24660064
15,32,59,334,24662841
30,60,90,365,2467258
0,0,0,0,24672681
0,0,0,35,2467377
6,12,23,173,24675658
0,0,6,256,24693627
7,27,57,57,24717812
0,0,8,76,24735009
0,0,0,0,24735200
27,57,87,87,24735442
0,0,0,0,24740074
0,0,0,0,24748967
4,9,13,151,24751719
29,59,89,179,24755982
22,47,72,249,24779608
15,15,15,15,24785954
0,0,0,0,24800927
27,51,75,318,24806307
13,36,66,66,24807963
23,53,83,83,24809999
2,23,23,242,24818739
7,27,57,332,24819150
24,37,51,317,2482036
9,24,49,49,24825256
29,59,89,364,24829178
26,51,58,202,24845400
30,60,90,365,24847096
11,41,71,346,24847275
30,60,90,365,24847281
0,0,4,5,24848349
18,39,61,331,24849266
1,11,17,40,24849631
13,34,55,297,248537
0,9,39,314,24857815
17,40,70,339,24858356
9,17,34,299,24859326
29,59,89,179,24862771
15,43,73,164,24863216
29,59,89,364,24867235
0,0,0,0,24868157
30,60,90,365,24871838
22,52,82,83,24874349
26,49,74,265,24899410
30,60,90,365,24900291
0,0,0,0,24903267
14,20,20,20,24903500
11,33,52,193,24916356
2,10,15,138,24916415
14,34,34,34,24916551
0,0,0,218,24917020
14,33,33,34,24917622
1,31,61,61,24917821
27,39,67,342,2493382
0,0,0,0,24938559
28,58,88,268,24944774
8,25,55,330,24945999
0,0,0,0,24948880
17,24,33,295,24952440
29,59,89,364,24955954
30,60,90,90,24960094
0,0,6,96,24960259
18,32,55,252,24960623
0,9,25,99,24969860
0,0,0,0,24970484
27,57,87,267,24972885
29,59,89,179,24981028
28,56,84,314,24982210
0,0,0,0,24993202
16,39,64,233,24999091
8,30,60,119,25014628
30,60,90,180,25034631
19,41,64,154,25061385
0,0,0,217,25065550
27,57,87,362,25069056
30,60,90,365,25069374
25,55,85,199,25070084
6,23,41,285,25070327
28,56,86,239,25071762
30,60,90,365,25082056
5,9,25,208,25086367
0,0,0,0,25086993
27,57,87,87,25104160
29,59,89,179,25104214
0,0,0,0,2510866
0,19,49,49,25117844
14,38,68,336,25118763
0,0,0,0,25119033
22,43,70,340,25130140
30,60,90,180,25134372
0,0,0,0,25135972
15,45,75,350,25136779
23,53,83,358,251414
27,57,87,362,25144253
0,0,0,0,25148829
27,57,87,362,25150521
7,28,55,330,2515976
0,9,39,313,25167125
9,32,62,316,25167361
29,59,89,179,25173285
2,2,2,2,25183276
13,37,59,59,25185445
7,17,35,240,25187510
0,0,0,0,25188067
1,14,39,122,25189566
4,12,18,274,25200117
12,29,45,266,25200703
19,38,63,336,25211066
1,1,18,291,25217878
0,0,0,0,25223461
30,60,90,180,25224358
0,0,0,0,25226807
18,39,64,257,25233509
0,0,0,0,25238139
30,60,90,365,25239252
0,0,0,0,25241699
0,0,0,0,25244992
30,60,90,180,25248977
23,53,83,358,25250380
28,58,88,196,25261646
2,17,47,227,25264318
30,51,78,332,25266022
28,58,88,178,25266112
1,1,1,141,25277573
30,60,90,365,25280061
30,60,90,365,25281132
15,15,15,15,25281601
0,0,0,0,25292788
10,40,70,160,2530337
30,60,90,365,25311086
10,34,62,312,25317459
9,9,12,12,25323086
30,60,90,90,25366550
5,15,26,174,2536984
23,53,83,83,25377740
23,53,83,358,2538085
30,55,59,243,253842
20,41,41,41,25398833
28,58,88,363,25399181
0,0,0,0,25402379
0,0,24,114,25408055
0,0,0,0,25410221
0,0,0,0,25414968
6,36,66,341,25418032
0,0,0,83,25436
1,1,3,263,25437034
0,0,0,230,25446051
16,16,16,16,25448375
29,59,86,175,25448488
0,0,0,95,25453308
27,57,87,362,25465501
0,0,8,283,25479588
28,58,88,318,25482600
23,53,83,83,25484442
27,48,78,78,25484862
11,38,62,298,25485516
7,21,40,122,25501014
2,2,2,275,25503333
0,2,30,305,25503822
25,55,85,360,25507516
26,56,79,82,25513422
14,41,71,346,25529363
0,0,0,0,25532301
30,60,90,90,25538422
0,6,10,285,25541515
22,52,82,172,25551939
0,6,36,311,25564284
29,59,89,179,25570581
0,0,0,0,25575665
0,0,0,0,25582976
6,33,63,317,25595444
28,40,68,343,256328
21,46,76,342,2563967
0,5,35,310,25653807
6,31,31,31,25684995
7,19,27,281,25688687
29,59,89,364,2569326
2,8,16,76,25701117
29,59,89,364,25708577
25,52,62,298,25715808
23,53,83,358,25723457
17,47,77,344,25726820
23,53,83,358,25739053
0,0,0,24,25741832
13,38,68,160,25750703
2,5,8,44,2576604
16,42,72,342,25769873
6,6,6,6,25780094
9,32,57,80,25784240
28,49,49,57,25784659
0,0,0,130,25785011
3,9,32,204,2578814
0,0,0,0,25792524
21,41,62,337,25794804
0,0,0,0,25796321
4,7,17,211,25803333
8,29,47,307,25803348
2,13,18,259,25803387
21,24,25,295,25819967
0,0,15,290,25820671
30,60,90,365,25829784
24,47,77,77,25831839
24,54,84,174,25832582
1,3,7,26,2584102
5,9,18,159,25841245
0,0,0,0,25841258
23,53,83,83,25845370
0,15,45,320,25852937
29,59,89,364,25856585
30,60,90,365,25865052
0,0,0,64,25875649
0,0,0,0,25879830
30,60,90,365,25881010
0,7,37,100,25887595
29,59,89,364,25895351
15,38,68,330,25911135
0,0,0,0,25913216
9,18,29,291,25919307
21,44,56,56,25937713
28,58,88,363,25939348
1,7,37,218,25949697
22,52,82,357,25950909
6,12,20,75,25953244
30,60,90,365,25956760
0,0,0,0,25961494
18,29,47,310,25964005
0,0,0,37,259661
30,60,90,365,25970511
0,12,37,56,25977467
1,5,17,162,25977832
0,0,0,0,25983004
28,58,88,88,25989823
0,27,52,52,25996203
27,57,87,177,25997982
22,52,82,262,26008844
1,2,23,208,26014383
17,47,77,77,26014922
8,30,59,202,26023825
0,18,48,91,26044607
0,0,0,0,260451
29,59,89,364,26048057
0,0,0,262,26060837
8,38,67,216,2606204
0,0,0,0,26064830
0,0,9,9,260703
0,5,35,310,2607583
0,0,0,38,26077159
11,31,58,322,26077593
28,58,88,89,26084478
5,30,30,30,2609433
30,60,90,365,26100353
23,40,70,175,26103478
30,60,90,180,26105391
0,0,0,0,26106075
30,60,90,365,26106160
4,6,9,93,26108786
13,13,13,156,26110157
13,43,70,282,26112559
1,9,9,9,26113123
2,11,22,212,26120284
26,48,72,289,26120502
21,41,55,124,26120851
5,17,38,308,2612849
29,59,89,89,26134555
30,60,90,347,26143851
0,4,4,4,26146479
0,0,0,0,26150475
0,0,0,0,26151425
30,60,90,365,26158096
30,60,87,356,26164547
12,38,58,320,26170427
12,42,72,162,26178812
29,59,89,89,26185187
7,28,58,303,26197507
0,0,0,0,26199936
9,32,47,212,26204249
30,60,82,357,26209883
0,0,0,163,26210993
2,32,62,62,26231187
21,51,81,353,26232410
0,0,0,184,26242605
0,0,0,0,26244400
0,19,42,186,26257930
15,44,74,347,26259025
15,27,39,281,26263467
18,40,70,160,26263470
29,59,89,364,26270602
0,0,0,0,26273293
0,0,0,230,26287233
0,0,0,0,2629234
12,37,67,68,26308209
0,0,0,0,26313671
0,0,0,272,26313903
4,18,29,182,26315238
0,0,0,0,263190
2,2,2,2,26319639
0,0,0,0,26320917
14,44,71,344,26323083
0,0,0,7,26334724
17,47,77,91,26340840
5,12,31,53,26342079
27,57,87,177,26342532
28,56,86,86,26344088
0,0,0,0,26348233
29,59,89,317,2634829
29,59,89,179,26358814
30,60,90,365,26361065
1,4,13,185,26365192
0,0,0,0,26365414
25,55,85,85,26366454
0,0,0,0,26380958
15,45,75,75,26391176
23,53,80,355,26405954
30,60,90,91,26414600
19,40,70,70,26415333
8,18,45,254,26419653
0,0,0,0,26427671
25,48,78,327,26430039
9,9,9,223,26436758
0,0,0,0,26438611
27,57,87,362,26443961
0,0,0,6,26444105
9,29,59,282,26463049
0,0,11,11,26471879
0,0,0,0,26474245
29,59,89,179,26475990
0,0,0,0,26486034
6,20,50,221,26487387
1,9,31,301,26488006
1,4,28,303,26488387
0,0,0,0,26493902
0,0,0,254,26520002
27,57,87,362,26521403
12,32,60,60,26527885
30,60,90,340,26532170
18,37,67,342,26533551
27,57,87,87,26540293
0,0,9,140,26549061
18,26,48,48,26549962
0,6,36,311,26553343
30,60,90,365,26556751
0,5,32,144,26558762
30,60,90,365,26563602
0,0,0,106,26565457
0,0,0,0,2657689
0,0,0,0,26592468
11,22,22,73,26600150
30,52,82,350,26607708
29,59,89,357,26609688
21,51,81,356,2660996
0,0,0,0,2662127
8,26,44,227,26627443
30,60,81,356,26628718
30,60,90,365,26630155
30,60,90,90,26633051
29,59,89,355,26640206
0,0,0,35,26664547
29,59,89,364,26669415
4,19,27,186,26682757
18,48,78,353,26684891
30,60,90,365,26687281
30,60,90,365,266879
25,38,62,242,26701226
2,11,25,289,2670173
21,42,65,340,26712529
0,0,0,0,26728997
0,0,0,0,26737445
0,0,0,48,26739925
1,4,16,51,26740256
0,0,0,0,26755714
0,0,5,196,26763199
16,46,70,159,26764641
17,38,61,293,26767718
0,0,0,0,26770490
29,59,89,89,26779943
8,38,68,94,26785847
0,0,18,293,26789870
0,2,13,43,26798122
30,60,88,363,26805391
12,38,68,271,2681380
18,48,78,353,26814340
0,0,0,188,2681468
0,0,0,0,26815297
3,12,29,304,26816279
30,60,90,365,2682827
8,20,46,122,26829659
6,6,22,112,2683147
30,51,51,51,26832903
17,47,69,69,26832958
0,0,0,0,26842020
29,58,85,165,26843360
24,54,76,132,26849639
30,60,90,365,2686100
0,0,0,169,2688143
14,37,64,64,26885396
30,54,84,84,26892349
23,48,72,113,26897800
24,54,84,359,26899775
29,59,89,364,26900171
19,38,68,68,26916127
6,25,38,312,26916776
30,60,90,90,26925918
0,0,0,2,26926862
11,28,58,149,26934151
0,0,0,252,26942581
0,0,5,236,26948900
1,1,1,142,26950787
0,0,0,0,26965807
0,0,0,0,26984962
4,4,4,4,26994348
30,60,90,365,2700075
30,60,90,365,27003273
0,18,48,138,27009277
28,34,34,34,27009904
9,20,45,247,27011219
3,13,15,196,27012681
3,7,7,7,27013325
13,28,48,317,27020282
9,26,34,161,27023392
1,1,26,255,27031450
0,0,0,1,27041573
5,25,48,323,27044783
6,17,47,322,27045941
9,39,43,131,27048862
19,45,75,165,27052571
0,0,0,1,2706978
30,60,90,180,27082981
28,58,88,363,27083634
9,27,42,310,27084674
25,55,85,360,27099976
16,46,76,351,2711936
18,42,72,336,27131603
23,53,83,218,27154192
30,60,90,180,27156355
30,42,42,42,27156997
0,13,43,133,27183245
9,39,69,344,27193472
5,5,9,143,27193598
6,9,17,194,27194870
30,60,90,180,27218347
30,60,90,365,27226046
28,58,88,363,27226157
0,0,0,0,2724572
0,16,30,30,27254489
9,39,69,153,27259809
23,53,83,173,27260453
23,53,81,355,27265740
15,36,61,198,27270555
0,0,0,0,272706
15,43,62,318,27272282
0,0,0,0,2728293
0,0,0,0,2729334
2,9,23,197,27298515
9,17,24,198,27334415
0,0,2,2,27335708
3,4,7,79,27347264
29,59,89,89,27350274
29,59,89,89,27355273
0,24,54,131,27360647
19,35,59,315,27366599
30,53,80,80,27366716
29,59,89,89,27371134
0,0,0,0,27371387
3,3,5,5,27372346
0,29,59,59,27378937
30,60,90,90,27383511
0,6,14,261,2738727
0,0,0,0,27400392
29,59,89,179,27404002
8,17,27,211,2741869
3,6,24,24,27423052
17,40,47,196,27429283
0,0,0,161,27435788
22,52,82,342,27436445
0,0,0,0,2744390
30,60,90,365,27452326
0,0,0,0,27457002
15,37,55,327,27466787
0,0,0,0,27473087
10,12,39,114,27479560
0,0,10,237,2748064
11,41,71,346,2748736
26,56,86,361,27489435
0,0,0,0,27489994
0,0,0,0,27498126
0,0,0,0,27499040
30,60,90,365,27499564
18,35,51,63,27500940
0,0,0,96,27502140
30,58,58,296,27506396
8,30,60,335,27523761
0,0,0,0,27534603
0,0,0,0,27540180
16,46,72,160,27555785
1,3,25,104,27556447
12,42,72,162,27568440
4,7,14,244,27568548
30,60,90,365,27569464
4,34,60,60,27573376
10,34,59,60,27580166
0,0,0,0,27581537
24,54,84,359,27581612
30,55,85,360,27586912
0,0,0,0,2758817
0,0,0,0,27588189
13,38,68,68,27588840
28,58,88,363,27590667
0,0,0,0,27590773
0,0,0,0,27590942
0,0,0,0,27592189
27,57,87,362,27593455
1,6,27,35,27594466
0,0,0,0,27602105
4,21,42,233,27617820
11,41,71,346,27621153
0,0,0,0,27624168
29,59,89,89,27630706
0,17,47,137,27631138
14,36,59,323,27643974
17,38,46,321,2764689
28,58,88,88,27650961
29,59,89,364,27655549
30,57,81,356,27658304
30,60,90,90,27667701
29,59,89,364,27672638
29,50,71,337,27675306
0,0,26,301,27678298
16,39,68,68,27678808
15,32,49,139,27694500
24,54,84,359,2769600
29,59,89,364,27710141
30,60,90,365,2771028
0,9,15,30,277133
30,60,90,365,27716174
7,20,20,92,27716426
4,28,58,58,27719896
0,0,0,254,27720921
2,18,43,210,27735420
29,59,89,364,27745034
26,52,81,353,2774934
29,59,89,364,27768064
0,5,35,215,27781404
11,41,66,338,27784079
13,43,73,148,27789416
27,45,45,45,27791633
19,41,71,71,27794194
18,33,57,321,27805512
30,60,90,180,27810607
17,47,77,168,27814857
30,60,90,365,27820099
22,43,43,178,27823238
12,23,49,273,27834501
0,6,11,142,27835298
0,0,0,167,27835986
0,0,0,0,27842018
30,60,90,365,27842155
29,59,89,364,27846336
7,13,43,254,27850396
30,60,82,82,27857771
0,0,1,16,27864530
0,0,9,284,27868597
30,60,90,90,27873052
30,60,90,365,2787408
3,6,16,181,27877418
28,58,88,363,27896304
29,59,86,86,27899421
29,59,89,364,27908073
0,0,24,299,279189
18,48,78,344,27925739
0,29,59,240,27932125
0,0,0,0,27934911
14,40,66,340,27935574
0,5,35,270,27937897
30,60,90,180,27942191
0,0,0,0,2794928
29,59,89,179,27968507
23,47,77,282,27968745
16,46,72,281,27978908
4,20,38,307,27982664
0,0,0,222,27983285
0,0,0,66,27983911
6,14,32,231,27988478
3,7,19,67,27989463
30,60,90,365,27992809
6,31,45,45,279986
0,0,0,0,28002020
4,31,57,332,28004169
0,4,12,218,28018993
5,13,21,247,28037210
30,60,90,365,28042455
0,0,0,0,28042682
22,44,64,132,28044029
30,60,90,365,28045781
30,60,90,90,28055051
30,60,90,365,28061127
28,58,88,88,28066479
4,9,20,260,28074234
30,60,90,90,28093092
27,57,87,362,28106504
12,24,42,100,28117290
6,12,28,152,28121603
0,17,47,245,28124247
1,18,36,162,28135397
12,42,72,347,28135558
6,16,26,95,28148913
0,0,0,0,2814931
13,39,65,108,28153529
29,59,89,364,28159180
29,59,89,364,28164566
0,0,0,0,28190215
30,60,90,365,28197193
24,47,77,335,2820832
30,60,90,365,28211805
6,36,66,341,28214293
30,60,90,365,28214469
0,0,0,0,28218289
30,60,90,365,28221594
10,10,17,18,28231022
17,47,76,351,28232832
29,59,89,364,28250649
30,60,90,180,28251522
0,0,28,28,28252566
28,58,88,363,28258693
30,60,90,365,2828190
3,16,33,274,28283159
10,19,31,274,28284242
0,0,0,1,28286667
26,55,85,360,28301490
25,37,37,37,28307606
14,43,73,348,28335993
0,0,3,3,28339807
0,0,0,0,28341908
3,5,15,192,28345462
0,0,0,0,28345512
27,57,87,267,28350222
0,0,0,0,28351330
28,58,88,88,28352168
4,8,8,8,28358504
23,53,83,83,28359289
0,0,0,0,28368562
18,48,78,78,28372300
20,46,69,159,28372626
0,0,0,0,28373585
30,60,90,365,28377485
12,24,42,251,28378574
20,41,71,208,28378655
17,47,77,77,28384382
18,46,76,77,2838442
30,60,90,365,28384929
8,15,35,112,28387985
0,0,0,0,28398832
0,0,0,0,28402495
3,9,26,75,28407128
12,26,27,27,28429941
17,36,58,140,28432923
4,14,41,273,28438885
6,19,36,275,2843976
9,13,13,13,28442272
30,60,90,90,28453855
30,60,90,365,28458941
3,3,3,3,28463956
30,60,90,365,28466724
0,0,0,0,28469726
29,59,89,364,28475232
17,47,77,352,28481642
30,60,86,175,28483681
10,28,58,148,28484211
5,12,42,309,28491189
0,0,0,0,28493488
19,49,79,354,28493846
0,0,0,1,28497422
30,60,90,365,28506996
29,59,89,89,28508345
5,16,16,16,2851471
30,60,90,365,28515003
4,12,31,190,28515788
7,25,51,51,28516771
6,6,6,6,28532203
30,60,90,365,2853509
0,0,0,0,28538269
13,43,73,316,28541702
5,22,44,273,28543237
2,2,2,2,28545400
30,60,90,365,28557881
5,17,30,100,28559109
15,45,75,75,28559171
25,55,81,355,2856208
30,60,90,365,2858298
10,34,49,310,2858519
9,39,69,69,28586697
7,13,36,277,28595226
8,11,20,29,28598597
28,58,88,363,28603610
15,37,67,342,28603723
19,27,27,27,28609655
0,0,0,0,28629163
30,60,90,365,28629954
9,22,44,69,28632184
0,0,0,188,28653236
16,46,75,161,28660186
29,59,89,364,28666887
7,16,24,262,28678823
0,0,0,0,28680187
30,60,90,365,2868278
29,59,89,364,28683838
28,58,88,362,2868441
13,37,64,339,28690892
30,60,90,365,28691086
30,60,90,365,2869724
30,51,51,51,28714475
30,60,90,365,28714609
30,60,90,112,28719096
30,60,90,365,2873436
0,0,0,0,287408
0,8,38,39,28748403
10,14,38,308,28750603
5,32,62,131,2875373
18,48,78,78,28762028
30,60,90,90,28768866
7,22,48,226,28772395
30,60,90,122,28782308
30,60,90,240,28795425
0,6,36,126,28800381
7,25,55,55,28805946
2,22,34,246,2881549
28,58,80,120,28824060
0,0,0,0,28825704
29,59,89,364,28828913
19,49,79,354,28829890
30,60,90,90,28833727
18,32,51,301,28835255
19,49,74,345,28838517
5,13,24,185,28840227
30,60,90,365,28848228
29,59,89,364,28853948
0,0,0,0,28858231
13,38,68,343,28858840
19,45,75,75,28859889
0,0,0,47,28881505
20,40,59,102,28881873
0,0,0,0,28884716
29,50,53,53,28889655
0,0,0,225,28890052
25,55,85,360,2889440
13,36,66,328,2889953
17,18,18,19,28904599
1,1,14,96,28904885
7,37,67,67,28911645
15,45,75,350,28914960
27,57,87,177,28925068
0,0,6,251,28926167
23,53,83,358,28955950
6,31,61,336,28956363
23,23,23,23,28957367
29,59,89,179,28962650
0,0,0,0,289703
29,59,89,179,28974068
30,60,90,365,2897910
29,59,89,364,28988793
29,59,89,364,28991032
29,59,89,364,28993950
30,60,90,90,28997335
3,20,50,251,2900140
29,43,58,306,29006342
11,35,65,331,29009853
30,60,90,365,2901513
23,49,70,322,29026923
27,57,87,312,29032115
0,0,0,0,29037867
9,38,68,343,2903941
0,0,0,0,29047108
30,60,90,365,29048292
19,19,19,186,29052866
0,0,0,0,2905682
30,60,90,365,290608
30,60,90,365,29078967
9,9,9,9,29084122
0,0,0,274,29089899
0,0,0,0,2909689
30,60,90,90,29104927
0,5,25,93,29108266
9,39,69,344,29109214
30,60,90,365,29110619
29,59,89,347,29115387
14,33,55,298,29115543
29,59,89,179,29115877
29,59,89,89,29121570
23,53,83,173,29128630
0,0,0,199,29137639
12,30,30,221,29138738
15,45,52,52,29144682
0,0,0,60,29147263
16,22,44,96,29148942
12,31,45,313,29150428
30,60,90,90,29161044
26,56,84,198,29165158
10,18,29,251,29172490
18,18,18,18,29222035
30,60,84,359,29223250
29,59,89,364,29224880
30,60,90,365,29225214
30,60,90,365,29234484
0,0,0,0,29240750
0,0,0,0,2924834
29,59,89,89,29249672
29,59,89,364,29251263
0,0,0,0,29257522
0,0,0,0,29262781
0,0,0,206,2927005
29,59,89,89,29274583
30,60,90,365,29277360
0,0,0,126,29279082
23,43,73,163,29283991
20,20,20,20,29294705
28,58,88,332,29302836
9,28,43,314,29309473
29,59,89,179,2931473
30,60,90,180,29324861
30,60,90,365,29332500
30,60,90,90,29334720
23,53,83,83,29337293
0,0,0,0,29338509
30,60,90,365,2934080
10,37,64,178,29341373
0,0,0,32,29349463
20,47,73,348,29354797
27,57,87,267,29358615
0,0,0,0,2936130
4,11,17,226,2936192
30,60,90,365,293754
29,59,89,364,29378401
10,27,37,270,29378853
18,48,74,334,29390089
22,52,81,172,29390269
3,5,10,169,29400145
22,49,79,216,29404058
13,20,28,187,29407312
9,39,69,115,29412913
28,58,88,363,29413488
3,3,3,3,29420129
0,6,36,126,29429544
15,45,75,350,29432887
0,4,4,19,29447285
15,30,56,56,29448000
0,0,0,211,29450571
23,53,83,358,29452253
30,60,90,90,29455981
29,59,89,160,29456015
28,58,88,363,29456207
30,60,90,365,2946022
6,6,6,6,29466814
0,0,0,0,2947332
29,55,76,158,29474090
10,32,62,337,29490217
0,0,0,0,2949309
27,57,87,357,29500826
4,34,64,148,29503086
21,37,55,279,29507756
8,38,68,158,29508303
30,60,90,90,29508322
29,45,75,255,29518685
30,60,90,365,29529478
27,57,87,362,29531933
30,60,90,365,29535104
0,16,16,274,29552477
29,59,89,364,29561057
29,59,89,89,29562736
30,60,90,365,29565128
30,60,90,91,29574733
27,57,87,178,29576644
30,60,90,365,29586056
30,60,90,365,29586098
29,59,89,89,29593978
0,0,8,8,29602186
24,54,84,359,29612592
30,60,90,180,29619304
7,19,32,279,2961935
27,57,87,362,29620364
7,7,7,7,29622247
0,0,0,66,29626173
30,60,90,365,2964930
9,27,57,57,29662239
0,0,0,26,29664105
0,0,8,8,29668405
9,39,69,344,29672026
30,60,82,82,29672384
19,49,79,79,29673222
6,34,64,154,29674795
20,50,80,355,29676608
11,29,56,252,2967668
19,41,71,346,29682080
0,0,0,0,2968272
6,24,42,123,29682985
27,47,77,352,296910
29,59,89,364,29697871
29,59,89,89,29704374
19,49,75,345,29704570
30,60,90,365,29729379
0,0,0,0,29729703
0,0,0,0,29736685
0,0,0,0,2973916
13,31,56,320,29739999
27,57,87,362,29749143
30,58,84,350,29750225
23,53,83,243,29750964
30,60,90,362,29761068
0,0,0,34,2976305
6,36,66,156,29764623
12,35,65,151,29770616
0,0,0,41,2977668
28,58,88,363,29788008
24,54,84,359,297908
19,49,79,216,29791123
11,11,20,20,29799437
29,51,63,181,29811532
8,30,37,37,29821133
0,0,0,0,29821233
19,49,79,169,29826541
29,59,89,181,29837246
3,26,56,331,29840058
9,31,57,288,29840640
7,18,48,323,29844546
14,23,23,130,29848645
23,53,83,83,29856236
0,5,35,310,29859603
29,59,89,179,29863999
20,46,76,286,29870769
10,25,52,315,29872103
0,0,0,0,29877023
22,47,47,101,29879141
15,37,37,37,29896780
23,45,72,343,29897994
15,42,65,322,2989860
0,0,0,0,2990911
29,59,89,179,29912167
11,20,30,140,2991893
30,60,79,79,29920051
27,56,86,361,29931879
21,38,38,38,29932504
0,28,58,148,2993875
8,16,31,31,29947519
0,0,8,8,29952115
20,50,80,170,29957113
29,52,62,317,29959482
30,60,90,365,29960225
0,0,0,0,29963232
1,1,1,1,29963893
30,56,73,348,29969494
7,13,28,182,2996993
0,0,0,0,29974058
0,0,0,259,29977604
30,60,90,365,29979255
15,28,40,237,29982730
30,60,90,180,29985063
30,60,90,365,29987304
12,38,68,68,29997747
30,60,90,90,30012219
6,12,23,39,30012792
30,50,70,267,30015010
10,20,50,314,3002319
0,0,0,0,30032152
1,1,5,5,3003386
14,37,44,95,30035292
24,54,84,293,30036158
30,60,90,90,30049654
25,26,26,26,30054699
25,55,85,85,30055339
1,1,1,1,30056291
0,0,0,0,30071631
25,55,85,360,30083901
5,9,29,288,30087365
30,60,87,200,30089932
23,53,83,264,30092070
10,40,70,345,30092212
30,60,90,365,30096786
21,51,73,77,30097777
30,60,90,365,30104792
10,10,10,10,30109022
30,60,90,91,30113822
9,29,59,144,30115488
5,20,50,140,30116382
29,59,89,180,30117558
23,53,83,358,30128270
28,58,88,363,30129761
0,0,0,0,30129770
12,42,72,347,3013098
0,0,0,0,3013158
0,0,0,0,3013214
9,21,51,141,30134392
7,22,44,267,30135028
0,5,35,126,30138480
22,52,82,357,3014692
18,35,56,325,30148480
30,60,90,90,30152724
29,59,89,179,30163487
0,0,0,0,30167073
25,49,79,354,30171095
3,26,56,322,30171277
5,20,32,249,30173128
16,40,70,345,30174148
0,28,58,148,30179464
30,60,90,365,30179953
28,58,88,88,30194213
24,26,56,331,3019711
0,0,0,0,30200165
0,0,0,0,30201318
0,0,0,0,30202409
13,13,13,13,30203828
22,36,52,311,30206716
0,0,0,0,30206982
29,59,86,355,30214389
0,0,3,4,30214657
0,0,0,0,3021624
18,48,78,78,30222713
27,57,87,362,30230363
4,33,47,175,30234270
29,59,89,364,30236485
2,32,62,106,30239555
0,0,0,218,30239722
2,32,62,337,30242109
0,0,0,0,30242421
19,38,38,118,30250293
29,59,89,364,30258594
28,38,65,322,30259023
30,60,90,365,30259670
7,17,42,300,30261334
8,38,61,336,30261600
29,59,89,179,30270781
26,48,78,159,30273018
0,0,0,0,3027341
10,27,32,64,30276904
30,60,90,365,30284483
0,0,0,0,30290547
0,0,0,0,30291419
30,56,80,244,3029260
0,0,0,0,30293577
7,8,8,8,30293722
23,53,83,84,30294051
4,5,10,10,30301460
15,15,15,81,30310595
16,40,70,345,30322438
12,38,68,69,30323119
0,0,0,0,3032355
27,57,87,362,30324599
0,0,0,0,30324850
0,0,10,274,30325676
23,53,83,358,30327756
29,52,82,82,30341193
17,36,46,297,30348256
0,7,7,7,30355523
0,0,0,59,30360855
13,38,61,336,30361820
22,22,22,22,30364518
30,60,90,365,30364979
18,48,78,353,30365974
5,11,20,107,30366799
24,42,72,72,30368243
0,0,0,0,30377044
21,51,81,356,3039012
18,48,78,168,30395479
0,0,0,61,30403133
0,5,35,36,30403212
0,0,0,0,3040870
30,60,90,365,3041034
7,24,49,166,30412858
0,0,0,0,30421791
13,30,56,145,3042637
0,0,0,0,30429154
0,15,15,46,30429988
0,0,0,0,30430804
30,60,90,90,30458196
30,60,90,90,30459480
11,37,61,306,30459655
23,53,83,358,30479760
18,34,56,312,30488589
29,46,73,348,30488984
0,0,0,0,30489606
0,0,0,0,30495625
0,0,0,0,30501335
17,41,65,320,30504379
1,23,43,215,30507198
3,8,11,132,30507297
30,60,90,90,30507309
25,55,85,175,30511700
0,0,0,33,30515970
11,39,67,333,30518067
30,60,90,365,30520863
12,31,51,265,30522015
18,25,49,231,305245
16,46,76,76,30528140
0,27,46,46,30531901
0,0,2,6,30533458
7,7,7,79,30537041
30,51,51,51,30538139
2,32,62,337,30540700
2,21,46,307,30548281
24,54,84,84,30549426
0,0,0,75,30551204
25,55,85,360,30561422
29,59,89,179,30562498
11,23,48,228,30573409
29,59,89,364,30576569
13,29,54,326,30578696
5,35,65,65,30588222
7,23,32,265,30589495
26,52,82,82,30606576
11,11,11,151,30622150
22,49,74,349,30641024
0,0,0,70,306515
14,44,74,349,30658206
29,59,89,89,30671405
23,53,83,83,30672896
16,20,50,50,30673003
0,0,0,0,30675540
0,0,0,0,30675711
29,59,89,179,30693606
23,53,83,164,30702163
0,0,0,0,30710358
30,60,90,365,30716077
16,16,16,16,30721008
0,16,16,16,30722343
0,0,0,0,30729906
22,52,82,82,30756696
16,37,64,320,30759793
18,28,58,277,30763079
3,13,34,276,30772567
30,60,90,365,30780684
29,59,89,89,30791322
14,25,55,312,30792780
14,37,67,151,30792893
0,0,0,0,30810129
14,44,69,344,30815910
9,9,31,306,3081744
0,0,0,4,30817702
0,0,21,296,30824244
28,58,88,363,30826856
0,0,3,38,30832921
8,12,36,282,30842723
20,37,67,331,30857458
29,59,89,179,30876582
0,21,51,51,30882652
28,58,88,363,30896492
0,0,0,0,3090578
30,60,90,365,309063
0,5,35,310,3091450
21,51,81,171,30919312
7,31,61,61,30921897
0,0,0,9,30926186
19,49,79,94,30950498
23,53,72,324,30951435
17,47,69,69,30956518
13,15,19,19,30959409
2,3,6,139,30962949
3,13,38,188,30963309
13,22,50,219,30963505
11,22,46,193,30963540
3,6,12,177,30963573
30,54,82,357,30973353
8,38,68,343,30973388
9,39,69,69,30975819
28,58,88,178,30978373
30,60,90,365,30979941
19,48,73,155,30982784
9,36,56,72,31002017
30,60,90,365,31011177
0,0,0,0,31013832
28,48,78,353,3102202
30,60,90,365,31022850
24,54,84,264,310233
30,57,80,305,31023724
30,60,90,180,31034950
26,51,71,346,31035946
30,60,90,365,31036628
0,0,0,0,31037891
2,7,26,248,31039082
9,16,40,306,31040144
0,0,4,185,310414
0,0,5,280,31045123
30,60,90,365,31048054
24,52,81,356,31053412
30,60,90,365,31057135
30,60,90,180,31057997
15,36,66,341,31058753
10,10,10,10,31059672
30,60,90,365,31063824
0,0,0,0,31065702
0,0,0,0,31080472
29,59,89,169,31081663
0,0,0,0,31083177
30,60,90,90,31085894
8,38,68,343,31086693
0,0,0,0,31088238
0,0,0,0,31089327
0,0,0,0,31095245
26,56,86,176,31099467
7,8,16,16,31101349
29,59,89,364,31110464
21,51,81,356,31117363
10,40,70,345,31119279
20,50,80,355,31121699
27,27,27,221,31123905
22,52,82,260,31125186
30,60,90,365,31125291
29,59,89,180,31134257
11,32,43,197,31135824
5,35,65,340,3113661
25,55,85,85,3114202
0,10,31,239,31144314
9,29,57,264,31144321
0,6,36,244,31149060
29,59,89,364,31156767
4,6,17,38,31164170
29,54,81,356,31167868
12,39,69,182,31173511
0,0,0,0,31176187
0,0,0,100,31180534
18,46,65,202,31186053
27,57,87,360,31191629
30,54,54,54,31197980
27,57,87,362,31200584
27,57,87,177,31205337
26,42,66,333,31205947
0,0,0,0,3120723
27,57,87,362,31208538
26,51,79,274,31215573
0,0,5,5,31217862
9,39,69,69,31217955
18,40,67,339,3121854
7,30,60,335,31220751
0,0,0,0,3122230
29,59,89,364,31235308
0,0,0,222,31258001
9,39,69,69,31269732
3,3,3,3,31270876
29,56,85,360,31272924
0,7,31,306,3127809
14,14,14,14,31279195
27,57,87,87,31293980
7,31,61,81,31299012
0,0,0,190,31301774
28,58,88,308,31301794
1,2,15,186,31302323
6,13,13,202,31305846
4,4,4,4,31318633
3,8,18,245,313223
29,59,89,364,31326897
30,60,90,365,31328773
11,30,55,189,31332997
0,0,0,253,31343008
21,51,81,348,31344231
8,27,57,267,31346657
3,9,22,22,31352359
30,60,90,365,3136909
0,0,0,0,31383645
11,26,47,72,31385256
12,21,25,59,31385559
24,54,84,359,31391139
9,23,53,316,31391462
3,3,24,75,3139489
2,4,4,4,31399123
29,59,78,254,31403026
10,40,70,70,31408169
14,36,66,156,31425079
8,24,24,24,31431457
30,60,90,365,3144266
9,39,69,344,31443139
0,0,0,0,31448135
17,47,71,342,31454375
20,47,68,343,31457975
0,0,6,281,31459895
12,24,43,255,31460245
6,6,6,6,31461289
13,36,36,179,31465474
0,30,58,314,3147146
29,59,89,364,31486435
0,0,2,55,31489144
30,60,90,365,31490186
8,8,26,26,31492265
14,18,27,260,314982
30,60,90,365,31504921
0,20,50,230,31505380
18,48,78,353,31506064
10,27,57,332,31507104
9,25,44,282,31509992
13,27,27,27,31510270
30,60,90,90,31517531
6,14,34,309,31533365
10,16,40,315,31538969
0,0,0,0,31548152
0,0,0,0,3155979
7,20,41,266,31563921
0,0,0,0,3157408
2,22,52,142,31582808
29,59,89,179,31588317
29,59,89,179,31589026
0,2,29,29,31590340
0,0,0,191,31598034
30,60,90,180,31600196
30,60,90,90,31613810
11,41,71,161,31630832
19,49,79,169,31632468
30,60,90,365,31633508
20,50,80,354,316355
23,46,73,348,31639194
3,26,47,311,31644399
25,55,78,78,31644986
0,0,0,0,3165920
15,28,47,106,31666595
8,12,12,12,31670584
0,0,0,0,3167712
29,59,89,364,31687084
29,59,89,179,31693770
25,55,85,359,31696863
23,53,83,358,3170717
18,48,78,353,31708004
29,59,87,362,31728040
0,0,0,0,3173305
17,17,17,17,31742674
29,59,89,89,31761679
30,60,90,365,31764157
16,39,65,340,3177173
29,59,89,364,31771741
29,54,84,311,31772760
29,59,89,89,31773624
13,30,49,49,31775003
28,58,88,178,31776214
0,0,0,0,31778909
9,20,50,325,31794372
30,60,90,365,31800265
21,51,81,356,318028
22,52,82,357,31804891
0,0,0,0,31804969
30,60,90,365,31806673
27,57,87,362,31808341
0,0,0,0,31810829
30,60,90,365,31812431
16,46,76,166,31819664
4,7,14,244,31827679
8,16,43,314,31840261
1,17,40,131,31845112
8,8,10,10,31850676
29,59,89,179,31860292
0,0,0,20,31861001
30,60,90,365,31864910
11,30,60,150,31866944
9,17,39,77,31867873
23,35,35,56,31869859
30,60,90,365,31876931
16,16,16,16,31879987
25,55,85,360,31886158
30,60,90,365,31890994
21,51,81,356,31900517
30,60,90,365,31901908
6,26,56,331,31905370
26,56,86,361,3190976
30,60,90,365,31913823
0,0,0,65,31913927
0,0,0,0,31914885
10,40,70,101,31921047
21,51,81,81,31921848
0,0,0,19,31922085
13,24,24,24,31925067
30,60,90,180,31925521
16,40,70,70,31930748
30,60,84,356,31941328
26,46,76,348,31947832
28,56,86,86,31951146
25,45,75,75,31951390
30,60,90,207,31951516
29,59,89,179,31960105
30,60,90,365,31963125
24,54,84,359,31970788
3,32,58,253,31972844
18,31,61,336,31974220
23,53,83,84,31981770
20,50,80,355,31984148
14,44,74,349,31984651
30,60,90,90,31989710
19,45,68,158,31995384
5,26,56,260,3200122
30,60,90,365,3200487
24,54,84,264,32008291
6,11,26,297,32008854
30,60,90,365,3201230
29,59,89,179,32014374
0,9,39,39,32023628
12,12,12,51,32024517
30,60,90,365,32025949
6,15,42,224,32028943
9,30,60,311,32030782
18,48,78,320,32037744
24,47,67,327,32040085
9,20,50,50,320446
27,57,87,177,32054255
0,0,0,0,32074640
9,31,39,39,32082784
0,0,16,106,32087839
15,45,75,350,3208863
0,4,28,28,32092400
5,14,44,44,32092426
30,60,90,365,32096193
23,53,72,72,32099175
6,6,18,76,32099571
0,16,46,226,32100680
23,53,83,126,32101468
24,54,84,174,3210248
13,30,60,208,32102597
12,42,72,162,32103922
30,60,90,296,32104281
2,12,22,107,32104830
18,43,49,194,32106134
12,36,66,66,32110024
29,59,89,89,32112187
22,52,82,172,32131343
0,1,1,32,32137606
15,45,75,75,32159739
7,29,59,269,32160778
5,16,29,100,32165831
0,5,19,278,32166129
27,44,73,346,32174629
0,0,0,0,3217583
12,42,72,276,32178403
30,60,90,365,321803
6,6,6,6,32180516
29,59,89,330,32180649
27,27,27,27,32181448
24,54,84,174,32189176
9,24,48,73,32189927
18,35,54,291,32195716
0,0,0,0,3220115
21,51,81,356,3220673
0,0,0,29,32208912
17,31,60,85,32209739
30,60,90,186,32214610
2,27,30,30,32224265
30,60,90,365,32228569
29,59,89,364,32232797
29,59,89,89,32235219
1,1,1,128,32235324
0,0,0,31,32236818
23,53,83,358,32237387
6,23,46,272,32242177
24,54,84,359,32254820
0,0,0,182,32265418
11,32,62,62,32268377
7,33,62,63,32275673
30,60,90,365,32275681
12,29,42,231,32280408
1,19,49,194,32281660
29,59,89,364,32287835
13,15,15,15,32297024
0,0,6,281,32304461
0,0,12,12,32307429
8,17,22,22,32308714
2,4,20,20,32309279
18,18,18,18,32312883
24,54,84,359,32320880
20,50,80,355,323213
29,59,89,89,32327341
0,0,0,198,32332063
0,0,1,115,32338059
1,31,61,239,32338168
24,54,84,359,32338747
4,34,64,162,32338760
0,5,35,190,32338783
0,26,56,259,32338886
30,47,77,242,32338915
0,3,7,124,32339084
0,13,13,51,32340227
30,60,90,365,32341628
18,48,78,353,32343800
0,0,0,61,32351823
1,1,1,1,32355490
28,58,88,179,32361436
5,13,13,13,32362812
29,56,86,86,32369195
6,36,66,341,32375230
17,42,58,86,3237666
30,60,90,365,3237716
30,60,90,365,3238474
0,21,51,237,32385079
30,54,84,85,32388469
23,43,68,158,32401490
12,22,49,324,32418682
28,58,88,363,32432419
10,31,50,256,32433031
19,48,76,351,32436791
30,60,90,365,32445856
3,3,3,3,32447033
0,0,18,18,32454803
23,53,83,358,32456345
27,57,87,362,32459348
30,60,90,270,32462982
4,17,47,137,32476385
17,47,77,77,32481559
27,56,86,86,32481979
0,0,11,286,32503549
3,19,49,324,32503574
22,42,71,343,32510052
8,32,58,140,32528492
14,14,14,141,32537967
30,60,90,180,3254016
8,13,13,13,32541101
13,35,61,336,32546106
24,48,69,149,32546244
11,27,50,255,32546486
19,49,79,152,32548455
21,51,81,356,32603163
22,40,58,321,3261569
30,60,90,90,32618302
10,18,41,66,32636126
16,39,69,344,32645900
30,60,90,365,32649235
0,0,0,275,32663016
30,60,90,365,32663214
1,12,29,301,32677257
30,60,90,365,32678048
30,60,90,365,32678211
11,26,56,56,32679285
23,47,47,47,32679705
24,54,84,359,32679910
20,50,80,80,32699333
30,60,90,365,32699393
4,20,37,189,32702406
23,50,80,355,32707786
8,23,41,202,3270926
30,60,90,365,3271418
19,41,63,258,32715595
25,55,85,85,32717275
27,57,87,362,32727861
4,14,43,43,32734009
4,9,9,10,32745053
9,23,53,311,32745518
26,56,86,106,32746163
26,32,62,152,32748063
29,59,89,89,32752615
12,42,65,65,32759894
21,50,80,355,32761256
23,53,83,263,32774643
23,53,83,197,32798068
29,59,89,364,32805549
5,26,35,310,32806919
19,32,61,336,32823084
6,23,53,143,32829395
30,60,88,199,32835270
0,8,35,310,32838638
0,4,34,187,32838748
7,33,60,150,32839070
23,53,83,84,32843905
19,49,79,79,32847674
25,55,85,360,32856730
27,57,87,362,32877018
0,0,0,0,3288363
30,60,90,365,3288487
15,26,49,159,32894465
14,23,53,143,32896330
5,25,55,330,32928274
24,54,84,84,32932316
8,18,47,153,32933572
12,21,21,21,32934486
30,60,90,365,3293479
29,53,83,83,32948708
3,3,3,3,32958737
12,29,42,317,32969
28,58,88,363,3301571
0,0,1,89,3308303
8,38,68,343,332150
6,36,63,338,3322110
1,14,14,14,333190
30,55,68,292,3332055
30,60,90,365,3335550
3,33,63,338,333624
26,39,58,333,3355353
0,6,36,311,336569
6,26,56,317,3374964
10,10,10,10,3376567
0,9,39,314,3382961
0,0,0,0,3383677
8,8,8,8,3404472
30,60,90,365,3410502
22,52,82,357,34177
29,50,80,355,342027
12,16,30,266,342139
19,49,79,354,3427741
15,45,75,350,3432115
0,0,0,6,3446689
3,33,63,334,3448897
0,0,0,69,3458439
0,0,0,0,3463465
14,44,68,328,3464992
0,1,1,11,3476105
0,0,0,0,3476107
11,41,71,346,347803
0,0,0,19,3485641
28,58,88,363,3494585
8,38,68,339,349618
23,53,83,195,3503965
30,60,90,357,3506859
5,17,30,262,3517150
13,27,47,322,3517568
21,21,21,21,3527622
0,0,0,71,3530395
0,0,0,0,3532235
16,46,76,98,3535812
3,11,14,237,35379
0,0,0,0,3544397
29,59,89,364,3544610
4,8,17,266,3567993
5,16,27,65,357958
0,0,0,0,3580577
8,18,43,280,3581676
0,0,0,15,359969
23,53,83,358,3602073
30,60,90,365,3616643
25,51,78,353,3618467
26,47,47,59,3631518
23,40,65,315,3632907
0,0,0,0,3633808
9,30,60,335,3640004
0,0,0,163,3654407
17,27,57,146,3675957
24,54,84,356,369336
13,14,32,38,3729694
0,0,0,0,3731634
6,14,14,233,3735449
0,0,0,249,3760592
30,60,90,365,3786402
30,60,90,365,3798786
9,24,46,126,3800450
17,25,44,299,3812222
2,4,13,220,3815305
12,21,27,283,3816200
1,8,16,85,3855119
30,60,90,365,3876850
27,57,87,362,3885090
12,34,52,279,3891064
20,43,59,238,3905849
30,60,90,365,3920340
26,56,86,359,3920836
0,8,38,220,3930842
0,0,0,0,3930878
0,0,0,0,3936009
30,60,90,365,394428
6,9,9,9,3952093
25,46,66,327,3953585
3,17,35,210,3961051
0,0,7,185,3963635
0,0,0,0,3969482
5,12,22,275,3971325
25,31,34,298,3975630
30,60,90,365,3996080
23,33,46,304,4000621
19,49,79,169,4001099
28,58,88,88,4010246
0,0,0,0,4016121
25,39,59,309,4021526
13,16,19,259,4025329
0,0,0,0,4025482
0,0,0,0,4031809
0,0,0,161,4037541
16,31,61,117,4044871
30,60,90,319,404688
5,31,61,336,4049958
7,9,9,184,4052514
0,0,0,232,4057320
3,6,23,260,4069429
21,51,81,356,4074453
12,25,49,313,4076976
1,2,6,187,4079030
0,0,0,205,4081276
17,18,18,254,4083049
24,54,84,359,4088691
0,0,0,0,4091190
30,60,90,365,4116934
0,0,0,65,4120182
0,0,0,0,4138110
0,0,0,254,4138543
30,60,90,365,4144356
0,30,60,335,4150719
27,57,87,87,4150857
0,0,0,0,4158278
0,21,42,254,4164487
0,4,25,86,4178152
1,3,3,110,4178954
30,60,90,365,4181852
12,40,41,271,4183200
30,60,90,365,4185995
0,0,0,0,4194010
30,60,90,365,4204302
8,23,43,43,4211510
0,0,0,0,4217268
30,60,90,365,423275
4,8,14,160,424137
30,60,90,365,4241384
28,58,88,307,4241486
0,0,0,130,4270866
10,34,64,154,4272447
6,28,50,308,4294289
2,17,37,37,4297256
0,0,0,0,4304899
26,50,80,355,4318532
0,0,0,0,4318601
13,21,27,229,4334446
0,0,0,230,4348703
0,2,4,228,4354142
0,0,0,0,4354262
18,37,61,150,4365756
8,26,56,60,4372254
0,0,0,0,4373803
30,60,90,365,4374881
5,24,50,315,4379799
6,13,19,270,4382487
10,24,41,306,438923
0,0,0,217,4404740
6,20,43,257,440924
16,37,67,336,4412422
0,0,0,0,4413137
0,8,22,259,4430808
30,60,90,365,4441805
4,7,23,221,4447107
2,20,50,122,4448723
13,43,73,348,4449066
30,60,90,365,4450120
16,34,50,50,4451485
6,7,21,21,4454553
30,60,90,365,4458669
7,23,53,208,4466635
1,1,15,196,4467174
20,50,80,352,4471162
12,42,72,302,4499095
23,53,83,264,4502957
28,49,79,169,4505004
6,15,26,138,4505019
30,60,90,365,4514503
0,0,0,0,4515942
0,0,0,0,4523435
11,17,36,311,4532525
10,28,54,318,4532565
0,0,0,0,454593
8,8,8,8,4555069
4,19,46,315,4556650
0,7,9,25,4563401
0,0,0,0,4565981
11,25,26,282,4573398
1,1,5,5,457829
0,26,30,140,4580916
16,40,70,160,4586762
3,30,39,282,4589874
5,10,31,280,4591790
3,24,47,133,4593396
27,54,81,301,4603224
0,0,0,0,4609521
30,60,90,365,4619231
30,60,90,365,4620058
0,0,0,0,4621190
0,0,0,0,4621926
0,0,0,0,462902
8,18,36,299,4642565
30,60,90,365,4652482
1,31,61,336,4657865
30,60,90,365,4659046
30,60,90,365,46626
13,18,28,110,466277
27,57,87,362,4667913
0,0,0,0,4686678
0,0,0,132,4688573
27,37,37,75,4692378
28,56,84,343,469638
0,0,0,0,4699061
6,14,17,20,4709568
23,53,83,285,4725257
0,0,0,0,4734514
0,0,0,0,4737477
28,44,71,279,4740503
30,56,62,266,4742607
13,26,44,244,4743645
2,4,4,35,4755673
3,17,32,258,4758009
8,19,38,38,4761793
0,0,0,0,4766440
5,18,31,271,476983
15,43,73,163,4773338
3,17,38,282,4774436
0,0,0,0,4774629
0,0,0,0,4774924
0,0,0,0,4776488
0,0,0,0,4776811
28,58,88,88,4778098
4,27,50,213,4778849
0,0,0,2,478053
10,27,44,290,4790136
0,0,0,0,4790969
29,59,89,364,4792875
7,27,53,143,4797773
0,0,0,0,4798216
0,0,0,0,4798749
30,60,90,365,4800611
29,59,89,89,4802877
10,12,12,220,4807244
29,59,89,364,4816450
0,0,0,15,4823910
30,60,90,365,4826466
5,5,10,69,482765
6,36,56,325,48305
3,3,3,3,4838721
5,17,21,243,4840020
0,0,0,0,4840858
8,38,68,343,484267
0,5,5,99,484390
29,59,89,89,4846619
30,60,90,365,4856244
30,60,90,365,486337
7,37,67,157,4865672
6,16,32,291,4870358
24,53,83,356,4872526
13,31,44,203,4875052
0,0,6,267,4885595
26,37,67,342,4887250
14,40,70,233,4889801
0,0,2,134,4894520
25,42,52,210,4898509
9,29,59,149,490098
0,0,0,0,4901235
21,21,26,26,4902451
0,0,0,0,4906949
4,7,20,82,4915245
3,30,32,293,4919014
12,40,70,160,4924343
30,60,90,365,4940063
30,60,90,365,4951001
0,0,0,0,4951402
0,5,34,34,4952989
0,0,0,22,4957358
0,0,0,0,4962247
30,60,90,365,4962894
30,60,90,347,4964534
0,0,0,0,4974771
20,50,69,139,4987188
0,0,0,0,4995138
21,51,81,342,5008643
0,0,0,0,501382
2,7,14,187,501693
0,11,41,316,5018276
30,60,90,365,5020358
0,0,0,0,5029573
9,10,18,181,5037632
3,7,28,284,505456
30,60,90,365,5068892
30,60,90,365,507117
30,60,90,365,5071941
1,31,61,336,5075775
0,0,0,0,5080547
1,16,46,136,5083829
0,0,0,0,5084164
14,44,74,234,5093778
0,0,0,0,510454
0,0,0,188,510923
0,0,0,186,5110775
0,0,0,0,5112669
30,60,90,365,5114347
0,0,0,0,5116907
8,14,32,241,5121635
16,38,68,343,5122899
21,24,32,98,5127131
19,49,79,354,516720
0,0,0,0,5169814
18,44,69,341,5170796
28,58,88,363,5172371
30,60,90,365,517626
30,60,90,365,5177481
7,36,66,157,5178277
30,60,90,365,5186683
17,42,72,343,5189747
0,0,0,0,5192553
4,29,59,334,5194434
0,0,0,222,5208678
0,0,0,0,5222986
1,1,1,36,5224098
3,7,7,7,5247202
0,4,29,272,524729
4,34,64,185,5249793
28,58,88,360,5250762
1,6,36,311,5259407
6,6,6,6,5260247
11,28,47,277,5262710
11,18,22,255,5283892
10,16,29,243,5288332
4,12,21,190,5298896
0,0,0,0,5305619
0,0,8,67,5307830
7,14,28,56,5313939
27,37,63,314,5315955
0,0,0,0,5327223
1,13,39,277,533168
11,23,37,130,5345273
0,0,0,0,5347035
0,0,0,0,535213
30,60,90,365,5357380
28,58,88,363,5361777
15,22,52,260,536526
0,0,0,0,5365791
0,0,0,0,5370935
0,4,4,67,539140
0,0,0,0,5400643
3,22,37,290,5404095
0,0,0,0,5406311
3,7,8,166,5407374
10,11,21,273,5410897
20,26,32,261,5434150
13,30,46,235,543962
0,0,0,0,5447255
22,51,78,353,5448834
30,60,74,74,5449320
28,58,87,87,5451463
30,60,90,365,5451782
0,0,0,0,545658
0,0,0,0,5461928
8,14,32,92,5464028
0,0,0,0,5469086
0,0,0,0,5469770
0,0,0,0,5482864
30,60,90,365,5505414
17,47,77,352,5511614
0,0,0,0,552141
21,51,81,262,5549057
12,42,72,345,5551051
0,0,0,194,5554583
30,60,90,365,5555181
26,52,78,258,555588
13,39,69,344,55737
28,58,88,178,5574192
0,0,0,0,5579838
27,57,87,362,5581269
0,26,47,138,5604994
0,0,0,218,5617551
10,36,63,139,5618084
2,17,30,260,5621357
0,0,0,0,5621724
6,16,36,283,562251
13,28,54,326,5624887
14,34,50,292,5640127
0,0,0,0,5642546
18,48,78,78,564564
23,53,83,358,564578
25,55,85,341,5650901
13,32,45,312,5652195
23,41,71,326,5712086
0,8,18,174,571382
29,59,89,364,5716802
14,44,74,349,5725151
19,49,79,354,573086
30,60,90,365,5734122
27,57,87,266,573671
0,0,0,253,573924
30,60,90,365,5739687
30,60,90,365,575662
7,30,30,248,5763156
30,48,52,124,577242
1,4,11,242,578396
18,25,48,129,5806416
24,54,84,351,5814254
10,19,24,201,582364
0,0,0,0,5825251
0,0,0,0,5837702
30,60,90,365,5849291
4,7,7,7,5850712
13,19,49,140,5862093
0,0,0,248,5883037
0,0,0,0,59066
4,8,14,233,591106
1,23,53,54,5923031
23,40,59,328,5925343
9,17,43,318,5926953
0,0,0,0,5927726
30,60,90,365,5940548
4,14,24,60,5960384
28,58,88,358,5979282
1,3,12,169,5980264
22,31,39,303,598612
3,4,10,103,5986898
16,31,61,336,598806
6,14,44,172,5993432
29,59,89,364,6004502
0,10,32,119,6006340
0,0,0,0,6006815
18,33,46,285,6007552
0,0,0,0,6026166
1,4,10,261,6027345
0,0,0,0,602888
0,0,0,0,6033723
0,0,0,0,6036714
11,34,60,147,6046461
0,0,0,45,6055546
6,9,13,102,6064471
0,10,10,135,6066694
16,31,61,336,6068649
0,0,0,0,6080522
4,18,41,161,608097
29,59,89,324,6081771
0,0,0,0,6100514
0,3,28,28,6105504
7,14,20,271,610596
1,30,47,293,6106370
5,6,11,11,6119840
30,60,90,239,613556
0,0,0,0,6140179
27,57,87,362,6143305
17,38,64,339,6146081
23,53,83,173,6147746
3,13,20,274,6152624
5,10,22,249,6170899
0,0,0,0,6171211
0,0,0,0,6180741
0,1,8,44,6183610
23,53,83,258,6184600
0,11,11,29,6185608
0,2,16,17,6201263
0,0,18,293,6214138
0,0,0,0,6216318
0,0,0,0,6225501
0,0,0,0,6227387
0,0,0,0,6228208
30,60,90,365,6233015
30,60,90,365,6235805
14,44,74,349,6240880
0,0,0,0,6242962
0,0,0,0,6243157
0,0,0,0,6246681
6,18,24,243,6252815
0,0,0,0,6257961
3,3,15,138,6262269
0,0,0,0,6262536
17,31,51,51,6262821
0,0,0,0,6264804
30,60,90,365,6265781
6,7,10,230,6269517
6,6,6,6,6269968
18,18,18,236,6270767
0,0,0,0,6272817
0,0,0,0,6274975
0,0,0,0,6277248
0,0,0,0,6283933
0,0,0,0,6284249
29,59,89,364,6288998
0,0,0,0,6291063
18,36,66,337,6292364
0,0,0,0,6293102
0,0,0,0,6302159
2,10,18,59,6303164
0,0,0,0,6310609
0,0,0,0,6313669
8,32,55,323,6314480
28,36,36,189,6314518
14,23,31,271,6316121
0,0,0,0,6316666
5,17,40,297,6333994
30,60,89,89,6342801
30,60,90,365,6345295
27,57,87,150,6349210
0,0,0,0,6355925
1,1,1,46,6357128
27,57,87,177,6357355
0,0,0,0,6357527
0,0,0,0,6358160
5,24,44,313,6360639
0,0,0,0,6361929
14,33,63,308,6364408
0,0,0,0,6376606
7,11,26,301,6381542
22,31,45,210,6397672
25,55,85,360,6404761
0,0,0,0,640813
29,57,86,334,6410185
21,51,75,350,6418336
15,35,53,292,6422511
0,0,0,0,6426580
4,7,36,126,6431502
11,17,18,90,643328
0,0,0,0,6434141
0,10,10,53,644054
11,34,58,267,6442604
6,6,18,43,644378
30,60,90,90,6447205
29,59,89,364,6457819
27,44,62,273,6457918
0,0,0,0,645976
0,0,0,0,6480490
0,0,0,0,6485067
30,60,90,365,6486122
30,60,90,365,6486593
30,60,90,365,6509658
5,10,40,41,6516405
14,44,74,349,6516773
6,12,27,63,652063
1,18,41,99,6526827
0,0,0,0,6530907
0,0,0,232,6534803
0,0,0,0,6541214
7,31,31,31,6542159
3,5,27,165,654519
0,0,0,0,6573436
0,0,0,0,6583887
15,34,40,206,6589965
19,49,79,354,6601944
4,13,36,281,660316
2,13,42,294,6609516
5,35,65,340,6610629
3,3,3,129,6611547
24,54,78,353,6612354
20,50,80,355,6623365
30,60,90,365,662403
0,0,0,202,6626223
0,0,0,262,6627075
0,0,0,0,6630139
10,38,65,336,6639953
9,39,69,344,664017
30,60,90,365,6663848
0,0,0,0,6663867
13,24,46,293,6665504
23,53,83,358,6666674
7,8,8,146,6667210
4,34,64,339,6670191
0,0,0,0,6670684
0,0,0,0,6671678
30,60,85,360,6685814
10,22,36,87,6694877
30,60,90,365,6708622
0,0,0,0,6748884
0,0,0,0,6757263
0,3,13,51,6767563
17,17,17,17,6771249
30,60,90,365,6774703
0,0,0,123,677850
12,42,67,87,6778993
18,31,61,62,6785160
5,11,16,171,6795568
8,20,31,302,6799814
29,38,60,335,6807419
0,0,0,48,6808336
30,60,90,365,6811251
0,0,0,0,6813470
13,37,67,342,6813540
11,24,35,264,6836536
0,0,0,0,6837529
29,59,89,364,6844367
16,19,30,286,685373
6,11,16,190,6868273
15,45,64,325,6871500
30,60,90,365,688528
30,60,90,365,6893344
29,59,89,364,6897911
4,8,16,167,6898449
0,0,0,0,6903190
0,0,0,0,6908603
25,55,85,360,690895
17,29,57,326,6922924
0,0,0,0,6924099
0,0,0,0,6924400
0,0,0,0,6925961
0,0,0,232,6944286
0,0,0,0,6945434
11,28,58,180,695002
28,58,88,363,6958924
0,0,0,0,6972534
0,0,0,0,6972673
2,8,25,189,6974185
6,9,15,82,6977204
30,60,67,335,6985845
0,0,0,0,6986272
0,0,0,0,6990524
11,22,37,280,69935
0,0,0,0,6995275
30,60,90,365,6995662
0,0,0,0,7002304
1,21,45,125,7008712
30,60,90,365,7014635
0,0,0,0,7019534
0,0,0,0,7032855
1,11,15,71,7037584
11,25,53,315,7069636
4,10,16,161,7073250
30,60,90,365,7080271
13,37,67,299,7099038
30,60,90,365,7100969
22,42,60,328,7110749
0,0,0,0,7112634
6,18,39,304,7112790
30,60,90,365,711348
7,33,57,327,7116864
25,55,81,94,712077
0,0,0,0,7127684
5,8,36,304,7132426
6,26,56,315,7136708
9,22,30,235,7154153
0,0,0,0,7168578
7,24,43,292,717081
0,0,0,0,7173135
30,60,90,365,718628
14,25,37,169,7187653
15,31,50,286,7203643
0,5,23,204,7205861
28,58,88,363,7212218
14,31,58,114,721473
0,0,0,0,7242041
0,0,0,150,7242823
0,0,0,241,7243098
6,9,23,23,7246903
4,4,4,4,7247033
0,8,20,99,7265155
30,60,90,365,7270389
25,54,80,355,7276469
0,0,0,0,7280022
0,0,0,0,7281373
0,0,0,0,728222
0,0,0,0,728493
30,60,90,91,7285721
0,0,0,0,7286036
30,60,90,334,7301537
0,7,8,22,7311170
0,0,0,46,7317863
0,0,0,46,7318730
29,59,89,179,7322621
0,0,0,0,7340902
22,49,75,346,7349008
0,0,0,0,7364008
10,16,24,223,736472
9,29,47,294,73683
11,17,33,290,7369437
18,42,66,333,7375957
0,0,0,0,7376321
12,36,60,149,7382564
19,39,65,336,7382567
0,27,53,314,7388842
26,55,80,225,7394730
0,0,0,0,7397649
30,60,90,90,7398141
0,0,0,0,7403613
4,25,42,295,7405576
0,0,0,0,7417444
27,57,84,359,7418073
0,12,42,317,741955
0,0,0,0,7421930
29,59,89,364,7427199
30,60,90,365,743417
0,0,0,0,7434750
0,0,0,0,7435171
8,10,10,244,7439246
11,19,32,266,744242
6,6,8,268,7450326
30,60,90,365,745575
28,58,88,88,745923
30,60,90,365,7459725
2,4,11,145,746088
15,45,75,350,746187
15,45,74,74,747029
30,60,90,365,7471787
30,60,90,365,7489637
30,60,90,365,7489679
0,0,0,0,7494035
0,0,0,0,7500390
0,0,0,0,7503081
0,0,0,0,7517268
8,16,43,278,7536867
12,19,38,292,753687
17,20,42,295,7543508
0,2,23,225,7546623
0,7,7,10,7549277
30,60,90,365,7555536
4,25,51,311,7564603
30,60,90,365,757385
0,0,0,0,7596078
3,21,36,268,7610100
0,0,0,0,761986
20,37,55,321,7624051
0,25,51,203,7624525
13,29,55,316,7624878
18,40,70,331,7650220
16,26,26,26,7660936
0,0,0,0,7667264
0,0,0,0,7672867
9,27,57,317,7674190
5,5,5,70,767967
0,0,0,0,7686940
6,21,36,179,7697720
0,0,0,0,7698344
29,59,89,353,7714434
4,6,15,252,7715270
0,0,0,0,7718248
27,38,38,38,7723494
6,9,14,194,7725154
4,25,55,330,7743391
4,7,18,184,7760228
0,0,0,0,7762339
0,0,0,0,7773322
22,52,82,357,7774167
16,32,62,337,7777283
0,0,0,138,7779069
0,0,0,0,7780335
29,49,73,336,7786510
17,47,77,352,7793422
0,0,0,0,7801169
7,18,25,203,780430
30,60,90,180,7811718
0,0,0,0,7815865
30,60,90,365,781631
0,0,0,0,7818456
7,10,15,255,7837816
24,36,51,125,7837952
29,59,89,364,7840953
0,0,27,302,7841907
30,60,90,365,7843851
0,0,0,0,7849235
0,0,0,0,7853584
30,60,90,365,7859077
0,0,0,0,7864877
0,0,0,0,7867805
28,58,88,363,7868248
30,60,90,365,7890165
0,0,0,0,7901220
27,57,87,362,7901546
22,37,56,325,790482
22,52,82,357,7912090
14,19,49,324,7918194
26,56,86,87,7920463
11,20,50,296,7926712
0,0,0,0,7927160
30,60,90,365,7928490
0,0,0,0,7935493
0,3,6,133,7936159
0,0,0,0,794910
0,0,0,36,7952347
19,49,79,354,7958920
28,58,88,363,7964249
30,60,90,365,7970000
30,60,90,180,7976534
30,60,90,365,7981579
0,0,0,0,7983543
0,0,0,0,7988259
30,60,90,365,7997236
18,26,49,291,8013090
0,0,0,0,8020792
16,18,27,302,8027341
4,7,9,213,8032676
21,44,74,349,8035801
3,9,27,240,8043869
6,27,57,332,8051911
30,60,90,365,8061316
27,53,79,354,8077110
30,60,90,365,8082577
0,0,0,0,808705
6,22,46,215,808744
29,59,89,364,8092787
5,24,44,276,8104448
0,5,35,310,8106459
30,60,90,365,8118147
0,0,0,0,8118692
0,8,33,234,8121226
0,3,33,34,8130620
0,0,0,0,8144456
30,60,90,365,815172
30,60,90,365,815265
10,36,36,269,8152655
0,0,0,0,8152879
0,15,22,200,8153627
0,0,0,0,815654
29,59,89,89,8168496
29,59,89,364,8171965
0,0,3,199,8190277
0,1,3,153,823520
17,36,60,332,8238432
0,0,0,0,8242333
29,59,89,364,8246966
25,51,51,51,8253685
6,28,51,259,8256435
5,5,5,255,8260935
26,55,85,351,8263542
0,14,14,134,827250
0,0,4,5,8277472
0,0,0,0,8281579
0,0,0,0,8290919
0,0,0,0,8293756
4,15,28,179,8297905
5,11,32,305,8301532
30,60,90,365,8308145
0,0,0,0,8308697
18,48,78,353,8315458
0,0,0,0,832596
2,6,15,196,8326369
10,15,33,287,8327773
19,46,71,313,8341415
0,0,0,0,8349536
0,0,0,0,8356824
0,0,0,0,8358372
0,0,0,0,8359801
26,53,78,353,836433
0,0,0,0,8365099
17,34,42,317,8365172
4,15,26,223,8386906
13,41,71,346,8392955
30,60,90,180,839334
0,0,0,0,8397068
5,28,58,146,8402207
30,47,69,344,840731
0,0,0,0,8408379
17,42,72,347,8414008
1,12,37,127,8426566
21,51,81,173,8427787
30,60,90,365,8432091
30,60,90,365,8432900
30,60,90,365,8441969
21,40,40,147,8443251
0,0,0,0,8461086
10,24,41,240,8463872
6,12,26,116,846689
22,33,49,288,846854
11,26,44,281,8473997
0,0,0,0,8474806
18,18,18,74,8505920
0,0,0,252,8521963
29,59,89,364,8537109
5,14,26,185,8543198
1,1,6,259,8553863
8,34,57,261,8556777
1,6,6,91,8558940
29,59,89,90,8559496
23,53,83,83,8566106
30,60,90,365,8567327
15,25,50,50,8571561
8,21,51,288,8581508
7,29,43,152,8582685
5,10,22,219,858695
29,59,89,89,8593656
6,6,6,6,859686
7,28,50,227,8597222
2,23,53,136,8598424
30,60,90,365,8606636
12,37,59,334,8606900
0,0,0,0,8608841
0,0,0,0,861172
0,0,0,0,8616844
0,0,3,3,8624104
10,28,46,119,8627986
8,17,47,300,8628309
25,50,74,323,8634239
17,20,50,139,8650800
1,10,24,257,865148
3,8,16,249,865367
0,0,0,0,8662829
14,44,74,134,8664238
2,4,15,120,8672496
5,23,47,287,867745
0,0,0,0,8698671
28,56,86,86,8705489
6,24,54,318,8708285
28,58,88,363,8710268
0,0,0,0,8719788
8,35,65,339,8725519
24,42,72,347,8736847
0,0,0,0,8738605
30,60,82,357,8746817
0,0,0,95,8747128
23,49,79,354,875567
2,5,9,188,8764966
25,52,75,350,8777931
5,17,47,302,8778128
30,60,90,365,8778827
12,17,17,43,878307
10,35,65,317,8783653
0,0,0,24,8797439
0,0,0,0,8799546
1,7,30,80,880678
3,7,7,7,8806783
4,20,25,229,8809414
0,0,0,0,8822107
11,16,46,321,8830290
0,0,0,0,8831109
26,56,86,361,8834274
28,45,75,329,884057
0,0,0,0,8844419
0,4,11,141,8844994
0,0,0,0,8847051
11,18,38,306,8847497
30,60,83,328,8861779
29,59,89,364,8863253
0,0,0,0,8877086
0,0,4,5,888107
30,60,90,365,8884155
30,60,90,365,8892366
0,2,24,266,890444
0,0,11,286,8905515
0,0,0,0,8905626
9,30,53,319,8923160
0,0,0,102,892349
30,60,89,359,894063
27,57,87,362,8942282
1,6,21,137,8958638
10,40,70,71,8977830
1,1,1,225,8980230
0,0,0,0,8985856
13,35,49,221,901441
0,0,0,0,9015251
29,55,85,360,902482
30,60,90,179,9028599
9,39,69,159,9039792
0,0,0,0,9040313
30,60,90,365,9056827
6,26,51,311,9061835
30,60,90,365,9068299
5,21,49,316,9080393
11,23,46,222,9094914
25,50,80,338,9098095
9,12,28,59,9099615
0,0,0,0,9101212
29,59,89,364,9117426
0,0,0,0,9118090
27,57,81,356,9138303
0,9,9,9,91439
8,28,53,316,9152841
4,7,20,228,9155739
6,30,60,331,9156574
1,20,50,70,9172046
17,46,73,341,9174474
0,0,0,0,9179294
21,41,63,150,9181831
10,21,32,267,918451
2,7,37,216,919491
0,23,53,328,9195855
3,3,3,3,9200371
30,56,77,345,921585
16,39,46,291,9223554
3,7,14,70,9236451
23,53,71,346,9248616
0,0,0,0,9256000
11,12,22,281,9256784
25,55,85,360,9258101
0,0,0,0,9260303
30,60,90,90,926669
0,0,0,0,927923
8,20,26,263,9280084
9,17,38,304,928035
29,59,89,364,928725
0,0,0,0,9290560
23,29,29,265,929583
26,56,86,86,9296889
27,57,87,87,9297414
2,3,6,114,9310959
14,24,54,54,9313155
0,0,0,0,932205
23,45,65,65,9326847
3,12,24,275,9334038
0,0,0,0,9347161
6,10,14,49,935796
0,5,6,124,9358770
0,0,0,187,936001
28,58,88,363,9369576
23,53,83,358,9372696
25,45,65,324,9379065
0,5,30,30,9379792
0,0,0,0,9393332
27,48,78,78,9395165
21,23,25,139,939657
0,0,4,193,940374
0,0,0,0,9404853
1,7,20,180,941361
16,27,55,301,9415438
17,41,69,340,9421482
17,41,69,340,9422452
0,0,0,0,9434432
0,4,34,309,9436729
13,25,44,108,9444630
0,7,21,143,944736
0,0,0,0,9448927
3,4,18,220,9451492
9,39,46,314,9473275
0,0,0,0,9485566
29,59,89,364,9493192
0,0,0,0,9497614
8,16,30,294,9498918
0,0,0,0,9504767
29,59,89,179,9505003
0,0,0,0,9511484
8,22,49,303,9516607
22,46,76,351,951837
0,0,0,0,9524926
0,0,0,0,95560
30,60,90,365,9557097
7,18,48,323,9562872
0,0,0,0,9564669
9,29,59,224,9567840
0,0,0,157,9577006
0,0,0,0,9577071
16,31,39,294,9578325
30,60,90,365,9580041
0,0,2,277,958849
0,0,9,199,9589395
11,41,71,346,9590078
0,0,0,0,9590866
0,0,0,0,959349
9,20,20,20,9597872
0,1,1,127,9599384
24,45,74,74,9611825
23,50,80,261,9612902
16,16,17,282,9614181
0,0,0,0,9614672
30,60,90,90,961596
30,60,90,365,9624500
0,0,0,0,9631766
0,0,0,0,9639849
11,11,11,253,9643051
0,0,0,0,9667647
17,47,77,352,9672507
10,20,50,299,967346
30,60,90,365,9677123
2,2,2,2,9686887
0,12,42,283,9688838
0,0,0,0,9691680
0,0,0,0,9696653
0,0,0,0,9698778
24,49,49,49,9701620
29,59,89,364,9703075
0,0,0,0,9708020
0,0,0,0,9712329
8,28,55,299,9714401
14,19,41,235,9721256
0,0,0,0,9733671
0,0,0,0,9735397
0,15,28,212,9736844
0,0,0,0,9738789
21,47,77,352,9740895
4,34,64,267,9744478
0,0,0,0,9746950
0,0,0,0,9755908
15,30,45,215,9759181
0,0,0,0,9759372
0,0,0,0,9762946
0,0,0,0,9765083
30,53,73,343,9767864
23,53,83,358,9774127
0,0,0,240,9789520
0,4,7,76,9794124
23,50,64,238,9795621
0,0,0,0,9796437
30,60,90,365,9799412
0,0,0,139,9802077
15,30,31,100,9807529
0,0,0,0,9807679
8,28,58,135,9810515
29,59,89,364,9815988
17,35,63,322,9834391
20,31,61,336,9834713
6,36,66,341,9846545
0,0,18,29,9848595
0,0,0,0,9848837
0,0,0,0,9849915
7,37,67,87,9853331
2,11,15,154,9867316
18,48,78,353,9887054
0,0,0,0,9895628
29,59,89,89,9907103
0,0,0,0,9907907
0,0,0,0,9908871
28,54,82,351,9917859
0,0,0,0,9936016
2,32,40,305,9937100
30,60,90,365,9944044
30,60,90,365,9951865
20,37,50,275,9969335
0,0,0,0,9979991
30,60,90,365,9981541
26,51,77,300,9983221
30,60,90,365,9985696
7,29,53,53,9987200
8,20,26,243,9990304
0,8,31,258,9993190
