review_scores_accuracy,review_scores_cleanliness,review_scores_checkin,review_scores_communication,review_scores_location,review_scores_value,review_scores_rating,airbnb_id
9.0,9.0,10.0,10.0,10.0,9.0,89.0,10006546
,,,,,,,10009999
9.0,8.0,9.0,9.0,10.0,9.0,84.0,1001265
10.0,10.0,10.0,10.0,8.0,8.0,100.0,10021707
,,,,,,,10030955
10.0,9.0,10.0,10.0,10.0,10.0,94.0,1003530
10.0,10.0,10.0,10.0,10.0,10.0,98.0,10038496
10.0,10.0,10.0,10.0,10.0,10.0,100.0,10047964
10.0,6.0,8.0,8.0,8.0,8.0,80.0,10051164
,,,,,,,10057447
9.0,10.0,10.0,8.0,9.0,9.0,88.0,10057826
,,,,,,,10059244
10.0,10.0,10.0,10.0,10.0,8.0,100.0,10059872
,,,,,,,10066928
,,,,,,,10069642
,,,,,,,10082307
,,,,,,,10082422
10.0,10.0,10.0,10.0,10.0,10.0,97.0,10083468
10.0,8.0,10.0,10.0,10.0,10.0,92.0,10084023
10.0,9.0,10.0,10.0,10.0,9.0,95.0,10091713
10.0,9.0,10.0,10.0,9.0,10.0,99.0,10092679
10.0,10.0,10.0,10.0,10.0,10.0,100.0,10096773
10.0,10.0,10.0,10.0,10.0,10.0,100.0,10108388
,,,,,,,10109896
,,,,,,,10112159
7.0,7.0,8.0,8.0,10.0,7.0,67.0,10115921
,,,,,,,10116256
,,,,,,,10116578
10.0,10.0,10.0,10.0,9.0,10.0,96.0,10117617
,,,,,,,10120414
9.0,8.0,10.0,9.0,9.0,9.0,90.0,10133350
9.0,9.0,10.0,10.0,10.0,9.0,92.0,10133554
10.0,10.0,10.0,10.0,9.0,10.0,99.0,10138784
10.0,10.0,10.0,10.0,9.0,10.0,95.0,10140368
10.0,10.0,10.0,10.0,10.0,10.0,100.0,10141950
10.0,9.0,10.0,10.0,9.0,9.0,95.0,10166883
10.0,8.0,10.0,10.0,10.0,10.0,100.0,10166986
10.0,10.0,10.0,10.0,10.0,9.0,100.0,1016739
,,,,,,,10184012
,,,,,,,10186755
10.0,9.0,10.0,10.0,10.0,10.0,98.0,1019168
,,,,,,,10199760
9.0,10.0,10.0,10.0,10.0,9.0,92.0,10201975
10.0,10.0,9.0,9.0,10.0,9.0,95.0,10209136
10.0,10.0,10.0,10.0,10.0,10.0,97.0,10213499
8.0,7.0,9.0,8.0,10.0,8.0,73.0,10215858
,,,,,,,10220130
10.0,8.0,10.0,10.0,10.0,10.0,100.0,1022200
10.0,10.0,10.0,8.0,10.0,10.0,100.0,10227000
8.0,10.0,10.0,10.0,10.0,10.0,100.0,10228731
8.0,9.0,9.0,9.0,10.0,9.0,83.0,10233856
10.0,10.0,10.0,10.0,9.0,9.0,96.0,10240767
10.0,9.0,10.0,10.0,10.0,10.0,100.0,10264100
10.0,10.0,10.0,10.0,9.0,9.0,98.0,10266175
10.0,10.0,10.0,10.0,10.0,10.0,99.0,10267144
10.0,10.0,10.0,10.0,10.0,10.0,96.0,10269320
10.0,10.0,10.0,10.0,10.0,10.0,99.0,10280433
,,,,,,,10295352
8.0,8.0,8.0,8.0,8.0,8.0,80.0,10299095
9.0,9.0,10.0,10.0,10.0,9.0,93.0,102995
,,,,,,,10306879
10.0,10.0,10.0,10.0,10.0,9.0,96.0,103161
10.0,9.0,10.0,10.0,10.0,10.0,94.0,10317142
,,,,,,,10324377
10.0,10.0,9.0,9.0,6.0,9.0,90.0,10332161
10.0,10.0,10.0,10.0,10.0,9.0,94.0,10343118
,,,,,,,10354347
,,,,,,,10359729
9.0,9.0,10.0,10.0,9.0,9.0,88.0,1036027
,,,,,,,10373872
9.0,9.0,10.0,10.0,10.0,9.0,91.0,1038163
10.0,10.0,10.0,10.0,10.0,10.0,98.0,10381879
10.0,10.0,10.0,10.0,10.0,10.0,100.0,10383490
10.0,9.0,10.0,10.0,10.0,9.0,96.0,10392282
10.0,9.0,9.0,10.0,10.0,9.0,95.0,10411341
10.0,10.0,10.0,10.0,10.0,10.0,98.0,10415637
10.0,9.0,10.0,10.0,10.0,10.0,96.0,10416859
10.0,10.0,10.0,10.0,10.0,9.0,96.0,10423504
10.0,9.0,10.0,10.0,10.0,9.0,94.0,1042446
,,,,,,,10431455
10.0,10.0,10.0,10.0,10.0,10.0,95.0,10448594
,,,,,,,10449328
9.0,9.0,10.0,10.0,10.0,9.0,94.0,10458796
,,,,,,,10459480
10.0,10.0,10.0,10.0,9.0,10.0,97.0,1047087
,,,,,,,10471178
9.0,9.0,10.0,10.0,9.0,9.0,94.0,10486984
9.0,9.0,9.0,9.0,9.0,9.0,89.0,10487917
,,,,,,,10488837
10.0,10.0,10.0,10.0,10.0,9.0,95.0,10519173
8.0,7.0,8.0,7.0,8.0,8.0,71.0,10527212
10.0,10.0,10.0,10.0,10.0,10.0,96.0,10527243
,,,,,,,10542174
10.0,10.0,10.0,10.0,10.0,10.0,100.0,10545725
10.0,10.0,10.0,10.0,9.0,9.0,96.0,10545815
10.0,10.0,10.0,10.0,10.0,10.0,98.0,10548991
10.0,10.0,10.0,10.0,10.0,10.0,100.0,10552362
8.0,7.0,8.0,8.0,8.0,8.0,71.0,10558807
9.0,9.0,10.0,9.0,9.0,9.0,89.0,10560325
10.0,9.0,10.0,10.0,10.0,9.0,91.0,10570041
10.0,10.0,10.0,10.0,10.0,10.0,98.0,10573225
9.0,9.0,10.0,10.0,10.0,9.0,95.0,10578580
10.0,9.0,9.0,9.0,9.0,9.0,90.0,10581101
10.0,10.0,10.0,10.0,10.0,9.0,96.0,1058555
,,,,,,,10596036
10.0,10.0,10.0,10.0,10.0,10.0,100.0,10612199
,,,,,,,10624493
10.0,10.0,10.0,10.0,10.0,9.0,92.0,10628126
10.0,9.0,10.0,10.0,10.0,9.0,95.0,1063491
10.0,10.0,10.0,10.0,10.0,10.0,100.0,10635276
,,,,,,,10639317
10.0,10.0,10.0,10.0,10.0,10.0,100.0,10648267
9.0,10.0,9.0,10.0,10.0,9.0,95.0,10659534
10.0,10.0,10.0,10.0,10.0,10.0,97.0,10664888
,,,,,,,1066648
10.0,9.0,10.0,10.0,10.0,10.0,96.0,1067052
,,,,,,,10671783
,,,,,,,10675315
10.0,8.0,10.0,10.0,6.0,8.0,60.0,10677883
10.0,10.0,10.0,10.0,10.0,9.0,96.0,1068505
10.0,9.0,10.0,10.0,10.0,9.0,93.0,1069531
9.0,9.0,9.0,9.0,9.0,8.0,82.0,1070322
10.0,9.0,10.0,10.0,10.0,9.0,95.0,10706900
,,,,,,,10716793
10.0,10.0,10.0,10.0,10.0,10.0,96.0,1073607
9.0,9.0,10.0,10.0,10.0,9.0,97.0,1074008
9.0,9.0,9.0,9.0,10.0,8.0,83.0,10742116
10.0,10.0,10.0,10.0,10.0,9.0,94.0,10751153
,,,,,,,10752737
,,,,,,,1077686
10.0,10.0,10.0,10.0,10.0,10.0,80.0,10782351
10.0,9.0,10.0,10.0,9.0,9.0,93.0,1079887
8.0,8.0,9.0,9.0,10.0,8.0,78.0,10802909
,,,,,,,10812136
10.0,10.0,10.0,10.0,10.0,10.0,99.0,10816768
,,,,,,,10819035
,,,,,,,10828339
10.0,10.0,10.0,10.0,10.0,10.0,97.0,10839801
,,,,,,,10839973
9.0,9.0,9.0,10.0,10.0,9.0,87.0,10840938
10.0,9.0,10.0,10.0,10.0,9.0,99.0,10850008
,,,,,,,10852990
,,,,,,,10855800
10.0,10.0,10.0,10.0,10.0,10.0,98.0,10857454
,,,,,,,10862541
10.0,10.0,10.0,10.0,10.0,10.0,95.0,10887852
10.0,10.0,10.0,10.0,10.0,10.0,98.0,10893326
10.0,9.0,10.0,10.0,9.0,10.0,93.0,1089542
9.0,7.0,10.0,10.0,9.0,8.0,93.0,1090153
10.0,9.0,9.0,10.0,10.0,9.0,100.0,10908640
7.0,8.0,8.0,9.0,9.0,8.0,76.0,10911771
10.0,10.0,10.0,10.0,10.0,10.0,96.0,1092760
9.0,9.0,9.0,9.0,10.0,9.0,87.0,10932304
9.0,9.0,10.0,10.0,9.0,9.0,93.0,10948197
10.0,10.0,10.0,10.0,9.0,10.0,97.0,1095174
10.0,10.0,10.0,10.0,10.0,9.0,96.0,10977704
9.0,10.0,10.0,10.0,9.0,8.0,84.0,1098211
10.0,9.0,10.0,10.0,9.0,9.0,94.0,10985735
9.0,10.0,10.0,10.0,10.0,9.0,91.0,10990260
10.0,10.0,10.0,10.0,10.0,10.0,98.0,10992286
10.0,9.0,10.0,10.0,10.0,10.0,98.0,10992671
10.0,10.0,10.0,10.0,10.0,10.0,100.0,11005300
,,,,,,,11006512
6.0,8.0,8.0,6.0,10.0,8.0,80.0,11007058
10.0,10.0,10.0,10.0,10.0,10.0,100.0,11007542
10.0,10.0,10.0,10.0,10.0,9.0,98.0,1101035
,,,,,,,11012484
9.0,7.0,9.0,9.0,10.0,8.0,82.0,1104768
9.0,9.0,10.0,9.0,10.0,9.0,88.0,11055163
10.0,8.0,10.0,10.0,10.0,8.0,80.0,11080033
10.0,10.0,10.0,10.0,10.0,10.0,94.0,11093339
9.0,9.0,10.0,10.0,10.0,9.0,89.0,11095139
9.0,10.0,10.0,10.0,9.0,9.0,90.0,11097962
10.0,9.0,10.0,10.0,10.0,9.0,97.0,11098708
10.0,10.0,10.0,10.0,9.0,9.0,95.0,11108923
,,,,,,,11113983
9.0,9.0,9.0,9.0,9.0,9.0,87.0,1111410
9.0,9.0,9.0,10.0,10.0,9.0,90.0,11115528
10.0,10.0,10.0,10.0,10.0,10.0,95.0,1112838
,,,,,,,11130156
10.0,10.0,10.0,10.0,10.0,10.0,94.0,11131495
10.0,9.0,10.0,10.0,10.0,10.0,97.0,11136898
10.0,9.0,10.0,10.0,10.0,9.0,94.0,11144250
10.0,10.0,9.0,9.0,9.0,10.0,92.0,11145180
10.0,10.0,10.0,10.0,10.0,10.0,100.0,11146498
8.0,6.0,8.0,8.0,8.0,6.0,80.0,11153910
10.0,9.0,10.0,10.0,10.0,10.0,97.0,11157167
10.0,10.0,9.0,9.0,10.0,10.0,97.0,1117706
9.0,9.0,10.0,10.0,10.0,9.0,88.0,11191242
10.0,9.0,10.0,10.0,9.0,9.0,86.0,11193311
,,,,,,,11194486
,,,,,,,11194788
9.0,10.0,10.0,10.0,9.0,8.0,100.0,11197217
10.0,10.0,10.0,10.0,10.0,9.0,97.0,11207193
10.0,9.0,10.0,10.0,10.0,9.0,92.0,11223389
10.0,10.0,10.0,10.0,10.0,10.0,100.0,11242147
10.0,10.0,10.0,10.0,10.0,10.0,100.0,11264406
,,,,,,,1127954
10.0,10.0,10.0,10.0,10.0,10.0,96.0,1129061
9.0,8.0,8.0,8.0,9.0,8.0,90.0,11305966
10.0,10.0,10.0,10.0,10.0,10.0,99.0,1131054
,,,,,,,11319047
10.0,10.0,10.0,10.0,10.0,10.0,93.0,1132409
10.0,10.0,10.0,10.0,10.0,10.0,100.0,11335874
,,,,,,,1136399
10.0,10.0,10.0,10.0,10.0,10.0,100.0,11364106
,,,,,,,11378656
,,,,,,,11379251
10.0,10.0,10.0,10.0,10.0,10.0,98.0,1138483
,,,,,,,11387183
,,,,,,,11396243
10.0,10.0,10.0,10.0,10.0,9.0,95.0,1139810
10.0,9.0,10.0,10.0,10.0,9.0,96.0,11406680
10.0,10.0,10.0,10.0,10.0,10.0,98.0,11409841
10.0,9.0,10.0,10.0,10.0,10.0,95.0,11413023
,,,,,,,11420459
10.0,9.0,10.0,10.0,10.0,9.0,94.0,1143151
10.0,10.0,10.0,10.0,10.0,9.0,92.0,1144090
10.0,10.0,10.0,10.0,10.0,10.0,100.0,11442936
9.0,9.0,10.0,10.0,10.0,9.0,95.0,11444539
10.0,10.0,10.0,10.0,10.0,10.0,98.0,11447743
8.0,8.0,9.0,10.0,9.0,9.0,88.0,1145567
10.0,10.0,10.0,10.0,10.0,10.0,100.0,11459525
10.0,10.0,10.0,10.0,10.0,10.0,99.0,11464859
10.0,10.0,10.0,10.0,10.0,10.0,98.0,1146653
,,,,,,,11472884
,,,,,,,11480835
10.0,10.0,10.0,10.0,10.0,10.0,100.0,11488558
10.0,9.0,9.0,10.0,9.0,9.0,94.0,1148978
10.0,10.0,10.0,10.0,10.0,10.0,100.0,11510109
10.0,10.0,10.0,10.0,10.0,9.0,98.0,11533406
6.0,7.0,8.0,8.0,8.0,7.0,65.0,1153834
,,,,,,,11552866
,,,,,,,11553333
10.0,9.0,10.0,10.0,9.0,10.0,94.0,11553357
10.0,10.0,10.0,10.0,10.0,9.0,97.0,1155475
9.0,9.0,10.0,9.0,9.0,9.0,90.0,11557363
10.0,10.0,10.0,10.0,9.0,10.0,93.0,1155885
10.0,9.0,10.0,10.0,10.0,9.0,92.0,11566403
10.0,10.0,10.0,10.0,10.0,10.0,100.0,11567179
10.0,10.0,10.0,10.0,10.0,10.0,98.0,11567815
10.0,10.0,10.0,10.0,10.0,10.0,96.0,11567997
9.0,9.0,10.0,10.0,10.0,9.0,93.0,11568230
8.0,8.0,8.0,9.0,9.0,7.0,80.0,11602050
,,,,,,,11603201
10.0,10.0,10.0,10.0,10.0,10.0,98.0,11610598
10.0,9.0,10.0,9.0,10.0,9.0,93.0,1163119
,,,,,,,11648362
4.0,4.0,10.0,8.0,8.0,8.0,70.0,11648810
10.0,10.0,10.0,10.0,10.0,10.0,98.0,11656239
,,,,,,,11667313
10.0,9.0,10.0,9.0,10.0,10.0,100.0,11679012
,,,,,,,11679106
10.0,10.0,10.0,10.0,10.0,10.0,100.0,11688660
,,,,,,,11690230
9.0,10.0,9.0,9.0,9.0,9.0,84.0,1169088
9.0,8.0,10.0,9.0,10.0,9.0,88.0,116931
10.0,10.0,10.0,10.0,10.0,10.0,97.0,11693193
10.0,10.0,10.0,10.0,10.0,10.0,97.0,11695437
,,,,,,,11695637
10.0,9.0,10.0,10.0,10.0,9.0,94.0,11695887
10.0,10.0,10.0,10.0,10.0,10.0,94.0,11703559
9.0,9.0,10.0,10.0,9.0,9.0,87.0,11708
,,,,,,,11715762
10.0,10.0,10.0,10.0,10.0,10.0,100.0,11716047
10.0,10.0,10.0,10.0,10.0,10.0,100.0,11719579
,,,,,,,11727255
,,,,,,,11737940
10.0,10.0,10.0,10.0,10.0,10.0,99.0,11740322
9.0,9.0,9.0,9.0,10.0,9.0,90.0,117425
9.0,9.0,10.0,9.0,9.0,9.0,90.0,11753116
,,,,,,,11757719
10.0,10.0,9.0,9.0,10.0,9.0,90.0,11764681
9.0,9.0,9.0,10.0,10.0,8.0,83.0,1176693
10.0,9.0,10.0,10.0,10.0,9.0,92.0,11778475
10.0,10.0,10.0,10.0,10.0,10.0,100.0,11778959
10.0,9.0,10.0,9.0,10.0,10.0,87.0,11779701
10.0,6.0,10.0,10.0,10.0,10.0,80.0,11792238
8.0,8.0,8.0,8.0,8.0,8.0,100.0,11796483
,,,,,,,11806776
10.0,10.0,9.0,10.0,8.0,9.0,96.0,11816864
10.0,10.0,10.0,10.0,10.0,10.0,99.0,11817249
9.0,10.0,10.0,10.0,10.0,10.0,91.0,1182474
9.0,9.0,10.0,9.0,9.0,9.0,87.0,1182475
10.0,10.0,10.0,10.0,9.0,10.0,93.0,11834359
10.0,9.0,10.0,10.0,10.0,10.0,100.0,11835169
,,,,,,,11835516
10.0,10.0,10.0,10.0,10.0,10.0,100.0,11840338
10.0,10.0,10.0,10.0,8.0,10.0,100.0,11841749
9.0,9.0,10.0,9.0,10.0,9.0,92.0,11846549
,,,,,,,11848397
10.0,9.0,9.0,10.0,10.0,9.0,94.0,1185644
10.0,10.0,10.0,10.0,10.0,10.0,100.0,11860047
10.0,10.0,10.0,10.0,10.0,10.0,99.0,11860692
10.0,9.0,10.0,10.0,9.0,9.0,94.0,11863943
9.0,9.0,10.0,9.0,10.0,9.0,88.0,11871088
9.0,9.0,9.0,9.0,9.0,8.0,88.0,1188839
10.0,10.0,10.0,10.0,10.0,10.0,100.0,11890476
,,,,,,,11894971
10.0,10.0,10.0,10.0,8.0,9.0,96.0,11902059
10.0,10.0,10.0,10.0,10.0,9.0,100.0,11914814
10.0,9.0,10.0,10.0,10.0,10.0,98.0,11918738
10.0,10.0,10.0,10.0,9.0,9.0,92.0,11921637
,,,,,,,11933497
10.0,10.0,10.0,10.0,10.0,10.0,100.0,11935301
10.0,10.0,10.0,10.0,10.0,10.0,98.0,11936451
10.0,10.0,10.0,10.0,10.0,10.0,98.0,11939367
10.0,10.0,10.0,10.0,8.0,10.0,100.0,11945972
10.0,10.0,10.0,10.0,10.0,9.0,97.0,11948645
,,,,,,,11948705
10.0,10.0,10.0,10.0,9.0,9.0,98.0,11953606
10.0,10.0,10.0,10.0,8.0,10.0,100.0,1195977
,,,,,,,11963985
10.0,10.0,10.0,10.0,10.0,10.0,98.0,1198074
10.0,10.0,10.0,10.0,10.0,9.0,100.0,11987001
10.0,9.0,10.0,10.0,10.0,9.0,94.0,11993586
,,,,,,,12003707
10.0,10.0,10.0,10.0,10.0,9.0,100.0,12004365
9.0,8.0,9.0,9.0,9.0,9.0,89.0,1200438
,,,,,,,12007662
,,,,,,,12008712
10.0,9.0,10.0,10.0,10.0,9.0,96.0,12010910
,,,,,,,12014026
9.0,9.0,10.0,10.0,9.0,9.0,90.0,1201871
10.0,10.0,10.0,10.0,10.0,10.0,98.0,12027124
10.0,10.0,10.0,10.0,10.0,10.0,96.0,12046370
10.0,10.0,10.0,10.0,9.0,10.0,99.0,1206363
,,,,,,,12068078
10.0,9.0,10.0,10.0,10.0,10.0,96.0,1206820
10.0,10.0,10.0,10.0,10.0,10.0,95.0,12080961
10.0,10.0,10.0,10.0,10.0,9.0,97.0,12083780
10.0,10.0,10.0,10.0,10.0,10.0,100.0,12088301
9.0,9.0,9.0,10.0,10.0,9.0,96.0,12091894
9.0,9.0,10.0,10.0,10.0,9.0,89.0,12091977
10.0,9.0,9.0,10.0,10.0,10.0,100.0,1209353
9.0,9.0,10.0,10.0,10.0,9.0,94.0,12097507
10.0,10.0,10.0,10.0,10.0,10.0,99.0,12098138
,,,,,,,12104860
10.0,10.0,10.0,10.0,10.0,10.0,96.0,1211274
,,,,,,,12112834
9.0,9.0,10.0,10.0,10.0,9.0,90.0,1211285
9.0,10.0,10.0,10.0,10.0,9.0,96.0,12117514
,,,,,,,12120988
9.0,8.0,9.0,9.0,10.0,9.0,84.0,12135865
10.0,10.0,10.0,10.0,10.0,10.0,94.0,12136725
9.0,8.0,8.0,10.0,10.0,9.0,90.0,12137640
,,,,,,,12139024
,,,,,,,12142163
10.0,10.0,10.0,10.0,10.0,9.0,92.0,1215049
8.0,9.0,9.0,9.0,9.0,8.0,86.0,1215226
10.0,10.0,10.0,10.0,9.0,10.0,95.0,12156307
8.0,10.0,10.0,8.0,10.0,8.0,100.0,12157453
9.0,10.0,9.0,10.0,10.0,9.0,80.0,12181533
10.0,10.0,10.0,10.0,9.0,10.0,99.0,12183522
10.0,10.0,10.0,10.0,10.0,10.0,99.0,121861
,,,,,,,12188601
,,,,,,,12188649
10.0,10.0,10.0,10.0,9.0,10.0,93.0,12189083
,,,,,,,12196285
10.0,10.0,10.0,10.0,9.0,10.0,98.0,12200176
10.0,9.0,9.0,10.0,10.0,10.0,100.0,12211157
9.0,9.0,9.0,9.0,10.0,9.0,88.0,12214471
,,,,,,,12215468
10.0,10.0,9.0,10.0,9.0,9.0,93.0,12216115
9.0,10.0,9.0,9.0,10.0,9.0,86.0,12220612
9.0,10.0,10.0,9.0,10.0,9.0,89.0,12222943
10.0,10.0,10.0,10.0,10.0,10.0,98.0,12223067
10.0,10.0,10.0,10.0,10.0,10.0,100.0,12234922
10.0,9.0,10.0,10.0,10.0,9.0,94.0,1223747
,,,,,,,12247133
10.0,10.0,10.0,10.0,9.0,9.0,97.0,12247516
10.0,10.0,10.0,10.0,10.0,8.0,80.0,12253016
10.0,9.0,10.0,10.0,10.0,9.0,86.0,12253386
10.0,10.0,10.0,10.0,10.0,10.0,99.0,12256344
9.0,9.0,9.0,10.0,10.0,9.0,95.0,12259367
,,,,,,,12270044
9.0,10.0,10.0,9.0,8.0,9.0,80.0,1227759
10.0,9.0,10.0,10.0,10.0,9.0,93.0,12288463
10.0,10.0,10.0,10.0,10.0,8.0,100.0,12290090
9.0,9.0,9.0,10.0,9.0,9.0,85.0,1229106
,,,,,,,12291906
10.0,10.0,10.0,10.0,10.0,10.0,98.0,12296622
10.0,10.0,9.0,10.0,10.0,10.0,98.0,1229797
9.0,9.0,10.0,10.0,10.0,9.0,93.0,1229847
10.0,9.0,10.0,10.0,9.0,10.0,95.0,12310597
10.0,10.0,10.0,10.0,10.0,10.0,98.0,12317903
,,,,,,,12349607
6.0,10.0,8.0,8.0,10.0,10.0,80.0,12354373
10.0,9.0,10.0,9.0,9.0,8.0,100.0,12355178
10.0,6.0,10.0,10.0,10.0,10.0,100.0,12357386
10.0,10.0,10.0,10.0,10.0,10.0,98.0,12370710
10.0,10.0,10.0,10.0,9.0,9.0,95.0,12373208
10.0,9.0,10.0,10.0,9.0,9.0,95.0,12378302
,,,,,,,12380012
,,,,,,,12380299
10.0,9.0,9.0,10.0,10.0,9.0,97.0,12396367
10.0,10.0,10.0,10.0,10.0,9.0,94.0,12400621
10.0,10.0,10.0,10.0,10.0,9.0,92.0,12401124
10.0,10.0,10.0,10.0,8.0,8.0,100.0,12403784
10.0,10.0,10.0,10.0,10.0,10.0,100.0,12407601
10.0,10.0,10.0,10.0,9.0,10.0,95.0,12409013
,,,,,,,12421800
10.0,10.0,10.0,10.0,10.0,10.0,94.0,12430621
,,,,,,,12433727
9.0,10.0,10.0,10.0,9.0,10.0,100.0,12448766
,,,,,,,12452082
7.0,7.0,7.0,9.0,7.0,7.0,67.0,12462076
,,,,,,,12473031
10.0,10.0,10.0,10.0,10.0,10.0,93.0,12479743
9.0,9.0,9.0,9.0,10.0,9.0,89.0,12486648
,,,,,,,12489523
,,,,,,,12494415
9.0,10.0,10.0,10.0,9.0,9.0,93.0,12507567
,,,,,,,12509339
10.0,10.0,10.0,10.0,10.0,10.0,95.0,12514918
10.0,10.0,10.0,10.0,10.0,10.0,100.0,12531055
,,,,,,,12544539
,,,,,,,12550465
10.0,10.0,9.0,10.0,10.0,10.0,94.0,12551469
9.0,9.0,9.0,9.0,10.0,9.0,90.0,12552675
10.0,10.0,9.0,10.0,10.0,9.0,96.0,1255979
10.0,8.0,10.0,10.0,8.0,10.0,100.0,12561397
,,,,,,,12561925
10.0,10.0,10.0,10.0,10.0,10.0,100.0,125656
10.0,9.0,10.0,10.0,10.0,9.0,94.0,12586942
8.0,10.0,10.0,10.0,10.0,10.0,80.0,12591225
,,,,,,,12601609
10.0,10.0,10.0,10.0,10.0,8.0,100.0,12604062
10.0,10.0,10.0,10.0,10.0,10.0,96.0,12607396
,,,,,,,12628177
10.0,10.0,10.0,10.0,10.0,9.0,99.0,12639342
,,,,,,,12647072
10.0,10.0,10.0,10.0,10.0,9.0,95.0,1264811
10.0,10.0,10.0,10.0,10.0,10.0,99.0,12651199
10.0,10.0,10.0,10.0,10.0,10.0,95.0,12653230
,,,,,,,12654770
9.0,9.0,9.0,9.0,10.0,9.0,90.0,12655535
9.0,10.0,10.0,10.0,10.0,10.0,93.0,12657285
8.0,8.0,9.0,9.0,9.0,8.0,84.0,1266425
,,,,,,,12667749
10.0,10.0,10.0,10.0,9.0,10.0,98.0,12680743
,,,,,,,1268297
9.0,10.0,10.0,10.0,10.0,10.0,92.0,12713962
10.0,10.0,10.0,10.0,9.0,10.0,97.0,127208
8.0,7.0,9.0,9.0,8.0,8.0,70.0,1273526
10.0,9.0,10.0,10.0,10.0,9.0,100.0,12740176
,,,,,,,12742947
10.0,10.0,9.0,9.0,9.0,10.0,94.0,12752708
9.0,10.0,10.0,8.0,9.0,8.0,80.0,12757761
10.0,9.0,10.0,9.0,10.0,10.0,94.0,12758910
10.0,10.0,10.0,10.0,10.0,10.0,100.0,12761564
10.0,10.0,10.0,10.0,10.0,10.0,99.0,12762087
10.0,10.0,10.0,10.0,10.0,9.0,100.0,12762350
,,,,,,,12774820
,,,,,,,12778795
10.0,10.0,10.0,10.0,10.0,10.0,100.0,12782638
8.0,6.0,10.0,10.0,10.0,8.0,100.0,12788675
9.0,9.0,10.0,10.0,10.0,9.0,98.0,12790958
10.0,10.0,9.0,9.0,10.0,10.0,90.0,12791827
10.0,9.0,10.0,10.0,10.0,10.0,95.0,12797051
9.0,9.0,9.0,9.0,9.0,9.0,85.0,12800556
9.0,8.0,10.0,10.0,10.0,9.0,81.0,12800628
,,,,,,,12805730
9.0,8.0,9.0,9.0,9.0,9.0,85.0,12810796
10.0,9.0,10.0,10.0,10.0,10.0,94.0,12812425
10.0,10.0,10.0,10.0,10.0,8.0,100.0,12814401
10.0,10.0,10.0,10.0,9.0,10.0,98.0,12814643
10.0,9.0,10.0,10.0,10.0,9.0,93.0,12815927
,,,,,,,12824656
10.0,9.0,9.0,10.0,10.0,9.0,93.0,1284759
9.0,8.0,10.0,10.0,10.0,10.0,89.0,1284892
10.0,9.0,10.0,10.0,10.0,10.0,95.0,12857433
10.0,9.0,10.0,10.0,10.0,9.0,100.0,12857841
,,,,,,,12857887
10.0,10.0,10.0,10.0,10.0,10.0,100.0,12872819
9.0,8.0,9.0,9.0,9.0,9.0,85.0,12873224
9.0,9.0,9.0,9.0,10.0,9.0,89.0,12874040
10.0,10.0,10.0,10.0,10.0,10.0,100.0,12874776
10.0,10.0,10.0,10.0,10.0,10.0,100.0,12886223
9.0,9.0,10.0,10.0,10.0,9.0,91.0,12887643
,,,,,,,12889319
9.0,9.0,10.0,9.0,10.0,9.0,93.0,12893035
,,,,,,,12895982
9.0,9.0,10.0,10.0,10.0,9.0,92.0,12896435
,,,,,,,1290112
10.0,10.0,10.0,10.0,10.0,10.0,94.0,12902610
,,,,,,,12902975
9.0,9.0,9.0,9.0,10.0,8.0,88.0,12906000
10.0,10.0,9.0,9.0,10.0,10.0,92.0,12906100
10.0,10.0,10.0,10.0,10.0,10.0,99.0,12906431
,,,,,,,12923454
,,,,,,,12924287
10.0,10.0,10.0,10.0,10.0,10.0,98.0,12929092
10.0,10.0,10.0,10.0,10.0,9.0,92.0,12933623
10.0,10.0,10.0,10.0,10.0,10.0,98.0,12937
,,,,,,,1294944
10.0,10.0,10.0,10.0,10.0,10.0,95.0,12954762
10.0,10.0,10.0,9.0,10.0,10.0,90.0,12955940
,,,,,,,12971023
10.0,10.0,10.0,10.0,10.0,10.0,98.0,12971533
10.0,10.0,10.0,10.0,10.0,10.0,95.0,12973335
10.0,10.0,10.0,10.0,10.0,10.0,99.0,12997475
,,,,,,,13001636
,,,,,,,13016251
,,,,,,,13043773
10.0,9.0,10.0,9.0,10.0,9.0,94.0,13045223
9.0,9.0,9.0,9.0,9.0,9.0,86.0,13045429
10.0,9.0,10.0,10.0,10.0,9.0,91.0,1304552
10.0,10.0,10.0,10.0,10.0,9.0,95.0,13059740
9.0,9.0,9.0,9.0,10.0,9.0,87.0,13063671
10.0,9.0,9.0,10.0,9.0,9.0,87.0,13063723
10.0,10.0,10.0,10.0,10.0,10.0,100.0,13064336
10.0,10.0,10.0,10.0,10.0,9.0,100.0,13066822
,,,,,,,13068933
,,,,,,,13069562
10.0,10.0,10.0,10.0,10.0,10.0,99.0,13069840
10.0,10.0,10.0,10.0,10.0,9.0,96.0,13079105
,,,,,,,13083186
10.0,9.0,10.0,10.0,10.0,9.0,93.0,1310141
9.0,9.0,9.0,9.0,10.0,9.0,89.0,1310308
10.0,10.0,10.0,10.0,10.0,10.0,100.0,13110019
10.0,9.0,10.0,10.0,9.0,9.0,97.0,13112091
9.0,10.0,10.0,10.0,9.0,9.0,88.0,13113064
10.0,10.0,10.0,10.0,10.0,10.0,90.0,13115342
10.0,10.0,10.0,10.0,9.0,9.0,100.0,13123668
,,,,,,,13145113
9.0,10.0,10.0,10.0,9.0,9.0,93.0,13146333
10.0,10.0,10.0,10.0,10.0,10.0,97.0,13153996
9.0,9.0,10.0,9.0,10.0,9.0,92.0,13155211
10.0,10.0,10.0,10.0,10.0,9.0,94.0,13161668
10.0,10.0,10.0,10.0,10.0,9.0,95.0,13164714
10.0,9.0,9.0,9.0,10.0,9.0,98.0,13165887
10.0,8.0,10.0,10.0,10.0,8.0,80.0,13176532
10.0,10.0,10.0,10.0,10.0,10.0,99.0,13183672
6.0,7.0,8.0,8.0,8.0,7.0,60.0,13193079
10.0,10.0,10.0,10.0,10.0,9.0,97.0,13201601
10.0,10.0,10.0,10.0,10.0,10.0,100.0,13203747
9.0,10.0,10.0,10.0,10.0,10.0,97.0,1321072
9.0,9.0,9.0,9.0,10.0,9.0,91.0,1321603
10.0,8.0,10.0,10.0,10.0,10.0,89.0,13217170
,,,,,,,13218264
9.0,9.0,10.0,9.0,10.0,9.0,90.0,13223739
10.0,9.0,9.0,9.0,9.0,9.0,86.0,13227163
10.0,10.0,10.0,10.0,10.0,10.0,97.0,13242217
,,,,,,,13248377
,,,,,,,13249697
10.0,10.0,9.0,10.0,9.0,9.0,92.0,13252758
10.0,9.0,10.0,10.0,10.0,9.0,100.0,1325472
10.0,10.0,9.0,10.0,10.0,10.0,100.0,13261391
10.0,10.0,10.0,10.0,10.0,10.0,94.0,13265567
10.0,9.0,10.0,10.0,10.0,9.0,89.0,13266188
9.0,9.0,10.0,10.0,10.0,10.0,100.0,132695
10.0,10.0,10.0,10.0,9.0,10.0,96.0,13272687
,,,,,,,13277230
,,,,,,,13298973
10.0,9.0,9.0,9.0,10.0,10.0,94.0,13299231
9.0,8.0,8.0,9.0,10.0,9.0,81.0,13299549
9.0,9.0,10.0,10.0,10.0,9.0,90.0,13302796
10.0,9.0,10.0,10.0,10.0,10.0,98.0,13304991
,,,,,,,13306630
9.0,8.0,10.0,10.0,10.0,9.0,89.0,13308110
,,,,,,,13316078
,,,,,,,13317720
10.0,9.0,10.0,10.0,10.0,10.0,98.0,13318405
9.0,9.0,10.0,10.0,10.0,9.0,90.0,13320545
10.0,10.0,10.0,10.0,10.0,9.0,98.0,13324467
10.0,9.0,10.0,10.0,10.0,10.0,93.0,13328702
10.0,9.0,10.0,10.0,10.0,10.0,94.0,1332929
10.0,10.0,10.0,10.0,10.0,9.0,95.0,13333008
10.0,10.0,10.0,10.0,10.0,10.0,98.0,13333143
,,,,,,,13334276
,,,10.0,8.0,10.0,100.0,13344796
,,,,,,,13352279
,,,,,,,13352718
10.0,10.0,10.0,10.0,10.0,9.0,96.0,13361526
10.0,10.0,10.0,10.0,9.0,9.0,96.0,13361613
10.0,10.0,10.0,10.0,10.0,10.0,100.0,13363311
,,,,,,,13365785
9.0,10.0,10.0,9.0,8.0,9.0,90.0,13366855
10.0,10.0,10.0,10.0,10.0,10.0,96.0,13368075
9.0,8.0,10.0,10.0,8.0,9.0,85.0,13372754
10.0,10.0,10.0,10.0,10.0,8.0,100.0,13373114
,,,,,,,13375733
10.0,10.0,10.0,10.0,10.0,10.0,100.0,13382536
10.0,10.0,10.0,10.0,10.0,9.0,95.0,13386011
,,,,,,,13389577
10.0,10.0,10.0,10.0,10.0,9.0,96.0,13390320
,,,,,,,13397791
10.0,10.0,10.0,10.0,10.0,10.0,97.0,13411324
,,,,,,,13413043
,,,,,,,13414552
10.0,10.0,10.0,10.0,10.0,10.0,99.0,13415952
9.0,9.0,9.0,9.0,10.0,9.0,84.0,13417224
,,,,,,,13430219
10.0,10.0,10.0,10.0,10.0,10.0,98.0,13433868
10.0,9.0,10.0,10.0,10.0,9.0,91.0,13436132
,,,,,,,13437242
9.0,9.0,9.0,10.0,9.0,9.0,86.0,13437841
10.0,10.0,10.0,10.0,10.0,10.0,98.0,13442098
10.0,10.0,10.0,10.0,10.0,10.0,100.0,13444131
10.0,10.0,10.0,10.0,10.0,10.0,99.0,13454668
,,,,,,,1345576
10.0,10.0,10.0,10.0,10.0,10.0,99.0,13461087
10.0,10.0,10.0,10.0,10.0,9.0,95.0,13462637
9.0,9.0,10.0,9.0,10.0,9.0,89.0,13479450
10.0,9.0,10.0,10.0,10.0,9.0,97.0,13488308
10.0,10.0,10.0,10.0,9.0,10.0,100.0,13489279
9.0,9.0,10.0,10.0,10.0,9.0,94.0,13490410
10.0,9.0,10.0,10.0,10.0,8.0,100.0,13491812
,,,,,,,13495196
10.0,10.0,10.0,10.0,9.0,9.0,100.0,13495314
10.0,10.0,10.0,10.0,9.0,9.0,96.0,13501113
10.0,10.0,10.0,10.0,10.0,10.0,99.0,13505139
10.0,10.0,10.0,10.0,10.0,10.0,98.0,13508417
10.0,10.0,10.0,10.0,10.0,10.0,99.0,13511610
10.0,10.0,10.0,10.0,10.0,10.0,80.0,13520692
9.0,9.0,9.0,9.0,9.0,9.0,90.0,13521222
10.0,10.0,10.0,10.0,10.0,9.0,95.0,13525014
9.0,9.0,9.0,8.0,10.0,8.0,84.0,1352758
10.0,8.0,10.0,8.0,10.0,10.0,100.0,13528649
10.0,10.0,10.0,10.0,10.0,9.0,98.0,13530122
9.0,10.0,9.0,9.0,10.0,9.0,91.0,13552883
,,,,,,,13559998
9.0,9.0,9.0,9.0,10.0,9.0,87.0,13562321
10.0,10.0,10.0,10.0,10.0,10.0,99.0,13564779
10.0,9.0,9.0,9.0,9.0,9.0,88.0,13574006
10.0,9.0,10.0,10.0,8.0,9.0,91.0,13579065
10.0,10.0,10.0,10.0,10.0,10.0,100.0,13585970
,,,,,,,13588758
,,,,,,,13591144
,,,,,,,13591364
10.0,10.0,10.0,10.0,10.0,10.0,94.0,1359438
10.0,10.0,10.0,10.0,10.0,10.0,97.0,13595339
9.0,8.0,10.0,9.0,9.0,8.0,87.0,13603489
10.0,9.0,10.0,10.0,10.0,9.0,95.0,13603801
9.0,10.0,10.0,10.0,9.0,10.0,96.0,13605461
,,,,,,,13606770
10.0,8.0,10.0,10.0,10.0,9.0,94.0,13609188
,,,,,,,13611788
,,,,,,,1361270
,,,,,,,13617872
9.0,9.0,9.0,9.0,10.0,9.0,88.0,13624302
,,,,,,,13630859
10.0,10.0,10.0,10.0,10.0,10.0,99.0,13633280
9.0,10.0,8.0,9.0,10.0,10.0,100.0,13658407
10.0,10.0,10.0,10.0,10.0,9.0,97.0,13659491
9.0,7.0,8.0,9.0,10.0,8.0,80.0,13659950
10.0,10.0,10.0,9.0,10.0,9.0,90.0,13669275
10.0,10.0,10.0,10.0,10.0,10.0,96.0,13674956
9.0,8.0,9.0,9.0,10.0,9.0,89.0,13684608
10.0,9.0,10.0,10.0,10.0,9.0,93.0,13689460
,,,,,,,13695744
9.0,8.0,9.0,9.0,9.0,9.0,89.0,13696235
10.0,10.0,10.0,10.0,10.0,10.0,98.0,13702313
10.0,10.0,10.0,10.0,10.0,10.0,90.0,13702505
10.0,10.0,10.0,10.0,9.0,10.0,96.0,1370405
10.0,10.0,10.0,8.0,8.0,8.0,100.0,13711161
,,,,,,,13716070
,,,,,,,13724840
9.0,9.0,10.0,9.0,9.0,9.0,86.0,13726629
10.0,10.0,10.0,10.0,10.0,10.0,99.0,13728712
10.0,9.0,10.0,10.0,9.0,10.0,100.0,13732894
9.0,9.0,9.0,9.0,9.0,9.0,87.0,13739484
9.0,9.0,10.0,10.0,9.0,9.0,89.0,13743786
,,,,,,,13748059
,,,,,,,13748617
10.0,10.0,10.0,10.0,9.0,10.0,96.0,13750579
,,,,,,,13753838
,,,,,,,13754183
10.0,9.0,9.0,9.0,10.0,9.0,90.0,13757836
,,,,,,,13757914
10.0,10.0,10.0,10.0,9.0,9.0,95.0,13761856
10.0,10.0,10.0,10.0,9.0,10.0,100.0,13762136
8.0,8.0,9.0,9.0,10.0,9.0,87.0,13763013
10.0,10.0,10.0,10.0,10.0,10.0,98.0,13764019
9.0,9.0,9.0,9.0,9.0,9.0,84.0,13764334
10.0,10.0,10.0,10.0,10.0,9.0,93.0,13766096
10.0,10.0,10.0,10.0,10.0,10.0,92.0,13771436
,,,,,,,13774506
,,,,,,,13776897
10.0,10.0,10.0,10.0,9.0,10.0,97.0,13778742
9.0,9.0,10.0,9.0,10.0,9.0,88.0,13789278
10.0,9.0,10.0,10.0,9.0,10.0,90.0,13799611
,,,,,,,13807778
10.0,9.0,10.0,10.0,10.0,9.0,98.0,13810527
,,,,,,,13813259
10.0,10.0,9.0,9.0,10.0,10.0,97.0,13814845
,,,,,,,13820755
10.0,10.0,10.0,10.0,10.0,10.0,94.0,13827870
,,,,,,,13829859
9.0,8.0,9.0,9.0,9.0,8.0,82.0,13835658
,,,,,,,13837488
10.0,10.0,10.0,10.0,10.0,10.0,100.0,13839238
8.0,7.0,10.0,10.0,9.0,9.0,90.0,13839338
10.0,10.0,10.0,10.0,8.0,10.0,94.0,13841305
10.0,10.0,10.0,10.0,10.0,10.0,97.0,13841569
8.0,8.0,7.0,8.0,9.0,8.0,76.0,13844617
9.0,9.0,10.0,10.0,10.0,9.0,89.0,13846473
10.0,9.0,10.0,10.0,10.0,9.0,94.0,13852692
,,,,,,,13855369
9.0,8.0,9.0,9.0,9.0,9.0,83.0,13875927
10.0,9.0,10.0,10.0,10.0,10.0,99.0,13883147
10.0,10.0,10.0,10.0,10.0,10.0,99.0,13884253
10.0,10.0,10.0,10.0,10.0,10.0,98.0,13884778
9.0,9.0,10.0,10.0,9.0,9.0,91.0,13885247
10.0,9.0,10.0,10.0,9.0,9.0,92.0,13891181
9.0,10.0,10.0,10.0,10.0,9.0,93.0,13895156
,,,,,,,13904840
10.0,10.0,10.0,10.0,10.0,10.0,100.0,13905218
,,,,,,,13905833
10.0,9.0,9.0,10.0,10.0,10.0,96.0,13906039
,,,,,,,13911574
9.0,8.0,10.0,10.0,10.0,10.0,76.0,13915361
,,,,,,,13917109
10.0,10.0,10.0,10.0,10.0,9.0,94.0,1391996
,,,,,,,13921667
8.0,10.0,10.0,10.0,10.0,6.0,80.0,13923606
10.0,10.0,10.0,10.0,10.0,10.0,97.0,13924938
,,,,,,,13927034
,,,,,,,13927230
10.0,10.0,10.0,10.0,10.0,10.0,100.0,13934778
10.0,10.0,10.0,10.0,10.0,10.0,100.0,13934996
9.0,9.0,9.0,10.0,10.0,9.0,92.0,13937701
10.0,10.0,10.0,10.0,10.0,10.0,98.0,13937802
9.0,10.0,10.0,10.0,10.0,9.0,96.0,13940779
9.0,9.0,10.0,10.0,10.0,9.0,93.0,139416
,,,,,,,13945645
10.0,10.0,10.0,10.0,10.0,9.0,100.0,13949781
,,,,,,,13955139
,,,,,,,13955233
9.0,10.0,8.0,8.0,8.0,9.0,71.0,13960437
10.0,9.0,10.0,10.0,10.0,10.0,90.0,13962683
10.0,10.0,10.0,10.0,10.0,10.0,97.0,1396721
10.0,9.0,10.0,10.0,10.0,9.0,95.0,13981245
,,,,,,,1398192
,,,,,,,13988788
,,,,,,,13993059
,,,,,,,13997910
10.0,9.0,10.0,10.0,10.0,9.0,100.0,13999182
10.0,10.0,10.0,10.0,10.0,9.0,95.0,14004632
10.0,10.0,10.0,10.0,10.0,10.0,100.0,14013822
10.0,8.0,10.0,10.0,10.0,10.0,80.0,14018725
8.0,8.0,10.0,10.0,9.0,8.0,86.0,14037885
10.0,10.0,10.0,10.0,10.0,9.0,100.0,14040723
10.0,10.0,6.0,8.0,10.0,8.0,40.0,14042368
9.0,9.0,10.0,10.0,10.0,9.0,92.0,14043849
9.0,9.0,9.0,9.0,9.0,9.0,85.0,14044480
,,,,,,,1405120
8.0,9.0,9.0,8.0,9.0,8.0,87.0,1406337
,,,,,,,14063971
,,,,,,,14073709
10.0,9.0,10.0,10.0,10.0,10.0,97.0,14075164
10.0,9.0,10.0,10.0,10.0,9.0,94.0,1408997
10.0,9.0,9.0,10.0,10.0,9.0,90.0,14090613
4.0,2.0,8.0,8.0,4.0,6.0,60.0,14094561
9.0,8.0,10.0,9.0,10.0,9.0,89.0,14096512
,,,,,,,1410284
10.0,10.0,10.0,10.0,10.0,10.0,100.0,14104326
10.0,9.0,10.0,10.0,10.0,9.0,95.0,1410460
9.0,9.0,10.0,9.0,7.0,9.0,85.0,1410802
,,,,,,,14109521
9.0,7.0,9.0,9.0,8.0,9.0,90.0,14109694
9.0,8.0,9.0,9.0,10.0,9.0,87.0,14111332
10.0,10.0,9.0,9.0,10.0,9.0,95.0,14112918
,,,,,,,14119791
10.0,10.0,10.0,10.0,10.0,10.0,100.0,14119805
8.0,6.0,8.0,8.0,8.0,8.0,80.0,14120722
10.0,10.0,10.0,10.0,10.0,10.0,99.0,14124717
10.0,10.0,10.0,10.0,10.0,10.0,100.0,14127526
10.0,9.0,10.0,10.0,9.0,10.0,96.0,1413677
,,,,,,,14140905
10.0,10.0,10.0,10.0,10.0,10.0,100.0,14146422
10.0,10.0,10.0,10.0,10.0,10.0,99.0,14150800
10.0,10.0,10.0,9.0,10.0,9.0,93.0,14152437
9.0,10.0,10.0,10.0,10.0,8.0,70.0,14161011
,,,,,,,14161732
10.0,10.0,10.0,10.0,10.0,10.0,100.0,14164312
10.0,10.0,10.0,10.0,9.0,10.0,100.0,14166653
9.0,8.0,10.0,10.0,10.0,9.0,92.0,14172532
9.0,9.0,9.0,9.0,10.0,9.0,88.0,1417276
7.0,6.0,8.0,8.0,7.0,9.0,60.0,14173253
10.0,10.0,10.0,10.0,10.0,10.0,100.0,14175496
,,,,,,,14177829
9.0,8.0,10.0,10.0,10.0,8.0,91.0,14185067
10.0,10.0,10.0,10.0,10.0,10.0,98.0,14186262
9.0,8.0,10.0,10.0,10.0,9.0,91.0,141890
10.0,10.0,10.0,10.0,9.0,10.0,99.0,14214403
10.0,9.0,10.0,10.0,9.0,10.0,97.0,14215061
9.0,9.0,8.0,9.0,10.0,9.0,87.0,14220130
10.0,10.0,10.0,10.0,9.0,10.0,96.0,14223095
10.0,10.0,10.0,10.0,10.0,10.0,100.0,14233139
10.0,9.0,10.0,10.0,10.0,10.0,94.0,14234514
10.0,10.0,10.0,10.0,10.0,10.0,97.0,14234561
9.0,8.0,8.0,9.0,8.0,9.0,83.0,14234741
10.0,10.0,10.0,10.0,10.0,10.0,97.0,14236416
10.0,10.0,10.0,10.0,9.0,10.0,97.0,14238280
9.0,10.0,9.0,9.0,9.0,9.0,88.0,14246971
9.0,10.0,10.0,9.0,9.0,9.0,91.0,14249346
8.0,8.0,9.0,8.0,9.0,8.0,90.0,14250
10.0,10.0,10.0,10.0,10.0,10.0,100.0,14252298
10.0,9.0,10.0,10.0,10.0,10.0,95.0,14252305
10.0,10.0,9.0,10.0,9.0,8.0,90.0,14253379
10.0,10.0,10.0,10.0,10.0,10.0,100.0,14259235
10.0,10.0,10.0,9.0,10.0,10.0,98.0,14261122
9.0,8.0,9.0,8.0,9.0,9.0,87.0,1427233
10.0,10.0,10.0,10.0,10.0,10.0,98.0,14273204
10.0,9.0,10.0,10.0,10.0,10.0,94.0,14278303
10.0,9.0,10.0,10.0,10.0,10.0,96.0,14284682
10.0,10.0,10.0,10.0,10.0,10.0,100.0,14287666
10.0,8.0,10.0,10.0,10.0,9.0,90.0,14294961
10.0,10.0,10.0,10.0,10.0,10.0,100.0,14295981
9.0,9.0,9.0,9.0,10.0,9.0,93.0,14298859
10.0,9.0,10.0,10.0,10.0,9.0,96.0,14302702
10.0,10.0,10.0,10.0,10.0,9.0,100.0,14309960
,,,,,,,14316144
9.0,9.0,10.0,10.0,9.0,9.0,93.0,1431666
10.0,9.0,10.0,10.0,9.0,9.0,94.0,143175
,,,,,,,14320172
,,,,,,,14330134
9.0,9.0,10.0,10.0,9.0,9.0,96.0,14332326
,,,,,,,14339048
10.0,10.0,10.0,10.0,10.0,10.0,100.0,14339793
10.0,8.0,10.0,10.0,10.0,10.0,100.0,14360913
10.0,10.0,10.0,10.0,9.0,10.0,93.0,1437251
10.0,10.0,10.0,10.0,9.0,9.0,93.0,14375153
10.0,6.0,10.0,8.0,10.0,10.0,80.0,14385513
10.0,10.0,10.0,10.0,10.0,10.0,96.0,14388889
10.0,10.0,10.0,10.0,9.0,9.0,93.0,14403549
10.0,10.0,10.0,10.0,10.0,10.0,97.0,14405901
10.0,10.0,10.0,10.0,9.0,9.0,97.0,14432651
10.0,10.0,10.0,10.0,10.0,9.0,96.0,14434534
10.0,9.0,10.0,10.0,10.0,10.0,90.0,14439217
10.0,10.0,10.0,10.0,10.0,10.0,100.0,14439478
10.0,10.0,10.0,10.0,9.0,10.0,95.0,14450837
10.0,10.0,10.0,10.0,10.0,9.0,100.0,14460432
10.0,10.0,10.0,10.0,10.0,10.0,100.0,14462759
9.0,9.0,9.0,9.0,10.0,9.0,92.0,14472317
10.0,10.0,10.0,10.0,9.0,10.0,100.0,14472620
10.0,10.0,10.0,10.0,10.0,10.0,100.0,1447835
8.0,8.0,9.0,9.0,9.0,9.0,80.0,14480689
9.0,8.0,10.0,10.0,10.0,9.0,90.0,14490025
10.0,10.0,10.0,10.0,10.0,10.0,100.0,14493885
10.0,10.0,10.0,10.0,10.0,10.0,100.0,14497942
10.0,10.0,10.0,10.0,10.0,10.0,95.0,14501655
10.0,10.0,10.0,10.0,9.0,9.0,93.0,14506036
10.0,9.0,10.0,10.0,10.0,9.0,92.0,14522482
,,,,,,,14549548
,,,,,,,14551515
,,,,,,,14554642
9.0,9.0,9.0,9.0,9.0,9.0,83.0,14563257
10.0,9.0,10.0,10.0,10.0,10.0,97.0,14569881
,,,,,,,14571224
10.0,10.0,10.0,10.0,10.0,10.0,99.0,14573570
10.0,9.0,10.0,10.0,10.0,9.0,97.0,14574409
10.0,10.0,10.0,10.0,10.0,10.0,100.0,14588464
10.0,10.0,10.0,10.0,9.0,10.0,95.0,1459519
10.0,10.0,10.0,10.0,10.0,10.0,98.0,1459741
10.0,9.0,10.0,10.0,9.0,10.0,93.0,14610596
10.0,9.0,10.0,10.0,10.0,10.0,97.0,14629833
,,,,,,,14633460
,,,,,,,14644562
9.0,10.0,10.0,9.0,10.0,10.0,95.0,14649808
8.0,10.0,10.0,10.0,8.0,10.0,100.0,14650584
9.0,9.0,9.0,9.0,9.0,8.0,82.0,14661747
,,,,,,,14675014
10.0,10.0,10.0,10.0,10.0,10.0,100.0,14683121
,,,,,,,14707572
10.0,10.0,10.0,10.0,9.0,10.0,100.0,14728150
,,,,,,,14733479
9.0,8.0,10.0,10.0,10.0,9.0,90.0,14741201
9.0,9.0,10.0,9.0,10.0,9.0,95.0,14744918
,,,,,,,14748333
10.0,10.0,10.0,10.0,9.0,10.0,96.0,14756990
8.0,10.0,10.0,10.0,8.0,10.0,100.0,14758068
9.0,10.0,10.0,10.0,10.0,9.0,96.0,14758081
,,,,,,,14760382
9.0,8.0,10.0,10.0,10.0,8.0,82.0,1476484
10.0,9.0,10.0,10.0,9.0,10.0,96.0,1476508
10.0,10.0,10.0,10.0,10.0,10.0,99.0,1476656
,,,,,,,14768403
10.0,10.0,10.0,9.0,9.0,9.0,95.0,14769619
,,,,,,,14778622
8.0,6.0,8.0,8.0,10.0,8.0,80.0,1480002
9.0,9.0,10.0,10.0,9.0,9.0,91.0,14804661
10.0,10.0,10.0,10.0,10.0,9.0,96.0,1481054
10.0,10.0,10.0,10.0,10.0,9.0,97.0,1481361
9.0,8.0,9.0,9.0,10.0,9.0,88.0,14818234
10.0,9.0,10.0,9.0,10.0,9.0,92.0,1482060
10.0,10.0,10.0,10.0,9.0,10.0,98.0,14824708
10.0,10.0,10.0,10.0,10.0,9.0,97.0,14827972
10.0,9.0,10.0,10.0,10.0,10.0,93.0,14836765
,,,,,,,14839116
,,,,,,,14846275
10.0,10.0,9.0,9.0,10.0,9.0,89.0,14855345
10.0,9.0,10.0,9.0,9.0,10.0,93.0,14856799
10.0,10.0,10.0,10.0,10.0,9.0,98.0,14858544
9.0,7.0,9.0,10.0,8.0,9.0,87.0,1487222
9.0,9.0,10.0,10.0,10.0,9.0,88.0,14875190
9.0,8.0,9.0,10.0,9.0,8.0,70.0,14886923
10.0,10.0,10.0,10.0,10.0,9.0,100.0,14894267
10.0,10.0,10.0,10.0,10.0,10.0,100.0,14896503
,,,,,,,14907884
10.0,10.0,8.0,10.0,10.0,10.0,100.0,14915493
10.0,10.0,10.0,10.0,10.0,10.0,100.0,14916806
10.0,9.0,10.0,10.0,10.0,9.0,96.0,14921505
10.0,10.0,10.0,10.0,10.0,10.0,98.0,14923016
9.0,8.0,9.0,9.0,9.0,8.0,87.0,14930875
9.0,9.0,10.0,9.0,10.0,10.0,94.0,14960783
10.0,10.0,10.0,10.0,10.0,10.0,96.0,14962367
10.0,10.0,10.0,10.0,9.0,10.0,96.0,14967994
9.0,8.0,10.0,9.0,10.0,9.0,86.0,14968000
9.0,10.0,9.0,10.0,7.0,8.0,88.0,14968004
10.0,9.0,10.0,10.0,10.0,9.0,95.0,14992196
10.0,10.0,10.0,10.0,10.0,9.0,94.0,14993652
10.0,10.0,10.0,10.0,10.0,10.0,98.0,14996051
10.0,10.0,10.0,10.0,9.0,10.0,98.0,14996590
10.0,10.0,10.0,10.0,10.0,10.0,100.0,15003187
10.0,9.0,10.0,10.0,10.0,9.0,93.0,15003496
10.0,10.0,10.0,10.0,10.0,10.0,98.0,15004284
,,,,,,,15008596
,,,,,,,15009347
10.0,10.0,10.0,10.0,10.0,9.0,98.0,15015363
10.0,9.0,10.0,10.0,10.0,10.0,96.0,15019476
10.0,10.0,10.0,10.0,10.0,10.0,94.0,15021236
10.0,10.0,10.0,9.0,9.0,9.0,90.0,15021379
9.0,10.0,10.0,10.0,9.0,9.0,94.0,15026828
10.0,10.0,10.0,10.0,10.0,10.0,98.0,15031608
10.0,9.0,9.0,10.0,10.0,8.0,88.0,15035458
10.0,10.0,10.0,10.0,10.0,10.0,100.0,1503655
9.0,8.0,9.0,9.0,9.0,9.0,88.0,15036568
10.0,10.0,10.0,10.0,10.0,9.0,98.0,15047479
,,,,,,,15052129
,,,,,,,15058245
10.0,10.0,10.0,10.0,10.0,9.0,97.0,15058677
10.0,9.0,10.0,10.0,10.0,9.0,96.0,15060713
10.0,10.0,10.0,10.0,10.0,9.0,97.0,15073600
9.0,8.0,9.0,9.0,9.0,8.0,86.0,15088513
9.0,9.0,10.0,9.0,10.0,9.0,93.0,15095488
10.0,10.0,10.0,10.0,10.0,10.0,98.0,15097549
9.0,8.0,9.0,10.0,9.0,9.0,87.0,15098676
10.0,10.0,10.0,10.0,10.0,10.0,97.0,15099382
6.0,10.0,6.0,8.0,8.0,8.0,60.0,15100883
10.0,10.0,10.0,10.0,10.0,10.0,100.0,15101377
10.0,10.0,10.0,10.0,10.0,10.0,100.0,15103148
,,,,,,,15105616
10.0,10.0,10.0,10.0,10.0,10.0,100.0,15113580
10.0,10.0,10.0,10.0,10.0,10.0,97.0,15115143
10.0,10.0,10.0,10.0,10.0,10.0,99.0,15116002
9.0,9.0,9.0,9.0,8.0,9.0,84.0,15119850
,,,,,,,15124324
8.0,8.0,9.0,9.0,9.0,8.0,82.0,15124886
9.0,9.0,10.0,9.0,10.0,9.0,89.0,15126808
10.0,8.0,10.0,2.0,8.0,4.0,80.0,15139440
10.0,10.0,10.0,10.0,10.0,10.0,100.0,15140363
10.0,10.0,10.0,10.0,9.0,10.0,99.0,15144619
8.0,8.0,8.0,8.0,8.0,8.0,80.0,15158785
10.0,10.0,10.0,10.0,10.0,10.0,96.0,15159326
10.0,10.0,10.0,10.0,10.0,10.0,97.0,15167619
10.0,10.0,10.0,10.0,10.0,10.0,99.0,15177216
9.0,8.0,10.0,10.0,10.0,9.0,90.0,15182133
10.0,10.0,10.0,10.0,10.0,10.0,97.0,15190865
8.0,8.0,10.0,9.0,9.0,8.0,77.0,15194147
10.0,10.0,10.0,10.0,9.0,9.0,96.0,1520042
10.0,10.0,10.0,10.0,9.0,10.0,98.0,15206608
10.0,10.0,10.0,10.0,10.0,10.0,99.0,15207202
10.0,10.0,10.0,10.0,10.0,10.0,100.0,15207920
10.0,10.0,10.0,10.0,10.0,8.0,100.0,15208698
,,,,,,,15225155
9.0,9.0,9.0,9.0,9.0,9.0,94.0,152259
10.0,10.0,10.0,10.0,10.0,10.0,98.0,15239628
10.0,10.0,10.0,10.0,10.0,10.0,99.0,15241263
10.0,10.0,10.0,10.0,10.0,10.0,98.0,15244301
8.0,8.0,10.0,10.0,10.0,8.0,80.0,15245956
10.0,10.0,9.0,10.0,10.0,10.0,95.0,15248025
10.0,10.0,10.0,10.0,9.0,10.0,100.0,15257124
10.0,9.0,10.0,9.0,10.0,10.0,87.0,152630
9.0,9.0,9.0,9.0,9.0,9.0,90.0,152645
,,,,,,,15266254
10.0,10.0,10.0,10.0,10.0,10.0,100.0,15272987
9.0,9.0,10.0,10.0,9.0,9.0,91.0,15273682
10.0,10.0,10.0,10.0,10.0,10.0,95.0,15284591
10.0,10.0,10.0,10.0,10.0,9.0,95.0,15285714
10.0,10.0,10.0,10.0,10.0,10.0,100.0,15285878
10.0,10.0,10.0,10.0,10.0,10.0,100.0,15286461
10.0,9.0,10.0,10.0,10.0,10.0,100.0,15294219
9.0,9.0,10.0,10.0,10.0,8.0,94.0,1530241
10.0,10.0,10.0,8.0,10.0,10.0,100.0,15307723
9.0,8.0,9.0,9.0,10.0,8.0,89.0,15309509
10.0,10.0,10.0,10.0,9.0,10.0,96.0,15312988
10.0,9.0,10.0,10.0,10.0,10.0,95.0,15314458
,,,,,,,15320378
9.0,10.0,10.0,10.0,10.0,9.0,100.0,15326391
10.0,10.0,10.0,10.0,10.0,9.0,98.0,15332652
10.0,10.0,10.0,10.0,10.0,10.0,100.0,1534038
10.0,10.0,10.0,10.0,9.0,10.0,98.0,15341505
10.0,9.0,10.0,10.0,10.0,9.0,91.0,15353532
9.0,8.0,10.0,10.0,10.0,9.0,83.0,15360364
9.0,9.0,10.0,10.0,10.0,9.0,91.0,15362525
,,,,,,,15366738
,,,,,,,15374146
10.0,9.0,10.0,10.0,9.0,9.0,94.0,1537570
9.0,9.0,10.0,10.0,10.0,9.0,90.0,15384713
8.0,7.0,8.0,9.0,9.0,8.0,69.0,15386249
10.0,9.0,9.0,10.0,10.0,9.0,91.0,15400061
8.0,8.0,9.0,9.0,9.0,9.0,78.0,15417267
10.0,9.0,10.0,10.0,10.0,10.0,100.0,15436372
,,,,,,,15439877
10.0,10.0,10.0,10.0,10.0,10.0,97.0,154437
10.0,10.0,10.0,10.0,10.0,10.0,100.0,15453288
10.0,10.0,10.0,10.0,10.0,8.0,90.0,15469178
10.0,10.0,10.0,10.0,10.0,9.0,96.0,15488401
,,,,,,,15489751
10.0,10.0,10.0,10.0,10.0,10.0,97.0,15498188
,,,,,,,15498805
10.0,10.0,10.0,10.0,10.0,9.0,100.0,1550449
10.0,10.0,10.0,10.0,10.0,10.0,98.0,15529123
10.0,10.0,10.0,10.0,9.0,9.0,94.0,15535000
,,,,,,,15541887
10.0,8.0,10.0,10.0,10.0,9.0,95.0,15542962
10.0,9.0,10.0,10.0,10.0,10.0,91.0,15550900
10.0,10.0,10.0,10.0,10.0,10.0,100.0,15551245
9.0,9.0,9.0,10.0,9.0,9.0,89.0,15567275
10.0,10.0,10.0,10.0,8.0,10.0,100.0,15581379
,,,,,,,15591661
10.0,9.0,10.0,10.0,10.0,9.0,92.0,15596462
10.0,10.0,10.0,10.0,9.0,10.0,98.0,15603491
8.0,8.0,10.0,10.0,10.0,10.0,,1560753
,,,,,,,15648819
10.0,10.0,10.0,10.0,10.0,9.0,92.0,15650737
10.0,10.0,10.0,10.0,9.0,9.0,90.0,15652009
10.0,9.0,9.0,9.0,9.0,9.0,94.0,15653247
6.0,6.0,6.0,6.0,7.0,7.0,70.0,15657910
10.0,9.0,10.0,10.0,10.0,10.0,80.0,15665837
,,,,,,,15697721
10.0,10.0,10.0,10.0,10.0,10.0,99.0,15702250
10.0,10.0,10.0,10.0,10.0,10.0,98.0,15702989
9.0,10.0,10.0,10.0,10.0,9.0,96.0,15711623
10.0,10.0,10.0,10.0,10.0,8.0,80.0,15719888
10.0,9.0,9.0,9.0,10.0,9.0,94.0,15721022
10.0,10.0,10.0,10.0,10.0,9.0,100.0,15721779
10.0,8.0,10.0,10.0,10.0,9.0,96.0,15723889
10.0,10.0,10.0,10.0,10.0,10.0,100.0,15731780
10.0,10.0,10.0,10.0,10.0,10.0,98.0,1574416
10.0,10.0,10.0,10.0,10.0,9.0,92.0,15744249
10.0,10.0,10.0,10.0,10.0,10.0,100.0,15745859
10.0,9.0,10.0,10.0,10.0,10.0,96.0,15745971
10.0,10.0,10.0,10.0,10.0,9.0,100.0,15747156
10.0,9.0,10.0,10.0,10.0,10.0,98.0,15748933
,,,,,,,15748956
,,,,,,,1575430
10.0,10.0,10.0,10.0,10.0,9.0,91.0,15762813
10.0,8.0,10.0,10.0,9.0,10.0,92.0,15771501
10.0,10.0,10.0,10.0,10.0,10.0,100.0,15782994
10.0,9.0,10.0,10.0,10.0,9.0,91.0,15787147
10.0,10.0,10.0,10.0,9.0,10.0,98.0,15797728
,,,,,,,15803265
10.0,10.0,10.0,10.0,10.0,10.0,99.0,15806964
10.0,10.0,10.0,10.0,9.0,10.0,96.0,15808180
9.0,9.0,9.0,9.0,10.0,8.0,85.0,15812792
10.0,9.0,10.0,10.0,10.0,10.0,98.0,15816930
10.0,10.0,10.0,10.0,10.0,10.0,100.0,15819242
10.0,10.0,10.0,10.0,10.0,10.0,90.0,15820774
10.0,9.0,10.0,10.0,10.0,10.0,96.0,15824730
10.0,10.0,10.0,10.0,9.0,10.0,97.0,15828858
9.0,8.0,9.0,9.0,10.0,9.0,87.0,15834431
9.0,9.0,9.0,9.0,9.0,8.0,87.0,1583670
10.0,10.0,10.0,10.0,10.0,10.0,98.0,1584102
10.0,10.0,10.0,10.0,10.0,10.0,100.0,15842669
10.0,9.0,10.0,10.0,10.0,9.0,94.0,1584281
10.0,10.0,10.0,10.0,10.0,10.0,100.0,15864211
9.0,7.0,8.0,8.0,8.0,8.0,80.0,1586454
10.0,10.0,10.0,10.0,9.0,10.0,100.0,15866121
9.0,9.0,10.0,10.0,10.0,9.0,90.0,15877524
10.0,9.0,10.0,9.0,9.0,8.0,93.0,1588234
10.0,10.0,10.0,10.0,10.0,10.0,98.0,15888785
10.0,10.0,10.0,10.0,10.0,10.0,99.0,15889399
10.0,10.0,10.0,10.0,9.0,10.0,95.0,15893952
10.0,10.0,10.0,10.0,10.0,10.0,96.0,1589452
9.0,9.0,10.0,10.0,9.0,9.0,91.0,15896529
10.0,10.0,10.0,10.0,10.0,10.0,99.0,15902696
9.0,8.0,9.0,9.0,10.0,9.0,84.0,15904149
10.0,10.0,10.0,10.0,10.0,10.0,98.0,15905296
,,,,,,,15908244
,,,,,,,15915924
10.0,9.0,10.0,10.0,10.0,10.0,96.0,15920870
9.0,9.0,10.0,10.0,10.0,9.0,91.0,15923846
10.0,10.0,9.0,10.0,10.0,9.0,95.0,15928663
10.0,10.0,10.0,10.0,9.0,9.0,96.0,1593570
10.0,9.0,10.0,10.0,10.0,9.0,94.0,15943568
,,,,,,,15949042
,,,,,,,15958590
10.0,10.0,10.0,10.0,10.0,10.0,96.0,15960997
10.0,10.0,10.0,10.0,10.0,6.0,100.0,15963882
9.0,10.0,10.0,10.0,10.0,9.0,96.0,15973865
9.0,10.0,10.0,10.0,10.0,9.0,100.0,15979078
9.0,9.0,9.0,9.0,9.0,9.0,86.0,15984115
10.0,9.0,10.0,10.0,10.0,9.0,94.0,15988739
10.0,10.0,10.0,10.0,10.0,10.0,100.0,15997148
10.0,10.0,10.0,10.0,10.0,10.0,97.0,16002924
10.0,10.0,10.0,10.0,10.0,10.0,97.0,16006173
,,,,,,,16007843
9.0,9.0,9.0,9.0,10.0,9.0,82.0,16010568
10.0,9.0,10.0,10.0,10.0,9.0,94.0,16020247
9.0,9.0,10.0,9.0,9.0,9.0,90.0,160223
10.0,10.0,10.0,10.0,10.0,9.0,98.0,16029413
10.0,10.0,10.0,10.0,10.0,10.0,94.0,16030448
10.0,10.0,10.0,10.0,10.0,10.0,100.0,16036940
10.0,10.0,10.0,10.0,10.0,10.0,99.0,1604488
9.0,9.0,9.0,9.0,10.0,9.0,89.0,16050172
10.0,10.0,10.0,10.0,10.0,10.0,100.0,16051841
10.0,10.0,10.0,10.0,10.0,10.0,100.0,16052138
10.0,10.0,10.0,10.0,10.0,10.0,100.0,16057052
10.0,10.0,10.0,10.0,9.0,10.0,100.0,16060640
10.0,10.0,9.0,10.0,10.0,9.0,89.0,16065418
10.0,10.0,9.0,10.0,10.0,10.0,100.0,16066381
9.0,10.0,10.0,10.0,10.0,9.0,91.0,16067483
10.0,10.0,10.0,10.0,10.0,10.0,97.0,16070079
10.0,10.0,10.0,10.0,10.0,10.0,100.0,16070826
9.0,9.0,10.0,10.0,10.0,9.0,95.0,16078811
10.0,9.0,10.0,10.0,9.0,10.0,95.0,16078823
,,,,,,,16081455
10.0,9.0,10.0,10.0,10.0,10.0,96.0,16083632
10.0,10.0,10.0,10.0,9.0,9.0,94.0,16087198
10.0,10.0,10.0,10.0,10.0,9.0,96.0,16100663
9.0,9.0,10.0,9.0,10.0,9.0,92.0,16107698
10.0,10.0,10.0,10.0,10.0,9.0,94.0,16112187
7.0,9.0,9.0,7.0,9.0,7.0,73.0,16126537
,,,,,,,16134003
,,,,,,,16134339
10.0,10.0,10.0,10.0,10.0,10.0,100.0,16134812
10.0,10.0,10.0,10.0,10.0,10.0,96.0,1613843
10.0,10.0,10.0,10.0,9.0,10.0,98.0,16146442
10.0,10.0,10.0,10.0,9.0,10.0,98.0,16146708
10.0,10.0,10.0,9.0,10.0,10.0,97.0,16147485
,,,,,,,16147619
10.0,10.0,10.0,9.0,9.0,9.0,91.0,16148141
10.0,10.0,10.0,10.0,10.0,10.0,100.0,16155960
10.0,10.0,10.0,10.0,10.0,10.0,100.0,16158314
10.0,9.0,10.0,10.0,10.0,10.0,98.0,16160263
10.0,9.0,10.0,10.0,10.0,9.0,95.0,16164264
9.0,9.0,10.0,10.0,10.0,10.0,95.0,16166535
10.0,10.0,10.0,10.0,10.0,10.0,95.0,16167487
10.0,10.0,10.0,10.0,10.0,10.0,100.0,16178963
10.0,10.0,9.0,10.0,9.0,9.0,93.0,16182647
9.0,9.0,9.0,9.0,10.0,9.0,90.0,16183477
8.0,10.0,10.0,10.0,8.0,8.0,100.0,16191353
9.0,9.0,10.0,10.0,10.0,9.0,89.0,16193945
,,,,,,,16194286
9.0,9.0,10.0,9.0,9.0,9.0,90.0,16195143
9.0,9.0,10.0,10.0,9.0,9.0,93.0,1619695
9.0,9.0,10.0,10.0,10.0,10.0,87.0,16201143
10.0,10.0,10.0,10.0,10.0,9.0,96.0,16206078
8.0,8.0,9.0,9.0,10.0,7.0,75.0,16210632
9.0,9.0,10.0,10.0,10.0,9.0,93.0,16214034
,,,,,,,16215566
10.0,7.0,8.0,10.0,9.0,9.0,90.0,16218966
10.0,10.0,10.0,10.0,9.0,10.0,98.0,16220849
10.0,10.0,10.0,10.0,10.0,10.0,98.0,16221015
,,,,,,,16228505
,,,,,,,16231922
10.0,10.0,10.0,10.0,10.0,10.0,100.0,16232987
9.0,8.0,9.0,9.0,9.0,9.0,92.0,16234640
9.0,10.0,10.0,10.0,10.0,9.0,100.0,16239737
8.0,8.0,9.0,9.0,7.0,9.0,80.0,16241397
10.0,9.0,10.0,10.0,10.0,9.0,99.0,16242685
8.0,9.0,9.0,9.0,10.0,9.0,86.0,1624635
10.0,9.0,10.0,10.0,10.0,10.0,97.0,16253247
,,,,,,,16258735
9.0,9.0,9.0,8.0,10.0,9.0,90.0,16261574
10.0,10.0,10.0,10.0,10.0,10.0,97.0,16262122
10.0,9.0,10.0,10.0,9.0,9.0,92.0,16270229
10.0,9.0,10.0,10.0,10.0,9.0,97.0,16271513
10.0,10.0,10.0,10.0,10.0,10.0,100.0,16272419
10.0,8.0,10.0,10.0,10.0,10.0,100.0,16280815
,,,,,,,16281923
10.0,10.0,10.0,10.0,10.0,10.0,97.0,16288457
,,,,,,,16289117
8.0,6.0,10.0,10.0,8.0,10.0,60.0,16289600
10.0,9.0,9.0,10.0,10.0,9.0,92.0,16300644
10.0,10.0,10.0,10.0,9.0,10.0,99.0,16301294
10.0,10.0,10.0,10.0,9.0,9.0,96.0,16301870
10.0,10.0,10.0,10.0,10.0,10.0,100.0,16308292
9.0,9.0,10.0,10.0,9.0,9.0,92.0,16309630
10.0,10.0,10.0,10.0,10.0,10.0,100.0,16311528
10.0,10.0,10.0,10.0,10.0,9.0,98.0,16316481
10.0,10.0,10.0,10.0,10.0,10.0,97.0,1633034
9.0,9.0,9.0,9.0,9.0,9.0,88.0,16335870
10.0,10.0,10.0,10.0,10.0,10.0,100.0,16336615
10.0,10.0,10.0,10.0,10.0,10.0,100.0,16341825
,,,,,,,16351123
10.0,10.0,10.0,10.0,10.0,10.0,98.0,1635672
10.0,10.0,10.0,10.0,9.0,10.0,97.0,1635900
10.0,10.0,10.0,10.0,9.0,10.0,95.0,16370766
10.0,10.0,10.0,10.0,10.0,10.0,100.0,1637159
10.0,9.0,10.0,10.0,10.0,9.0,80.0,16377988
,,,,,,,16379687
,,,,,,,16381049
9.0,9.0,9.0,10.0,8.0,9.0,90.0,16381905
9.0,9.0,10.0,10.0,10.0,9.0,96.0,16389574
9.0,9.0,9.0,9.0,10.0,9.0,91.0,16397486
10.0,10.0,10.0,10.0,10.0,10.0,100.0,16400283
9.0,9.0,10.0,10.0,9.0,10.0,93.0,16401542
,,,,,,,16402511
9.0,9.0,9.0,10.0,10.0,9.0,92.0,16408272
9.0,9.0,10.0,10.0,10.0,9.0,93.0,16410430
10.0,10.0,10.0,10.0,10.0,10.0,97.0,1642382
9.0,8.0,10.0,10.0,8.0,9.0,83.0,16436183
10.0,10.0,10.0,10.0,10.0,9.0,100.0,16460163
,,,,,,,16463107
9.0,9.0,10.0,9.0,9.0,9.0,93.0,1646432
10.0,10.0,10.0,10.0,10.0,10.0,100.0,16467953
9.0,10.0,10.0,9.0,10.0,9.0,89.0,16468473
9.0,10.0,10.0,10.0,10.0,10.0,100.0,16474790
9.0,9.0,10.0,10.0,9.0,9.0,95.0,16479542
10.0,10.0,10.0,10.0,10.0,10.0,100.0,16493868
9.0,8.0,9.0,9.0,10.0,10.0,89.0,16495969
10.0,10.0,10.0,10.0,10.0,10.0,97.0,16496029
,,,,,,,16498853
10.0,10.0,10.0,10.0,10.0,10.0,100.0,16499824
10.0,10.0,10.0,10.0,10.0,9.0,94.0,16503978
10.0,10.0,10.0,10.0,9.0,10.0,96.0,16507273
10.0,10.0,10.0,10.0,9.0,10.0,97.0,16517991
10.0,10.0,10.0,10.0,10.0,10.0,100.0,16518377
10.0,10.0,10.0,10.0,9.0,10.0,97.0,16532230
10.0,10.0,10.0,10.0,8.0,10.0,100.0,16532647
,,,,,,,16532887
10.0,9.0,10.0,10.0,10.0,10.0,90.0,16542923
10.0,10.0,10.0,10.0,10.0,10.0,100.0,16543118
10.0,10.0,10.0,10.0,10.0,9.0,96.0,16549021
10.0,9.0,9.0,10.0,10.0,9.0,93.0,16550219
9.0,9.0,10.0,10.0,10.0,9.0,89.0,16551368
10.0,10.0,10.0,10.0,10.0,10.0,100.0,16559061
10.0,10.0,10.0,10.0,10.0,10.0,96.0,1656017
10.0,10.0,10.0,10.0,10.0,8.0,100.0,16560886
,,,,,,,1656256
10.0,10.0,10.0,10.0,10.0,9.0,92.0,1656539
10.0,10.0,10.0,10.0,10.0,10.0,98.0,1656585
10.0,10.0,10.0,10.0,10.0,9.0,100.0,16595058
10.0,10.0,10.0,10.0,10.0,10.0,100.0,16602162
9.0,8.0,10.0,10.0,10.0,9.0,90.0,16609607
9.0,9.0,10.0,9.0,8.0,9.0,93.0,16610404
9.0,8.0,7.0,9.0,9.0,8.0,86.0,1661373
,,,,,,,16614389
,,,,,,,16622489
,,,,,,,16623614
10.0,9.0,10.0,10.0,10.0,10.0,97.0,16635022
10.0,10.0,10.0,10.0,10.0,,100.0,16636716
10.0,9.0,10.0,10.0,10.0,9.0,91.0,16651655
10.0,10.0,10.0,10.0,10.0,9.0,100.0,16653189
10.0,10.0,10.0,10.0,10.0,10.0,100.0,16654584
10.0,9.0,9.0,10.0,9.0,9.0,95.0,16661755
9.0,10.0,10.0,9.0,9.0,9.0,93.0,1668328
10.0,10.0,10.0,10.0,10.0,10.0,100.0,16686102
,,,,,,,16691106
10.0,10.0,10.0,10.0,10.0,10.0,100.0,16697833
10.0,10.0,10.0,10.0,9.0,10.0,100.0,16701536
9.0,10.0,9.0,9.0,9.0,9.0,92.0,16703046
9.0,9.0,10.0,10.0,10.0,9.0,92.0,16708536
10.0,10.0,10.0,10.0,10.0,10.0,100.0,16717755
,,,,,,,16718904
9.0,9.0,10.0,10.0,10.0,9.0,88.0,16719714
10.0,10.0,10.0,10.0,10.0,9.0,94.0,16733041
10.0,10.0,10.0,10.0,10.0,9.0,100.0,16744615
,,,,,,,1676155
10.0,10.0,10.0,10.0,10.0,10.0,100.0,16765282
,,,,,,,16767007
10.0,10.0,10.0,10.0,8.0,10.0,100.0,1676806
10.0,10.0,10.0,10.0,10.0,10.0,100.0,16768620
,,,,,,,16775246
9.0,8.0,7.0,8.0,10.0,8.0,84.0,1677735
9.0,10.0,10.0,10.0,10.0,9.0,96.0,16777456
8.0,7.0,10.0,10.0,10.0,8.0,74.0,16777953
,,,,,,,16796969
,,,,,,,16798522
10.0,10.0,10.0,10.0,9.0,9.0,94.0,16800329
9.0,6.0,9.0,9.0,8.0,8.0,90.0,16802882
10.0,10.0,10.0,10.0,10.0,10.0,100.0,16811226
6.0,10.0,10.0,10.0,8.0,6.0,80.0,16812225
10.0,9.0,10.0,10.0,10.0,9.0,96.0,16813942
10.0,10.0,10.0,10.0,10.0,10.0,99.0,16816601
10.0,10.0,10.0,10.0,10.0,10.0,98.0,16818131
9.0,9.0,9.0,9.0,9.0,9.0,91.0,16824222
10.0,10.0,10.0,10.0,10.0,10.0,100.0,16826529
10.0,10.0,10.0,10.0,10.0,10.0,95.0,16827551
10.0,10.0,10.0,10.0,10.0,10.0,90.0,16827716
10.0,9.0,10.0,10.0,10.0,9.0,95.0,16829718
,,,,,,,16833502
10.0,10.0,10.0,10.0,10.0,10.0,100.0,16837578
9.0,8.0,10.0,10.0,10.0,9.0,89.0,16845784
10.0,10.0,10.0,10.0,10.0,10.0,100.0,1685970
10.0,9.0,10.0,10.0,10.0,10.0,100.0,16869922
8.0,8.0,10.0,10.0,9.0,9.0,86.0,16874685
,,,,,,,16881588
10.0,9.0,10.0,10.0,10.0,10.0,100.0,16885508
10.0,9.0,10.0,10.0,9.0,9.0,91.0,1688924
10.0,10.0,9.0,10.0,10.0,9.0,96.0,16893365
10.0,9.0,10.0,10.0,10.0,9.0,93.0,16898275
10.0,9.0,10.0,10.0,10.0,10.0,100.0,16914825
10.0,8.0,10.0,10.0,10.0,9.0,90.0,16920079
,,,,,,,16923810
9.0,10.0,9.0,8.0,8.0,10.0,94.0,16928229
,,,,,,,16932496
4.0,6.0,10.0,10.0,6.0,4.0,60.0,16934315
8.0,8.0,10.0,10.0,9.0,10.0,87.0,16952227
8.0,8.0,10.0,10.0,6.0,8.0,80.0,16954444
10.0,9.0,10.0,9.0,9.0,9.0,95.0,16964637
10.0,10.0,10.0,10.0,9.0,9.0,97.0,16971327
10.0,10.0,10.0,10.0,9.0,9.0,96.0,16976284
10.0,10.0,10.0,10.0,10.0,10.0,100.0,16978814
9.0,9.0,10.0,9.0,10.0,9.0,91.0,16981802
9.0,9.0,8.0,10.0,10.0,8.0,89.0,16982781
7.0,4.0,10.0,8.0,10.0,8.0,60.0,16987463
,,,,,,,16988190
10.0,9.0,10.0,10.0,10.0,10.0,96.0,17001994
10.0,10.0,10.0,10.0,9.0,10.0,98.0,17013623
10.0,10.0,10.0,10.0,10.0,10.0,98.0,170150
10.0,10.0,10.0,10.0,10.0,10.0,100.0,17027324
10.0,10.0,10.0,10.0,9.0,10.0,100.0,17027421
10.0,10.0,10.0,10.0,10.0,10.0,99.0,17028088
10.0,10.0,10.0,10.0,9.0,10.0,96.0,17045341
10.0,10.0,10.0,10.0,10.0,10.0,97.0,1704560
10.0,9.0,10.0,10.0,10.0,10.0,94.0,17048768
10.0,10.0,10.0,10.0,10.0,9.0,94.0,17083946
10.0,10.0,10.0,10.0,10.0,10.0,99.0,17093333
10.0,10.0,10.0,10.0,10.0,10.0,100.0,17103047
,,,,,,,17113453
10.0,9.0,10.0,10.0,9.0,10.0,93.0,17113625
8.0,7.0,8.0,8.0,9.0,8.0,80.0,17116430
10.0,8.0,10.0,10.0,10.0,8.0,100.0,17123939
10.0,9.0,10.0,10.0,10.0,10.0,98.0,17124591
10.0,9.0,10.0,10.0,9.0,10.0,93.0,17124786
9.0,9.0,9.0,9.0,10.0,9.0,93.0,1712895
10.0,10.0,10.0,10.0,10.0,10.0,96.0,17132840
9.0,9.0,10.0,9.0,9.0,9.0,89.0,17136808
10.0,9.0,10.0,10.0,10.0,9.0,90.0,17140064
10.0,10.0,10.0,10.0,10.0,9.0,98.0,1714235
9.0,9.0,10.0,10.0,10.0,9.0,88.0,17142596
10.0,8.0,10.0,10.0,10.0,10.0,91.0,17147561
8.0,8.0,10.0,9.0,8.0,9.0,80.0,17149906
10.0,9.0,10.0,10.0,10.0,9.0,90.0,17155854
9.0,9.0,9.0,10.0,9.0,9.0,88.0,17157863
9.0,9.0,10.0,9.0,10.0,9.0,90.0,17161494
10.0,9.0,10.0,10.0,10.0,9.0,96.0,17164830
,,,,,,,17165509
,,,,,,,17171298
9.0,9.0,9.0,9.0,9.0,9.0,88.0,17173473
10.0,10.0,10.0,10.0,10.0,10.0,98.0,17177726
10.0,9.0,10.0,10.0,9.0,10.0,92.0,1718606
,,,,,,,17187219
10.0,9.0,10.0,10.0,10.0,10.0,96.0,17190384
10.0,9.0,10.0,10.0,10.0,10.0,97.0,17191406
,,,,,,,17198000
10.0,10.0,10.0,10.0,9.0,10.0,99.0,1719942
,,,,,,,17205085
10.0,10.0,10.0,10.0,10.0,9.0,94.0,1720909
,,,,,,,17211545
10.0,10.0,10.0,10.0,10.0,10.0,99.0,17223695
10.0,10.0,10.0,10.0,10.0,10.0,100.0,17230426
,,,,,,,17251176
10.0,10.0,10.0,10.0,10.0,10.0,99.0,17252454
10.0,10.0,10.0,10.0,10.0,10.0,100.0,17254547
10.0,9.0,10.0,10.0,10.0,9.0,93.0,1726242
10.0,10.0,10.0,10.0,10.0,9.0,96.0,17262709
10.0,10.0,10.0,10.0,9.0,10.0,98.0,17263207
10.0,10.0,10.0,10.0,10.0,10.0,95.0,17263550
10.0,9.0,10.0,10.0,9.0,10.0,100.0,17272987
,,,,,,,17278827
9.0,9.0,10.0,10.0,10.0,9.0,90.0,17283071
10.0,10.0,10.0,10.0,8.0,9.0,96.0,17292188
9.0,10.0,10.0,9.0,9.0,9.0,85.0,17296538
9.0,9.0,9.0,9.0,10.0,9.0,90.0,17298388
9.0,8.0,10.0,10.0,10.0,9.0,84.0,17301277
10.0,10.0,9.0,10.0,10.0,10.0,100.0,17302836
10.0,9.0,10.0,10.0,9.0,10.0,96.0,17305490
,,,,,,,17310577
10.0,10.0,10.0,10.0,9.0,10.0,97.0,17311213
9.0,10.0,10.0,10.0,8.0,9.0,93.0,1731242
10.0,9.0,10.0,10.0,10.0,9.0,96.0,1731365
9.0,9.0,10.0,9.0,9.0,8.0,85.0,17319360
10.0,10.0,10.0,10.0,10.0,10.0,99.0,17319927
10.0,10.0,10.0,10.0,10.0,10.0,98.0,17326116
10.0,10.0,10.0,10.0,9.0,10.0,96.0,17329309
10.0,8.0,10.0,10.0,8.0,8.0,90.0,17342261
10.0,10.0,10.0,10.0,10.0,10.0,96.0,17344027
,,,,,,,17349393
,,,,,,,17357333
10.0,10.0,10.0,10.0,10.0,10.0,100.0,17359216
10.0,10.0,10.0,10.0,9.0,10.0,98.0,17367289
,,,,,,,17370308
10.0,10.0,10.0,10.0,10.0,10.0,94.0,17397441
9.0,9.0,9.0,9.0,9.0,9.0,93.0,17398623
9.0,10.0,10.0,10.0,9.0,8.0,87.0,17414683
,,,,,,,17416505
10.0,10.0,10.0,10.0,10.0,10.0,100.0,17428961
9.0,9.0,10.0,9.0,9.0,10.0,95.0,17435095
10.0,10.0,10.0,10.0,9.0,10.0,100.0,17438054
10.0,10.0,10.0,10.0,9.0,10.0,96.0,17446640
9.0,9.0,10.0,10.0,9.0,9.0,93.0,17453748
10.0,8.0,10.0,10.0,9.0,9.0,93.0,17463241
10.0,9.0,10.0,10.0,10.0,10.0,98.0,17464256
10.0,10.0,10.0,10.0,10.0,10.0,99.0,17464608
10.0,9.0,10.0,10.0,10.0,9.0,94.0,17466973
10.0,10.0,10.0,10.0,10.0,9.0,96.0,1746726
10.0,8.0,10.0,10.0,9.0,10.0,100.0,17468736
9.0,9.0,9.0,9.0,9.0,9.0,88.0,17471127
9.0,9.0,8.0,9.0,10.0,8.0,80.0,17471139
,,,,,,,17473607
9.0,9.0,10.0,10.0,9.0,9.0,93.0,17493061
10.0,10.0,10.0,10.0,10.0,10.0,99.0,17494671
9.0,9.0,10.0,9.0,10.0,9.0,89.0,17496002
10.0,10.0,10.0,10.0,10.0,10.0,100.0,17522700
,,,,,,,17528752
9.0,10.0,10.0,10.0,10.0,9.0,91.0,17531493
9.0,9.0,10.0,10.0,10.0,9.0,95.0,17537192
,,,,,,,17546959
10.0,10.0,9.0,10.0,9.0,10.0,95.0,1755790
10.0,10.0,10.0,10.0,10.0,9.0,100.0,17573151
10.0,9.0,10.0,10.0,10.0,9.0,90.0,17573977
10.0,10.0,10.0,10.0,10.0,10.0,97.0,17575897
,,,,,,,17581311
10.0,10.0,9.0,10.0,10.0,9.0,97.0,17584746
10.0,10.0,10.0,10.0,10.0,10.0,100.0,17584991
10.0,10.0,10.0,10.0,9.0,10.0,96.0,17606304
10.0,9.0,10.0,10.0,10.0,10.0,93.0,1760846
10.0,10.0,10.0,10.0,10.0,10.0,100.0,17613188
10.0,9.0,10.0,7.0,9.0,8.0,90.0,17615527
10.0,10.0,10.0,10.0,10.0,10.0,100.0,17618903
10.0,9.0,10.0,10.0,9.0,10.0,100.0,17624702
10.0,8.0,10.0,8.0,8.0,10.0,80.0,17625824
10.0,10.0,10.0,10.0,9.0,10.0,97.0,17628344
10.0,10.0,10.0,10.0,10.0,10.0,99.0,17639835
9.0,8.0,9.0,9.0,8.0,9.0,85.0,17651165
8.0,8.0,9.0,9.0,9.0,9.0,84.0,17663877
10.0,10.0,10.0,10.0,9.0,10.0,96.0,17665996
10.0,9.0,10.0,10.0,10.0,10.0,100.0,17670314
9.0,9.0,10.0,10.0,10.0,9.0,92.0,17672629
10.0,10.0,10.0,10.0,9.0,10.0,97.0,17681470
,,,,,,,17687359
,,,,,,,17690322
10.0,10.0,10.0,10.0,10.0,10.0,100.0,17693637
,,,,,,,17705652
10.0,9.0,10.0,10.0,10.0,9.0,94.0,17717247
,,,,,,,17720418
9.0,9.0,9.0,9.0,10.0,8.0,85.0,17726001
,,,,,,,17726037
10.0,9.0,10.0,10.0,9.0,10.0,94.0,17734215
10.0,10.0,10.0,10.0,10.0,10.0,98.0,17734475
10.0,9.0,10.0,10.0,10.0,9.0,96.0,17736576
6.0,4.0,10.0,6.0,8.0,6.0,60.0,17740159
10.0,9.0,9.0,10.0,10.0,9.0,92.0,17742384
8.0,7.0,9.0,8.0,10.0,8.0,90.0,17749155
10.0,10.0,8.0,10.0,10.0,10.0,100.0,17751546
8.0,8.0,10.0,9.0,9.0,9.0,72.0,17756520
10.0,9.0,10.0,10.0,10.0,10.0,96.0,17757543
9.0,8.0,9.0,9.0,9.0,8.0,81.0,17757695
10.0,10.0,10.0,10.0,9.0,10.0,93.0,17774890
,,,,,,,17792255
10.0,10.0,10.0,10.0,10.0,10.0,100.0,17795782
10.0,10.0,10.0,10.0,10.0,9.0,96.0,17797004
10.0,9.0,10.0,9.0,9.0,10.0,93.0,17809459
9.0,10.0,10.0,10.0,10.0,10.0,100.0,17822462
10.0,9.0,10.0,10.0,10.0,9.0,95.0,17827642
9.0,10.0,10.0,10.0,9.0,9.0,88.0,17829178
10.0,10.0,10.0,10.0,10.0,10.0,99.0,17832869
10.0,10.0,10.0,10.0,10.0,10.0,99.0,17861859
10.0,10.0,10.0,10.0,10.0,10.0,100.0,17864201
10.0,10.0,10.0,10.0,10.0,9.0,75.0,17865057
,,,,,,,17876882
10.0,10.0,10.0,10.0,10.0,10.0,100.0,17881220
10.0,10.0,10.0,10.0,9.0,10.0,99.0,17892346
10.0,10.0,10.0,10.0,10.0,10.0,100.0,17897640
10.0,10.0,10.0,10.0,10.0,10.0,96.0,1789833
10.0,10.0,10.0,10.0,10.0,10.0,100.0,17913605
9.0,10.0,10.0,10.0,9.0,9.0,86.0,17915093
9.0,9.0,9.0,9.0,9.0,8.0,89.0,17915459
10.0,10.0,9.0,9.0,10.0,9.0,92.0,17922322
9.0,9.0,9.0,9.0,9.0,9.0,88.0,179428
10.0,9.0,10.0,10.0,9.0,9.0,95.0,17944310
,,,,,,,1794850
10.0,10.0,10.0,10.0,10.0,10.0,96.0,17951038
10.0,10.0,10.0,10.0,10.0,10.0,100.0,17960308
10.0,10.0,10.0,10.0,10.0,10.0,100.0,17967409
10.0,10.0,10.0,10.0,10.0,9.0,97.0,1796816
,,,,,,,17971704
10.0,10.0,10.0,10.0,10.0,10.0,98.0,1797689
8.0,8.0,9.0,9.0,10.0,8.0,78.0,1799637
10.0,10.0,10.0,10.0,10.0,10.0,95.0,17996862
10.0,10.0,10.0,10.0,10.0,10.0,97.0,17997283
9.0,9.0,9.0,9.0,10.0,9.0,92.0,18004323
,,,,,,,18005858
10.0,10.0,10.0,10.0,10.0,10.0,96.0,18016331
,,,,,,,18031341
8.0,9.0,8.0,8.0,10.0,9.0,80.0,18040680
10.0,10.0,10.0,10.0,10.0,10.0,99.0,18042541
10.0,10.0,10.0,10.0,9.0,10.0,97.0,18047246
9.0,9.0,9.0,9.0,9.0,9.0,89.0,1805685
9.0,9.0,10.0,10.0,9.0,9.0,97.0,180653
10.0,9.0,10.0,10.0,10.0,9.0,94.0,18069657
10.0,9.0,10.0,10.0,9.0,10.0,95.0,18077770
9.0,9.0,10.0,10.0,10.0,9.0,92.0,18082902
10.0,10.0,10.0,10.0,10.0,10.0,99.0,18083735
9.0,8.0,9.0,9.0,10.0,9.0,85.0,18091109
10.0,10.0,10.0,9.0,10.0,9.0,90.0,18096846
10.0,10.0,10.0,10.0,10.0,10.0,95.0,18103340
9.0,9.0,9.0,8.0,9.0,9.0,89.0,18107774
9.0,9.0,10.0,10.0,10.0,9.0,90.0,18112116
9.0,9.0,10.0,10.0,10.0,10.0,96.0,18119842
9.0,8.0,10.0,10.0,9.0,10.0,85.0,18120094
9.0,8.0,10.0,10.0,10.0,9.0,91.0,18121163
10.0,10.0,10.0,10.0,9.0,10.0,99.0,18122102
10.0,10.0,10.0,10.0,10.0,10.0,99.0,18130053
9.0,10.0,9.0,9.0,9.0,9.0,89.0,18134389
10.0,10.0,10.0,9.0,10.0,8.0,90.0,18134491
10.0,10.0,10.0,10.0,9.0,10.0,98.0,18137446
8.0,8.0,8.0,9.0,10.0,8.0,79.0,18139590
10.0,10.0,10.0,10.0,9.0,10.0,100.0,18139662
10.0,10.0,10.0,10.0,10.0,10.0,100.0,18149310
9.0,10.0,10.0,10.0,10.0,10.0,100.0,18149668
9.0,9.0,10.0,10.0,10.0,10.0,96.0,18157368
10.0,10.0,10.0,9.0,8.0,9.0,90.0,18160399
10.0,10.0,10.0,10.0,10.0,10.0,99.0,18173787
10.0,10.0,10.0,10.0,10.0,10.0,98.0,18173803
10.0,10.0,10.0,10.0,8.0,8.0,100.0,18174806
,,,,,,,18194415
4.0,8.0,10.0,10.0,10.0,2.0,60.0,18196799
,,,,,,,18204751
10.0,9.0,10.0,10.0,10.0,10.0,99.0,18208738
9.0,9.0,9.0,9.0,9.0,9.0,90.0,18210384
10.0,10.0,10.0,10.0,10.0,10.0,97.0,182139
10.0,10.0,10.0,10.0,10.0,9.0,95.0,18215500
9.0,9.0,9.0,9.0,10.0,9.0,85.0,18215903
9.0,8.0,9.0,10.0,10.0,9.0,92.0,18215925
9.0,9.0,10.0,10.0,10.0,9.0,93.0,1821758
10.0,9.0,10.0,10.0,10.0,10.0,94.0,18219254
10.0,10.0,10.0,10.0,10.0,10.0,98.0,18220498
10.0,10.0,10.0,10.0,8.0,10.0,100.0,18233584
,,,,,,,18236691
10.0,10.0,10.0,10.0,10.0,10.0,100.0,18237857
10.0,10.0,10.0,10.0,9.0,10.0,95.0,18240963
10.0,10.0,10.0,10.0,10.0,10.0,98.0,18250284
10.0,10.0,10.0,10.0,9.0,9.0,100.0,18252479
10.0,10.0,10.0,10.0,10.0,9.0,97.0,18253139
10.0,10.0,10.0,10.0,10.0,9.0,95.0,18253668
10.0,10.0,10.0,10.0,10.0,10.0,100.0,18255921
9.0,9.0,10.0,10.0,9.0,9.0,95.0,18257984
10.0,10.0,10.0,10.0,10.0,10.0,98.0,1826858
10.0,9.0,10.0,10.0,10.0,10.0,96.0,18272882
,,,,,,,18277596
10.0,10.0,9.0,9.0,10.0,10.0,97.0,18284370
,,,,,,,1828808
10.0,10.0,10.0,9.0,9.0,9.0,94.0,18293288
10.0,9.0,10.0,9.0,10.0,9.0,93.0,18294310
9.0,8.0,9.0,10.0,9.0,9.0,92.0,18294732
7.0,9.0,8.0,8.0,9.0,7.0,78.0,18295520
,,,,,,,18309220
8.0,6.0,6.0,6.0,10.0,8.0,80.0,18312333
9.0,8.0,9.0,9.0,10.0,8.0,82.0,18315277
10.0,10.0,10.0,10.0,9.0,10.0,100.0,18316061
9.0,9.0,9.0,9.0,10.0,9.0,89.0,18330450
9.0,9.0,9.0,9.0,10.0,9.0,86.0,18333334
10.0,10.0,10.0,10.0,10.0,10.0,98.0,18338274
10.0,9.0,10.0,10.0,10.0,10.0,100.0,18341576
10.0,10.0,10.0,10.0,10.0,10.0,99.0,18345625
10.0,10.0,10.0,10.0,10.0,10.0,98.0,18353952
10.0,9.0,10.0,10.0,10.0,9.0,98.0,18358621
10.0,8.0,10.0,6.0,10.0,8.0,100.0,18360303
,,,,,,,18366332
10.0,10.0,10.0,10.0,9.0,10.0,98.0,1836793
10.0,10.0,10.0,10.0,9.0,10.0,98.0,18369887
9.0,10.0,9.0,10.0,8.0,9.0,90.0,18375815
10.0,9.0,10.0,10.0,9.0,9.0,95.0,18377036
10.0,10.0,10.0,10.0,10.0,10.0,100.0,18386381
10.0,9.0,10.0,10.0,10.0,10.0,93.0,18387366
10.0,9.0,10.0,10.0,9.0,10.0,96.0,18407251
9.0,9.0,10.0,10.0,10.0,9.0,90.0,18415512
10.0,10.0,10.0,10.0,8.0,10.0,95.0,18421662
,,,,,,,18426634
10.0,10.0,10.0,10.0,9.0,10.0,95.0,18437734
8.0,9.0,9.0,9.0,10.0,8.0,85.0,18439011
10.0,10.0,10.0,10.0,10.0,10.0,96.0,1844208
10.0,10.0,10.0,10.0,9.0,9.0,100.0,1844578
10.0,9.0,10.0,10.0,8.0,10.0,93.0,18446380
10.0,8.0,10.0,10.0,10.0,8.0,90.0,18446434
10.0,9.0,10.0,10.0,10.0,10.0,96.0,18452244
10.0,10.0,10.0,10.0,10.0,10.0,98.0,18465195
,,,,,,,18467111
10.0,10.0,10.0,10.0,10.0,10.0,100.0,18472801
10.0,10.0,10.0,10.0,9.0,10.0,96.0,18485581
9.0,9.0,7.0,9.0,10.0,9.0,80.0,18487499
,,,,,,,18512156
8.0,7.0,9.0,9.0,9.0,8.0,72.0,18520551
9.0,8.0,10.0,10.0,9.0,10.0,93.0,18527139
10.0,10.0,10.0,10.0,10.0,10.0,100.0,1852730
,,,,,,,18543540
10.0,9.0,9.0,10.0,10.0,9.0,87.0,18569613
10.0,9.0,10.0,10.0,9.0,10.0,100.0,18571579
10.0,10.0,10.0,10.0,10.0,10.0,97.0,18574397
10.0,9.0,10.0,10.0,10.0,9.0,100.0,1858521
10.0,10.0,10.0,10.0,9.0,10.0,98.0,18585742
10.0,10.0,10.0,10.0,10.0,10.0,96.0,18586018
10.0,10.0,10.0,10.0,10.0,10.0,100.0,18594608
9.0,10.0,10.0,10.0,10.0,10.0,96.0,18599539
10.0,9.0,10.0,10.0,10.0,9.0,94.0,18607563
10.0,10.0,10.0,10.0,9.0,9.0,94.0,18611535
9.0,9.0,10.0,10.0,9.0,9.0,93.0,18614712
10.0,10.0,10.0,10.0,10.0,9.0,98.0,18616850
,,,,,,,18617060
10.0,10.0,10.0,10.0,10.0,10.0,96.0,18620288
10.0,10.0,10.0,10.0,9.0,10.0,95.0,186655
10.0,10.0,10.0,10.0,10.0,10.0,98.0,18675215
10.0,10.0,10.0,9.0,10.0,9.0,94.0,18682987
10.0,10.0,10.0,10.0,10.0,10.0,100.0,18694750
,,,,,,,18700419
10.0,9.0,10.0,10.0,10.0,10.0,93.0,18704012
10.0,10.0,9.0,10.0,10.0,10.0,96.0,18707992
,,,,,,,18711459
10.0,9.0,9.0,9.0,9.0,9.0,89.0,18712467
10.0,10.0,10.0,10.0,10.0,9.0,98.0,18721645
9.0,9.0,9.0,9.0,9.0,9.0,86.0,18730346
10.0,9.0,10.0,10.0,10.0,10.0,97.0,18734995
8.0,8.0,8.0,7.0,9.0,8.0,80.0,18748105
10.0,10.0,10.0,10.0,9.0,9.0,93.0,18769857
10.0,10.0,8.0,10.0,10.0,10.0,100.0,18772566
10.0,10.0,10.0,10.0,10.0,10.0,99.0,18776184
10.0,9.0,9.0,10.0,10.0,10.0,93.0,18780832
10.0,10.0,10.0,10.0,9.0,9.0,94.0,18793287
9.0,10.0,10.0,10.0,10.0,9.0,93.0,18809312
9.0,9.0,10.0,10.0,9.0,10.0,91.0,1882020
,,,,,,,18824084
10.0,10.0,10.0,10.0,8.0,9.0,97.0,18841207
9.0,9.0,10.0,9.0,10.0,10.0,95.0,18841656
10.0,8.0,9.0,10.0,9.0,9.0,91.0,18848869
10.0,10.0,10.0,10.0,10.0,10.0,97.0,18849075
10.0,9.0,10.0,10.0,10.0,10.0,98.0,18859786
10.0,10.0,10.0,10.0,8.0,10.0,95.0,1886978
,,,,,,,18877786
,,,,,,,18887229
10.0,10.0,10.0,10.0,10.0,10.0,100.0,18891380
6.0,6.0,6.0,8.0,9.0,6.0,60.0,18905958
10.0,10.0,10.0,10.0,9.0,10.0,97.0,18908638
9.0,9.0,9.0,9.0,8.0,9.0,88.0,18909301
10.0,10.0,10.0,10.0,10.0,10.0,97.0,18914730
10.0,10.0,10.0,10.0,9.0,10.0,100.0,18916525
8.0,8.0,9.0,10.0,10.0,7.0,80.0,18917022
10.0,10.0,10.0,10.0,10.0,10.0,100.0,18917356
10.0,10.0,10.0,10.0,10.0,10.0,97.0,18917540
10.0,9.0,10.0,10.0,10.0,9.0,97.0,18918530
,,,,,,,18925556
10.0,8.0,10.0,10.0,10.0,10.0,100.0,18935312
10.0,10.0,10.0,10.0,10.0,10.0,100.0,18944834
10.0,8.0,10.0,10.0,10.0,10.0,100.0,18954080
9.0,10.0,10.0,10.0,10.0,10.0,99.0,1897001
9.0,8.0,9.0,9.0,8.0,9.0,93.0,18994805
9.0,8.0,9.0,9.0,9.0,9.0,85.0,18999236
9.0,9.0,10.0,9.0,9.0,9.0,93.0,19005784
10.0,9.0,10.0,10.0,10.0,10.0,95.0,19014550
10.0,10.0,10.0,10.0,10.0,10.0,100.0,19018752
10.0,10.0,10.0,10.0,10.0,10.0,100.0,19028601
10.0,10.0,10.0,10.0,10.0,10.0,99.0,19029043
10.0,10.0,10.0,10.0,9.0,10.0,96.0,19030149
10.0,10.0,10.0,10.0,10.0,10.0,97.0,19030572
10.0,8.0,10.0,10.0,9.0,9.0,91.0,19036802
9.0,10.0,9.0,10.0,9.0,9.0,96.0,19037045
10.0,9.0,10.0,10.0,10.0,10.0,98.0,19038282
10.0,10.0,10.0,10.0,10.0,9.0,98.0,19044796
10.0,10.0,9.0,10.0,10.0,9.0,95.0,19049757
10.0,10.0,10.0,10.0,10.0,9.0,96.0,19050582
10.0,10.0,10.0,10.0,10.0,10.0,99.0,19056339
,,,,,,,19057068
,,,,,,,19060682
10.0,10.0,10.0,10.0,10.0,10.0,97.0,19061599
10.0,10.0,10.0,10.0,9.0,10.0,97.0,19063118
10.0,9.0,10.0,10.0,10.0,9.0,92.0,19068240
10.0,10.0,10.0,10.0,10.0,10.0,97.0,19070513
10.0,7.0,9.0,10.0,9.0,8.0,85.0,1907162
10.0,10.0,10.0,10.0,9.0,10.0,97.0,19080306
10.0,9.0,10.0,10.0,10.0,9.0,94.0,19083972
10.0,10.0,10.0,10.0,10.0,10.0,100.0,19086528
,,,,,,,19094047
9.0,9.0,9.0,9.0,9.0,9.0,83.0,19095535
10.0,2.0,10.0,10.0,10.0,8.0,60.0,19098733
9.0,10.0,10.0,10.0,10.0,10.0,94.0,19100444
9.0,9.0,10.0,10.0,10.0,9.0,92.0,19101306
10.0,10.0,10.0,10.0,10.0,10.0,94.0,1910291
10.0,10.0,10.0,10.0,10.0,10.0,100.0,19104230
10.0,9.0,10.0,10.0,10.0,10.0,90.0,19105533
10.0,9.0,10.0,10.0,10.0,9.0,95.0,191079
9.0,8.0,8.0,8.0,10.0,9.0,85.0,19113128
8.0,10.0,7.0,10.0,10.0,5.0,90.0,19117590
8.0,8.0,9.0,9.0,10.0,8.0,81.0,1912695
10.0,10.0,10.0,10.0,10.0,10.0,100.0,19134150
7.0,7.0,8.0,8.0,9.0,8.0,82.0,19137059
,,,,,,,19141928
10.0,10.0,10.0,10.0,10.0,10.0,100.0,19142002
,,,,,,,19142081
9.0,10.0,9.0,9.0,9.0,9.0,92.0,19149590
10.0,10.0,10.0,10.0,9.0,10.0,97.0,1915001
,,,,,,,19156662
9.0,9.0,9.0,10.0,9.0,9.0,90.0,19158211
10.0,10.0,10.0,10.0,10.0,10.0,98.0,19160496
8.0,8.0,4.0,6.0,8.0,8.0,80.0,19165058
,,,,,,,19167153
10.0,10.0,10.0,10.0,10.0,9.0,94.0,19170546
8.0,9.0,9.0,8.0,10.0,9.0,90.0,19172215
,,,,,,,19173256
10.0,10.0,10.0,10.0,10.0,8.0,89.0,19177584
10.0,10.0,10.0,10.0,10.0,10.0,99.0,19178913
9.0,8.0,10.0,10.0,9.0,9.0,89.0,19197922
9.0,9.0,9.0,9.0,10.0,9.0,85.0,19199353
10.0,10.0,10.0,10.0,10.0,10.0,99.0,1920293
9.0,9.0,9.0,9.0,10.0,9.0,89.0,19213844
9.0,8.0,9.0,9.0,8.0,9.0,77.0,19217460
10.0,10.0,10.0,10.0,10.0,10.0,96.0,19220115
10.0,10.0,10.0,10.0,10.0,10.0,99.0,19220298
8.0,9.0,9.0,9.0,9.0,9.0,80.0,19221893
,,,,,,,19235160
9.0,9.0,10.0,10.0,9.0,10.0,93.0,19238057
10.0,9.0,10.0,10.0,10.0,10.0,100.0,19241544
9.0,10.0,10.0,9.0,9.0,10.0,87.0,19244141
10.0,10.0,10.0,10.0,9.0,9.0,94.0,19246639
,,,,,,,19249207
10.0,10.0,10.0,10.0,10.0,10.0,98.0,1925045
10.0,10.0,9.0,9.0,10.0,9.0,95.0,19253090
9.0,9.0,10.0,10.0,9.0,9.0,83.0,19254909
6.0,2.0,6.0,6.0,10.0,6.0,20.0,1925519
,,,,,,,19259702
9.0,10.0,10.0,10.0,10.0,9.0,92.0,19265750
9.0,10.0,9.0,9.0,9.0,9.0,89.0,19270950
10.0,10.0,10.0,10.0,10.0,10.0,96.0,19271040
10.0,9.0,10.0,10.0,10.0,10.0,86.0,19273862
,,,,,,,19280475
,,,,,,,19296654
10.0,10.0,10.0,10.0,10.0,10.0,100.0,19304849
10.0,10.0,10.0,10.0,10.0,10.0,100.0,19309013
10.0,10.0,10.0,10.0,9.0,10.0,97.0,19310295
10.0,10.0,10.0,10.0,10.0,9.0,96.0,193105
,,,,,,,1931341
10.0,10.0,10.0,10.0,9.0,10.0,96.0,19313670
10.0,10.0,10.0,10.0,9.0,10.0,98.0,19319
,,,,,,,19320618
9.0,9.0,9.0,10.0,9.0,8.0,93.0,19323111
,,,,,,,19326382
9.0,8.0,9.0,10.0,10.0,8.0,85.0,1932651
10.0,10.0,10.0,10.0,10.0,10.0,97.0,19337464
10.0,10.0,10.0,10.0,10.0,10.0,96.0,19340381
10.0,10.0,10.0,10.0,10.0,10.0,100.0,19348489
,,,,,,,19359010
10.0,10.0,10.0,10.0,10.0,10.0,98.0,19366111
10.0,10.0,10.0,10.0,10.0,10.0,99.0,1936633
,,,,,,,19373991
10.0,9.0,10.0,10.0,10.0,9.0,94.0,19376053
9.0,10.0,10.0,10.0,10.0,9.0,95.0,19380085
10.0,10.0,10.0,10.0,9.0,10.0,100.0,19396377
10.0,10.0,10.0,10.0,10.0,10.0,98.0,1940174
8.0,8.0,9.0,9.0,9.0,9.0,81.0,19405074
10.0,10.0,10.0,10.0,10.0,10.0,98.0,19416383
9.0,9.0,9.0,9.0,9.0,9.0,91.0,19426217
10.0,10.0,10.0,10.0,10.0,10.0,100.0,19428531
,,,,,,,19430825
6.0,2.0,6.0,6.0,8.0,5.0,50.0,19441009
10.0,10.0,10.0,9.0,10.0,10.0,100.0,19442650
10.0,10.0,10.0,10.0,10.0,10.0,97.0,1944996
,,,,,,,19453414
10.0,10.0,10.0,10.0,9.0,10.0,98.0,19468798
10.0,10.0,10.0,10.0,10.0,10.0,100.0,19469971
9.0,8.0,10.0,9.0,9.0,9.0,86.0,19486889
,,,,,,,19494546
10.0,10.0,9.0,10.0,9.0,9.0,94.0,19496193
10.0,10.0,9.0,9.0,10.0,9.0,91.0,19499950
10.0,10.0,10.0,10.0,10.0,10.0,100.0,19499999
10.0,10.0,10.0,10.0,10.0,10.0,100.0,19501264
10.0,10.0,10.0,10.0,10.0,9.0,100.0,1950395
,,,,,,,19508342
10.0,10.0,10.0,10.0,10.0,10.0,100.0,19508741
10.0,10.0,10.0,10.0,10.0,9.0,93.0,19526091
9.0,9.0,10.0,10.0,9.0,9.0,92.0,19530460
,,,,,,,19530827
,,,,,,,19536219
9.0,9.0,9.0,9.0,9.0,9.0,84.0,19536693
10.0,10.0,10.0,10.0,10.0,10.0,98.0,19547449
10.0,10.0,10.0,10.0,9.0,9.0,95.0,19550563
9.0,9.0,10.0,10.0,9.0,10.0,89.0,19550665
10.0,10.0,10.0,10.0,10.0,10.0,97.0,19555586
,,,,,,,19557455
10.0,10.0,7.0,10.0,10.0,10.0,73.0,19559079
10.0,10.0,10.0,10.0,10.0,9.0,98.0,19559597
10.0,10.0,10.0,10.0,10.0,10.0,99.0,19568889
10.0,10.0,10.0,10.0,10.0,10.0,99.0,19572281
9.0,8.0,10.0,10.0,10.0,9.0,89.0,19574869
10.0,10.0,10.0,10.0,10.0,10.0,98.0,19576456
9.0,9.0,10.0,9.0,9.0,10.0,90.0,19585700
10.0,10.0,10.0,10.0,10.0,10.0,100.0,19585860
10.0,10.0,10.0,10.0,9.0,10.0,96.0,19587001
9.0,10.0,9.0,10.0,8.0,10.0,95.0,19587471
10.0,9.0,10.0,10.0,9.0,10.0,92.0,19592028
,,,,,,,19592057
9.0,9.0,9.0,9.0,8.0,9.0,87.0,19592720
9.0,9.0,10.0,10.0,10.0,10.0,91.0,19599721
,,,,,,,1960400
,,,,,,,19610618
,,,,,,,19616417
10.0,9.0,9.0,10.0,9.0,9.0,93.0,19641701
,,,,,,,19653176
,,,,,,,19654540
10.0,9.0,10.0,10.0,9.0,9.0,92.0,19660411
9.0,10.0,10.0,10.0,10.0,9.0,94.0,19664691
8.0,7.0,9.0,8.0,8.0,8.0,79.0,19664709
10.0,10.0,10.0,9.0,10.0,9.0,92.0,19677006
,,,,,,,19678531
9.0,7.0,10.0,9.0,9.0,9.0,87.0,19680142
,,,,,,,19681765
,,,,,,,19684176
10.0,9.0,10.0,10.0,10.0,9.0,95.0,19691986
10.0,10.0,6.0,8.0,10.0,8.0,100.0,19692712
10.0,10.0,10.0,9.0,10.0,10.0,100.0,19694143
,,,,,,,19695963
9.0,10.0,9.0,9.0,10.0,9.0,92.0,19699590
10.0,9.0,10.0,10.0,9.0,10.0,94.0,19704903
10.0,10.0,10.0,10.0,10.0,10.0,100.0,19712132
10.0,9.0,10.0,10.0,9.0,10.0,80.0,19718664
10.0,10.0,9.0,10.0,10.0,10.0,100.0,19735591
10.0,10.0,10.0,10.0,10.0,10.0,100.0,19739919
9.0,6.0,9.0,9.0,9.0,9.0,80.0,19741944
10.0,10.0,10.0,8.0,10.0,10.0,100.0,19746798
10.0,8.0,10.0,10.0,10.0,10.0,92.0,19750905
10.0,9.0,10.0,10.0,10.0,10.0,95.0,1975244
9.0,8.0,10.0,10.0,10.0,10.0,100.0,19760228
,,,,,,,19764243
10.0,9.0,10.0,10.0,10.0,10.0,97.0,19767452
,,,,,,,19767681
10.0,10.0,10.0,10.0,10.0,10.0,100.0,19768051
10.0,8.0,10.0,10.0,10.0,10.0,80.0,19768922
10.0,10.0,10.0,10.0,10.0,10.0,97.0,19773917
8.0,6.0,10.0,10.0,10.0,10.0,80.0,19779206
10.0,10.0,9.0,10.0,10.0,10.0,100.0,19779316
9.0,9.0,9.0,9.0,10.0,9.0,88.0,19780732
,,,,,,,19781115
9.0,9.0,10.0,10.0,9.0,9.0,89.0,19786915
10.0,10.0,10.0,10.0,10.0,10.0,100.0,19789278
10.0,9.0,10.0,10.0,10.0,10.0,90.0,1979960
9.0,10.0,10.0,10.0,10.0,10.0,100.0,19800005
9.0,8.0,10.0,9.0,9.0,8.0,83.0,19803430
10.0,10.0,10.0,10.0,10.0,10.0,100.0,19807212
9.0,9.0,10.0,9.0,9.0,9.0,89.0,19815841
10.0,9.0,9.0,10.0,8.0,9.0,91.0,19820634
9.0,8.0,9.0,10.0,10.0,9.0,89.0,19821682
10.0,10.0,10.0,10.0,10.0,10.0,97.0,19825124
10.0,10.0,10.0,10.0,10.0,10.0,99.0,19825963
10.0,10.0,10.0,10.0,10.0,10.0,97.0,19827778
9.0,8.0,10.0,10.0,9.0,9.0,86.0,19828489
8.0,9.0,9.0,9.0,7.0,9.0,80.0,19828845
10.0,9.0,10.0,10.0,10.0,10.0,97.0,19830008
,,,,,,,19830476
,,,,,,,19830549
9.0,9.0,10.0,10.0,10.0,9.0,88.0,19838729
8.0,6.0,9.0,10.0,10.0,9.0,85.0,1984069
10.0,10.0,10.0,9.0,10.0,10.0,97.0,19845395
9.0,8.0,9.0,9.0,10.0,9.0,84.0,19846740
9.0,9.0,10.0,10.0,8.0,9.0,88.0,19847790
,,,,,,,19853110
,,,,,,,19862007
10.0,9.0,10.0,10.0,10.0,9.0,92.0,19865003
,,,,,,,19865325
9.0,9.0,9.0,9.0,8.0,8.0,87.0,19866204
10.0,10.0,10.0,10.0,10.0,10.0,100.0,19869291
10.0,10.0,10.0,10.0,10.0,10.0,100.0,19870743
9.0,9.0,10.0,10.0,9.0,9.0,92.0,19877430
10.0,10.0,10.0,10.0,10.0,10.0,100.0,19877706
10.0,10.0,10.0,10.0,10.0,10.0,80.0,19880329
10.0,9.0,10.0,10.0,8.0,9.0,94.0,1989972
,,,,,,,19900130
9.0,9.0,10.0,10.0,10.0,9.0,91.0,19901356
9.0,10.0,10.0,10.0,10.0,10.0,100.0,19904358
10.0,10.0,10.0,10.0,10.0,10.0,98.0,19906012
,,,,,,,19907902
9.0,8.0,9.0,9.0,10.0,9.0,89.0,19914589
10.0,10.0,10.0,10.0,9.0,10.0,98.0,19920554
9.0,7.0,10.0,10.0,9.0,8.0,80.0,19920988
10.0,10.0,10.0,10.0,10.0,10.0,98.0,19928786
10.0,9.0,10.0,10.0,9.0,9.0,94.0,19929723
10.0,10.0,10.0,10.0,10.0,9.0,93.0,19933161
9.0,9.0,9.0,9.0,10.0,9.0,89.0,19935458
10.0,10.0,10.0,10.0,10.0,8.0,80.0,1995143
9.0,8.0,9.0,10.0,10.0,9.0,89.0,19952004
9.0,8.0,9.0,9.0,9.0,9.0,87.0,19953862
10.0,10.0,10.0,10.0,10.0,10.0,98.0,19961067
9.0,9.0,9.0,9.0,8.0,8.0,88.0,19963866
,,,,,,,19967176
10.0,10.0,10.0,10.0,10.0,10.0,94.0,19976324
10.0,9.0,10.0,10.0,10.0,9.0,94.0,19979892
10.0,10.0,10.0,10.0,10.0,10.0,99.0,19981060
10.0,10.0,10.0,10.0,10.0,10.0,99.0,19981253
10.0,10.0,10.0,9.0,8.0,7.0,100.0,19981877
10.0,10.0,10.0,10.0,9.0,10.0,96.0,19984692
9.0,9.0,10.0,9.0,10.0,9.0,91.0,19985872
10.0,9.0,10.0,10.0,10.0,9.0,94.0,19990097
10.0,10.0,10.0,10.0,10.0,10.0,100.0,19993317
4.0,5.0,8.0,6.0,8.0,6.0,50.0,19995621
,,,,,,,20006537
,,,,,,,20007497
,,,,,,,20015668
10.0,9.0,10.0,10.0,10.0,10.0,96.0,20019449
10.0,9.0,10.0,10.0,9.0,9.0,88.0,2002611
10.0,9.0,10.0,10.0,10.0,10.0,97.0,20030871
8.0,8.0,9.0,8.0,9.0,8.0,78.0,20035273
9.0,9.0,10.0,10.0,9.0,9.0,90.0,20038668
6.0,6.0,9.0,6.0,6.0,5.0,70.0,20044641
10.0,10.0,10.0,10.0,9.0,9.0,100.0,20045679
10.0,10.0,10.0,10.0,10.0,10.0,98.0,20049287
,,,,,,,20050561
,,,,,,,20055406
9.0,7.0,10.0,10.0,10.0,9.0,91.0,20055551
10.0,9.0,10.0,10.0,10.0,9.0,94.0,20057865
9.0,9.0,9.0,9.0,10.0,9.0,88.0,20061602
9.0,9.0,10.0,10.0,9.0,9.0,88.0,20071164
10.0,10.0,10.0,10.0,9.0,9.0,98.0,20071436
6.0,6.0,10.0,8.0,6.0,6.0,60.0,20080108
10.0,10.0,10.0,10.0,10.0,10.0,100.0,20081484
9.0,10.0,9.0,10.0,9.0,9.0,87.0,20088277
10.0,10.0,10.0,10.0,10.0,10.0,98.0,20088771
,,,,,,,20112687
10.0,10.0,10.0,10.0,10.0,10.0,94.0,20116519
,,,,,,,20121488
,,,,,,,20127052
10.0,10.0,8.0,8.0,10.0,10.0,100.0,20135359
10.0,10.0,10.0,10.0,10.0,10.0,100.0,20139359
,,,,,,,2015101
10.0,10.0,10.0,10.0,10.0,10.0,100.0,20154076
10.0,7.0,8.0,10.0,10.0,10.0,90.0,20157105
,,,,,,,20159382
10.0,10.0,10.0,10.0,10.0,9.0,100.0,20164905
8.0,9.0,6.0,9.0,7.0,10.0,87.0,20172538
,,,,,,,20180729
10.0,10.0,10.0,10.0,10.0,9.0,98.0,20181414
10.0,8.0,9.0,9.0,10.0,9.0,91.0,20188349
9.0,8.0,9.0,9.0,10.0,9.0,86.0,2019384
10.0,10.0,10.0,10.0,10.0,10.0,100.0,20202806
10.0,10.0,10.0,10.0,10.0,10.0,100.0,20206015
10.0,10.0,10.0,10.0,10.0,9.0,99.0,20206764
10.0,8.0,10.0,10.0,10.0,10.0,100.0,20211255
10.0,9.0,10.0,10.0,10.0,9.0,94.0,20214521
10.0,10.0,10.0,10.0,10.0,10.0,99.0,20228390
9.0,9.0,9.0,9.0,9.0,9.0,90.0,20234137
9.0,8.0,9.0,8.0,8.0,8.0,76.0,20234554
10.0,10.0,10.0,10.0,10.0,9.0,92.0,20235027
9.0,8.0,9.0,9.0,9.0,8.0,85.0,2023934
,,,,,,,20239903
,,,,,,,20240485
10.0,10.0,10.0,10.0,10.0,10.0,98.0,20241972
9.0,9.0,10.0,10.0,9.0,9.0,86.0,20245250
10.0,10.0,10.0,10.0,10.0,10.0,100.0,20254510
10.0,10.0,10.0,10.0,10.0,10.0,95.0,20255158
10.0,10.0,10.0,10.0,10.0,9.0,87.0,20260320
10.0,10.0,10.0,10.0,10.0,10.0,100.0,20264769
,,,,,,,20275354
10.0,10.0,10.0,10.0,10.0,10.0,100.0,20275415
10.0,10.0,10.0,10.0,10.0,10.0,100.0,20275670
,8.0,,,,,80.0,20276192
10.0,10.0,10.0,10.0,10.0,10.0,100.0,20280610
10.0,10.0,10.0,10.0,10.0,10.0,99.0,20286842
10.0,10.0,10.0,10.0,9.0,10.0,95.0,20287455
9.0,9.0,10.0,9.0,9.0,9.0,93.0,20289023
10.0,9.0,10.0,10.0,10.0,10.0,99.0,20295849
7.0,7.0,7.0,8.0,9.0,7.0,76.0,2029840
9.0,9.0,10.0,9.0,8.0,9.0,92.0,20307844
10.0,9.0,10.0,10.0,10.0,10.0,93.0,20309202
10.0,9.0,10.0,10.0,10.0,9.0,92.0,20309935
10.0,9.0,10.0,10.0,9.0,9.0,95.0,2031134
10.0,10.0,10.0,10.0,10.0,10.0,100.0,20312675
10.0,10.0,10.0,10.0,9.0,9.0,94.0,20330011
,,,,,,,2034021
9.0,9.0,10.0,10.0,10.0,9.0,93.0,20353402
10.0,10.0,10.0,10.0,9.0,10.0,100.0,20354056
10.0,10.0,10.0,10.0,10.0,9.0,100.0,20357635
10.0,10.0,9.0,10.0,9.0,9.0,89.0,20358824
9.0,9.0,10.0,10.0,10.0,9.0,93.0,20362690
10.0,9.0,10.0,10.0,10.0,9.0,92.0,20374683
10.0,9.0,10.0,10.0,10.0,10.0,95.0,20394583
6.0,10.0,10.0,10.0,10.0,8.0,60.0,20396803
10.0,9.0,10.0,10.0,10.0,10.0,93.0,20397517
10.0,10.0,10.0,9.0,10.0,9.0,93.0,20399030
10.0,10.0,9.0,10.0,10.0,10.0,98.0,20399277
8.0,9.0,9.0,8.0,10.0,8.0,81.0,20413840
9.0,9.0,10.0,10.0,9.0,9.0,93.0,2041957
10.0,10.0,10.0,10.0,10.0,10.0,97.0,20450522
9.0,9.0,10.0,10.0,9.0,9.0,93.0,20455499
10.0,10.0,10.0,10.0,9.0,10.0,100.0,20463831
10.0,10.0,10.0,10.0,10.0,9.0,93.0,20478290
,,,,,,,20482959
10.0,10.0,10.0,10.0,10.0,10.0,96.0,20483790
,,,,,,,20492711
,,,,,,,20494506
10.0,10.0,10.0,10.0,10.0,9.0,100.0,20503770
8.0,8.0,9.0,9.0,10.0,8.0,83.0,20511510
,,,,,,,20517090
10.0,8.0,10.0,10.0,8.0,10.0,100.0,20521331
10.0,10.0,10.0,10.0,10.0,10.0,100.0,20522971
9.0,8.0,10.0,9.0,8.0,9.0,85.0,20530001
,,,,,,,20530202
10.0,10.0,10.0,10.0,10.0,9.0,98.0,20530526
,,,,,,,20532252
10.0,10.0,10.0,10.0,10.0,9.0,95.0,2053772
10.0,10.0,10.0,10.0,10.0,10.0,98.0,2054110
10.0,10.0,10.0,10.0,10.0,10.0,99.0,20543265
10.0,10.0,10.0,10.0,10.0,10.0,99.0,20557566
10.0,9.0,9.0,10.0,10.0,10.0,96.0,20567444
10.0,10.0,10.0,9.0,10.0,9.0,100.0,20569156
10.0,10.0,10.0,10.0,10.0,6.0,100.0,20570876
9.0,9.0,9.0,9.0,10.0,9.0,87.0,20578419
8.0,10.0,10.0,8.0,8.0,6.0,80.0,20580703
10.0,10.0,10.0,10.0,10.0,10.0,99.0,20588113
10.0,10.0,10.0,10.0,10.0,10.0,100.0,20589142
,,,,,,,20589502
,,,,,,,20596543
,,,,,,,2059723
10.0,10.0,10.0,10.0,8.0,10.0,100.0,20597925
10.0,10.0,10.0,10.0,10.0,10.0,99.0,20599393
10.0,10.0,10.0,10.0,10.0,9.0,100.0,20605168
9.0,9.0,9.0,10.0,9.0,8.0,90.0,20611485
10.0,10.0,9.0,10.0,10.0,10.0,94.0,206122
10.0,10.0,9.0,9.0,9.0,10.0,97.0,20619682
10.0,10.0,10.0,9.0,9.0,10.0,97.0,20620144
,,,,,,,20633816
10.0,10.0,10.0,10.0,10.0,10.0,100.0,20643726
10.0,9.0,10.0,10.0,9.0,9.0,89.0,20645080
,,,,,,,2066014
,,,,,,,20660511
10.0,10.0,10.0,10.0,10.0,9.0,100.0,20666508
10.0,10.0,10.0,10.0,10.0,10.0,98.0,20668195
10.0,9.0,10.0,9.0,9.0,9.0,94.0,20669488
9.0,9.0,10.0,9.0,10.0,9.0,81.0,20672298
10.0,10.0,10.0,10.0,10.0,10.0,100.0,20677646
10.0,6.0,10.0,10.0,10.0,9.0,100.0,20677802
9.0,7.0,10.0,8.0,10.0,6.0,80.0,20677942
,,,,,,,20678327
10.0,10.0,10.0,10.0,10.0,10.0,99.0,20680853
9.0,10.0,10.0,10.0,9.0,9.0,85.0,20681944
9.0,9.0,9.0,9.0,10.0,8.0,81.0,2068454
10.0,10.0,10.0,10.0,10.0,10.0,98.0,20685775
10.0,9.0,10.0,10.0,9.0,10.0,95.0,20692275
9.0,10.0,10.0,9.0,10.0,9.0,97.0,20692563
10.0,10.0,10.0,10.0,10.0,10.0,100.0,20692888
9.0,8.0,9.0,8.0,10.0,7.0,80.0,20693549
10.0,10.0,10.0,10.0,10.0,10.0,98.0,20695115
8.0,8.0,7.0,7.0,9.0,9.0,80.0,20698056
8.0,9.0,8.0,10.0,7.0,8.0,80.0,20701225
10.0,10.0,10.0,10.0,10.0,10.0,100.0,20701559
9.0,9.0,10.0,9.0,9.0,9.0,86.0,20711019
10.0,8.0,9.0,9.0,10.0,9.0,83.0,20712093
10.0,10.0,10.0,10.0,10.0,10.0,96.0,20717948
10.0,10.0,10.0,10.0,10.0,10.0,96.0,2071929
,,,,,,,20719961
9.0,8.0,9.0,9.0,9.0,9.0,84.0,20720421
9.0,8.0,9.0,9.0,9.0,9.0,84.0,20720982
,,,,,,,20723241
10.0,8.0,10.0,10.0,8.0,10.0,100.0,20724431
9.0,9.0,10.0,9.0,9.0,9.0,91.0,20724571
2.0,2.0,2.0,2.0,2.0,2.0,20.0,20726731
10.0,10.0,10.0,10.0,10.0,10.0,99.0,20728606
,,,,,,,20730891
9.0,9.0,10.0,10.0,8.0,9.0,89.0,20735001
9.0,9.0,9.0,10.0,10.0,9.0,92.0,20736951
10.0,10.0,10.0,10.0,9.0,10.0,98.0,2073897
9.0,9.0,9.0,10.0,10.0,9.0,87.0,20741058
8.0,7.0,9.0,9.0,8.0,7.0,75.0,20744948
10.0,10.0,10.0,10.0,10.0,10.0,100.0,20755043
10.0,10.0,10.0,10.0,9.0,10.0,99.0,20763432
10.0,8.0,10.0,10.0,10.0,10.0,100.0,20764769
9.0,9.0,10.0,9.0,10.0,8.0,86.0,20767798
10.0,10.0,10.0,10.0,9.0,10.0,96.0,20774523
10.0,10.0,10.0,10.0,10.0,10.0,98.0,20783233
10.0,10.0,10.0,10.0,9.0,10.0,98.0,20788473
10.0,10.0,10.0,10.0,10.0,10.0,100.0,20788503
10.0,9.0,9.0,9.0,10.0,9.0,95.0,20789773
,,,,,,,20791526
9.0,8.0,9.0,9.0,9.0,9.0,91.0,20792560
6.0,2.0,6.0,6.0,10.0,2.0,40.0,20792923
8.0,4.0,6.0,10.0,10.0,10.0,60.0,20804897
10.0,10.0,10.0,10.0,10.0,10.0,100.0,20804962
10.0,10.0,10.0,10.0,10.0,10.0,99.0,20806414
8.0,8.0,8.0,8.0,9.0,7.0,80.0,20807522
10.0,10.0,10.0,10.0,10.0,10.0,99.0,20809200
9.0,10.0,10.0,10.0,10.0,9.0,90.0,20822448
10.0,9.0,10.0,10.0,10.0,10.0,98.0,20827801
10.0,10.0,10.0,10.0,10.0,10.0,100.0,20827803
10.0,10.0,10.0,10.0,9.0,10.0,97.0,20827826
10.0,10.0,10.0,10.0,10.0,10.0,100.0,20829122
10.0,10.0,10.0,10.0,10.0,9.0,100.0,20834832
10.0,10.0,10.0,10.0,10.0,10.0,98.0,20845108
10.0,10.0,10.0,9.0,10.0,8.0,84.0,20845825
,,,,,,,20849928
10.0,10.0,10.0,10.0,8.0,10.0,100.0,20851877
9.0,9.0,9.0,9.0,10.0,9.0,86.0,2085520
,,,,,,,20859319
10.0,10.0,10.0,10.0,9.0,10.0,98.0,20860562
10.0,10.0,10.0,9.0,10.0,10.0,95.0,20861761
,,,,,,,20864633
10.0,10.0,10.0,10.0,10.0,10.0,99.0,20865085
10.0,10.0,10.0,10.0,10.0,10.0,97.0,20865183
10.0,9.0,10.0,10.0,10.0,9.0,94.0,20866128
10.0,10.0,10.0,10.0,10.0,10.0,98.0,20872439
10.0,9.0,10.0,10.0,10.0,9.0,98.0,20880869
10.0,10.0,10.0,10.0,10.0,10.0,100.0,20884878
,,,,,,,20893660
,,,,,,,20896819
10.0,9.0,10.0,10.0,10.0,10.0,96.0,20906161
10.0,9.0,10.0,10.0,9.0,9.0,91.0,20906942
10.0,10.0,10.0,10.0,10.0,10.0,96.0,2092831
10.0,10.0,10.0,10.0,9.0,10.0,100.0,20929703
10.0,8.0,10.0,9.0,10.0,9.0,91.0,2093064
,,,,,,,20940124
10.0,8.0,8.0,8.0,10.0,10.0,100.0,20941829
8.0,10.0,10.0,8.0,10.0,10.0,80.0,20945783
10.0,10.0,10.0,10.0,10.0,9.0,95.0,20953036
,,,,,,,20955863
9.0,10.0,10.0,9.0,9.0,9.0,90.0,20958766
,,,,,,,20959398
10.0,9.0,9.0,10.0,10.0,9.0,94.0,20962081
,,,,,,,20964078
9.0,9.0,9.0,9.0,9.0,9.0,93.0,20965875
10.0,8.0,10.0,10.0,10.0,8.0,100.0,20969380
,,,,,,,20973119
,,,,,,,20989061
10.0,9.0,10.0,10.0,9.0,9.0,97.0,20994775
10.0,10.0,10.0,10.0,10.0,10.0,100.0,21005012
9.0,9.0,9.0,9.0,9.0,9.0,87.0,21006757
10.0,9.0,10.0,10.0,10.0,10.0,100.0,21031806
7.0,9.0,7.0,7.0,9.0,7.0,67.0,2104807
7.0,9.0,10.0,10.0,10.0,8.0,70.0,21053564
,,,,,,,21055635
9.0,9.0,9.0,10.0,9.0,9.0,88.0,21056118
9.0,8.0,10.0,10.0,10.0,9.0,88.0,2105881
10.0,9.0,10.0,10.0,10.0,10.0,98.0,21059755
10.0,10.0,10.0,10.0,10.0,10.0,100.0,21061587
10.0,9.0,10.0,9.0,9.0,10.0,95.0,21063718
10.0,10.0,10.0,9.0,10.0,9.0,94.0,21066228
,,,,,,,21078272
10.0,9.0,10.0,10.0,10.0,9.0,93.0,210968
10.0,10.0,10.0,10.0,8.0,9.0,100.0,21097380
10.0,9.0,9.0,8.0,10.0,7.0,84.0,21103245
,,,,,,,21103954
,,,,,,,21105022
10.0,10.0,10.0,10.0,10.0,10.0,96.0,21106002
9.0,8.0,9.0,9.0,9.0,9.0,89.0,21111727
10.0,9.0,10.0,10.0,10.0,9.0,92.0,21127680
,,,,,,,21130291
10.0,10.0,10.0,10.0,9.0,10.0,100.0,21132824
9.0,9.0,8.0,9.0,9.0,8.0,88.0,2113358
8.0,10.0,7.0,10.0,10.0,9.0,93.0,2113927
10.0,10.0,10.0,10.0,10.0,10.0,98.0,21145923
6.0,7.0,6.0,7.0,6.0,7.0,53.0,21155900
10.0,10.0,10.0,10.0,10.0,10.0,98.0,2116352
9.0,8.0,10.0,10.0,9.0,9.0,80.0,21174788
9.0,10.0,9.0,10.0,10.0,9.0,95.0,21179158
9.0,9.0,10.0,9.0,9.0,8.0,84.0,21180955
10.0,10.0,10.0,9.0,8.0,9.0,100.0,21181684
9.0,9.0,9.0,10.0,10.0,9.0,90.0,2118641
10.0,9.0,10.0,10.0,10.0,9.0,92.0,2119162
,,,,,,,2119780
10.0,10.0,9.0,10.0,10.0,10.0,98.0,21199380
8.0,8.0,9.0,9.0,9.0,8.0,81.0,21201544
10.0,10.0,10.0,10.0,10.0,9.0,96.0,21201643
9.0,8.0,9.0,10.0,9.0,8.0,89.0,21204926
10.0,10.0,10.0,10.0,9.0,10.0,100.0,21210250
,,,,,,,21229065
,,,,,,,21232424
10.0,10.0,10.0,10.0,10.0,9.0,100.0,2123266
,6.0,,,,,60.0,21234040
10.0,10.0,10.0,10.0,10.0,10.0,100.0,21237763
9.0,9.0,10.0,10.0,10.0,10.0,97.0,21244482
10.0,10.0,10.0,9.0,9.0,10.0,95.0,21248215
10.0,10.0,10.0,10.0,10.0,9.0,100.0,21251556
,,,,,,,21261556
10.0,10.0,10.0,10.0,10.0,10.0,97.0,21264297
10.0,10.0,10.0,10.0,10.0,10.0,100.0,21281467
,,,,,,,21281761
,,,,,,,21291633
9.0,9.0,10.0,10.0,10.0,9.0,92.0,2130117
9.0,10.0,10.0,10.0,10.0,9.0,90.0,21306698
10.0,9.0,10.0,10.0,10.0,9.0,92.0,21312909
10.0,10.0,10.0,10.0,9.0,9.0,97.0,21322869
10.0,10.0,10.0,10.0,10.0,10.0,89.0,2133967
,,,,,,,21352206
,,,,,,,21353587
,,,,,,,21354176
10.0,10.0,10.0,10.0,9.0,10.0,100.0,21362635
10.0,9.0,10.0,10.0,10.0,10.0,97.0,21365501
10.0,10.0,10.0,10.0,10.0,10.0,100.0,21368282
9.0,9.0,10.0,10.0,10.0,9.0,85.0,21379141
8.0,7.0,9.0,7.0,8.0,7.0,74.0,21382912
10.0,10.0,10.0,10.0,10.0,10.0,100.0,21389251
10.0,8.0,10.0,10.0,10.0,8.0,100.0,21395598
10.0,10.0,10.0,10.0,10.0,9.0,98.0,21406716
10.0,10.0,10.0,10.0,10.0,10.0,97.0,2141667
9.0,10.0,8.0,9.0,10.0,9.0,93.0,21421463
9.0,10.0,10.0,10.0,10.0,8.0,90.0,21426586
10.0,10.0,10.0,10.0,10.0,9.0,98.0,2142754
10.0,10.0,10.0,10.0,10.0,10.0,100.0,21428625
,,,,,,,21430389
10.0,8.0,10.0,8.0,10.0,8.0,100.0,21440587
10.0,10.0,10.0,10.0,10.0,10.0,99.0,21441057
10.0,10.0,10.0,10.0,10.0,9.0,100.0,21451259
10.0,9.0,10.0,10.0,10.0,10.0,96.0,21493665
10.0,10.0,10.0,10.0,10.0,10.0,100.0,21497042
,,,,,,,21501614
,,,,,,,21507285
9.0,9.0,9.0,9.0,10.0,9.0,83.0,21511027
,,,,,,,21514017
10.0,10.0,10.0,10.0,9.0,9.0,94.0,2151479
10.0,10.0,10.0,10.0,10.0,10.0,100.0,21519013
9.0,9.0,9.0,10.0,10.0,9.0,94.0,21522442
,,,,,,,21523368
,,,,,,,2152426
9.0,9.0,9.0,10.0,10.0,9.0,96.0,21526172
8.0,8.0,9.0,7.0,9.0,8.0,80.0,21526718
10.0,10.0,10.0,10.0,10.0,10.0,100.0,21530399
10.0,9.0,10.0,10.0,10.0,9.0,98.0,21531457
10.0,10.0,10.0,9.0,10.0,9.0,96.0,2153435
10.0,9.0,10.0,10.0,10.0,10.0,100.0,21536635
,,,,,,,21537425
9.0,9.0,9.0,9.0,10.0,9.0,88.0,21541451
8.0,9.0,9.0,10.0,10.0,9.0,88.0,21544362
,,,,,,,21544538
,,,,,,,2155733
10.0,10.0,9.0,10.0,9.0,9.0,93.0,21563508
9.0,8.0,9.0,9.0,9.0,9.0,82.0,21568012
10.0,10.0,10.0,10.0,10.0,10.0,93.0,21571388
,,,,,,,2157376
9.0,8.0,9.0,10.0,10.0,10.0,90.0,21583253
10.0,10.0,10.0,10.0,10.0,10.0,100.0,21583732
,,,,,,,21584236
10.0,10.0,10.0,10.0,10.0,10.0,98.0,21584327
10.0,10.0,10.0,10.0,10.0,10.0,100.0,21584362
,,,,,,,21588050
10.0,10.0,10.0,10.0,10.0,10.0,99.0,2159898
9.0,9.0,9.0,10.0,9.0,9.0,89.0,2160805
10.0,10.0,10.0,10.0,10.0,10.0,100.0,21612701
10.0,10.0,10.0,10.0,9.0,10.0,98.0,21612973
9.0,7.0,8.0,10.0,10.0,9.0,100.0,2161352
9.0,9.0,10.0,10.0,8.0,9.0,92.0,21619355
9.0,8.0,10.0,10.0,10.0,9.0,89.0,2161945
10.0,10.0,10.0,10.0,9.0,9.0,93.0,21624000
10.0,10.0,10.0,10.0,10.0,10.0,100.0,21625832
,,,,,,,21631729
10.0,9.0,9.0,9.0,10.0,9.0,89.0,2163225
10.0,10.0,10.0,10.0,10.0,10.0,96.0,21632846
10.0,10.0,10.0,10.0,10.0,10.0,98.0,21637487
10.0,10.0,10.0,10.0,10.0,10.0,98.0,21641743
9.0,9.0,9.0,9.0,10.0,9.0,90.0,21641801
10.0,6.0,10.0,10.0,10.0,10.0,80.0,21648743
10.0,9.0,9.0,9.0,10.0,9.0,90.0,21648821
,,,,,,,21652885
9.0,9.0,9.0,9.0,9.0,9.0,86.0,21654414
10.0,10.0,10.0,10.0,10.0,10.0,98.0,21662064
9.0,9.0,9.0,9.0,9.0,9.0,94.0,21664003
9.0,10.0,10.0,10.0,10.0,10.0,97.0,21669322
10.0,10.0,10.0,10.0,10.0,10.0,96.0,21670822
10.0,10.0,10.0,10.0,9.0,10.0,98.0,21672349
10.0,10.0,10.0,10.0,10.0,10.0,100.0,21675318
9.0,9.0,10.0,9.0,10.0,9.0,93.0,216766
6.0,9.0,10.0,7.0,6.0,8.0,60.0,21680190
10.0,10.0,10.0,10.0,10.0,10.0,100.0,21684913
10.0,10.0,10.0,9.0,9.0,9.0,92.0,21686404
10.0,10.0,10.0,10.0,10.0,10.0,100.0,21686582
10.0,10.0,10.0,10.0,10.0,10.0,98.0,21702142
10.0,10.0,10.0,10.0,10.0,10.0,100.0,21702934
,,,,,,,21704747
10.0,10.0,10.0,10.0,10.0,10.0,98.0,21711468
9.0,9.0,10.0,10.0,9.0,10.0,90.0,21716100
10.0,10.0,10.0,10.0,9.0,9.0,94.0,21739859
10.0,10.0,6.0,10.0,10.0,8.0,100.0,21746886
,,,,,,,21761990
10.0,9.0,10.0,10.0,10.0,10.0,97.0,21762139
10.0,10.0,10.0,10.0,9.0,10.0,100.0,21768317
10.0,8.0,10.0,10.0,10.0,10.0,100.0,21786064
10.0,10.0,10.0,10.0,9.0,9.0,98.0,21795489
,,,,,,,21796094
,,,,,,,21807569
10.0,10.0,10.0,10.0,10.0,8.0,100.0,21815026
8.0,8.0,10.0,10.0,10.0,6.0,60.0,21816095
10.0,10.0,10.0,9.0,9.0,10.0,92.0,218191
10.0,9.0,10.0,9.0,10.0,9.0,91.0,21819120
,,,,,,,21822223
9.0,9.0,9.0,10.0,10.0,9.0,92.0,21832585
10.0,7.0,10.0,10.0,10.0,9.0,93.0,21836642
,,,,,,,21842369
,,,,,,,21842463
,,,,,,,21844107
,,,,,,,21844137
,,,,,,,21848831
10.0,10.0,10.0,10.0,9.0,10.0,97.0,21851474
10.0,9.0,10.0,10.0,9.0,9.0,95.0,21853819
10.0,10.0,10.0,10.0,9.0,10.0,98.0,21865684
,,,,,,,21865942
,,,,,,,2187155
10.0,10.0,10.0,10.0,9.0,10.0,99.0,21871576
10.0,10.0,10.0,10.0,10.0,10.0,96.0,2187573
10.0,9.0,10.0,10.0,10.0,9.0,91.0,2187610
,,,,,,,21883829
10.0,10.0,10.0,10.0,8.0,9.0,100.0,21884466
8.0,10.0,10.0,8.0,8.0,8.0,90.0,21884991
8.0,7.0,10.0,8.0,10.0,9.0,70.0,21893035
10.0,10.0,10.0,10.0,10.0,10.0,100.0,21895438
,,,,,,,21897602
10.0,10.0,10.0,10.0,10.0,10.0,97.0,2190616
,,,,,,,21920190
,,,,,,,21929645
10.0,10.0,10.0,10.0,9.0,9.0,95.0,21934202
,,,,,,,21934440
,,,,,,,21936741
10.0,10.0,10.0,10.0,10.0,10.0,99.0,21939239
10.0,10.0,10.0,10.0,10.0,9.0,96.0,21946009
9.0,8.0,10.0,10.0,9.0,10.0,94.0,21947380
10.0,10.0,10.0,10.0,10.0,10.0,100.0,21954331
10.0,9.0,9.0,10.0,10.0,10.0,100.0,21956266
,,,,,,,21968496
4.0,10.0,4.0,2.0,10.0,6.0,40.0,21970465
10.0,10.0,10.0,10.0,10.0,10.0,97.0,21971876
10.0,10.0,10.0,10.0,10.0,10.0,100.0,21974572
,,,,,,,21975808
10.0,10.0,10.0,10.0,10.0,10.0,100.0,21976308
10.0,9.0,10.0,9.0,9.0,9.0,83.0,21977972
8.0,8.0,10.0,10.0,10.0,8.0,80.0,21982406
,,,,,,,21983555
10.0,10.0,10.0,10.0,10.0,10.0,100.0,21986801
10.0,10.0,10.0,10.0,10.0,10.0,100.0,21987106
10.0,10.0,10.0,10.0,10.0,10.0,99.0,21988560
,,,,,,,21989302
9.0,7.0,10.0,10.0,10.0,8.0,87.0,21992735
10.0,8.0,10.0,10.0,10.0,10.0,100.0,21992856
9.0,9.0,9.0,9.0,9.0,8.0,87.0,21998466
10.0,10.0,10.0,10.0,10.0,10.0,100.0,21999107
10.0,10.0,10.0,10.0,10.0,10.0,99.0,22005432
10.0,10.0,10.0,10.0,9.0,9.0,91.0,22005538
9.0,8.0,9.0,10.0,10.0,10.0,87.0,22006891
,,,,,,,22014353
,,,,,,,22015226
10.0,10.0,10.0,10.0,10.0,10.0,99.0,22020910
10.0,10.0,10.0,10.0,10.0,10.0,100.0,22042206
10.0,10.0,10.0,10.0,10.0,9.0,96.0,22042558
10.0,10.0,10.0,10.0,10.0,9.0,100.0,22058660
10.0,10.0,10.0,10.0,9.0,10.0,100.0,22060712
,,,,,,,2206311
10.0,10.0,10.0,10.0,10.0,10.0,96.0,22066860
10.0,10.0,10.0,10.0,10.0,10.0,100.0,22068048
8.0,10.0,10.0,10.0,10.0,8.0,100.0,22075258
10.0,10.0,10.0,10.0,10.0,10.0,98.0,22085738
10.0,10.0,10.0,10.0,10.0,9.0,95.0,22094381
9.0,9.0,9.0,9.0,9.0,9.0,92.0,220946
9.0,9.0,9.0,10.0,10.0,9.0,90.0,2210041
10.0,8.0,10.0,10.0,8.0,8.0,80.0,22101558
,,,,,,,22105082
10.0,10.0,10.0,10.0,10.0,10.0,100.0,22108306
,,,,,,,22108888
,,,,,,,22123688
10.0,10.0,10.0,10.0,10.0,9.0,98.0,22124796
10.0,10.0,9.0,10.0,10.0,9.0,94.0,22125894
,,,,,,,22130088
10.0,10.0,10.0,10.0,10.0,10.0,100.0,2213067
9.0,9.0,10.0,9.0,10.0,9.0,91.0,22131624
,,,,,,,22134640
,,,,,,,22139932
9.0,8.0,9.0,9.0,9.0,9.0,85.0,22144662
9.0,9.0,10.0,10.0,10.0,9.0,89.0,22145240
,,,,,,,22145277
10.0,10.0,10.0,10.0,9.0,10.0,98.0,22148252
9.0,9.0,10.0,10.0,9.0,9.0,100.0,22153101
10.0,10.0,10.0,10.0,10.0,9.0,98.0,22155071
10.0,9.0,10.0,10.0,9.0,9.0,91.0,22161352
10.0,9.0,10.0,10.0,9.0,9.0,97.0,22164073
,,,,,,,2216470
8.0,8.0,6.0,10.0,10.0,8.0,80.0,22165464
,,,,,,,22172210
9.0,9.0,10.0,10.0,9.0,9.0,93.0,22175297
10.0,10.0,10.0,10.0,9.0,10.0,96.0,22179180
,,,,,,,22180812
,,,,,,,22180943
,,,,,,,22182168
10.0,10.0,10.0,10.0,9.0,9.0,95.0,22182637
10.0,10.0,10.0,10.0,9.0,10.0,97.0,22188738
10.0,9.0,10.0,10.0,9.0,9.0,100.0,22191831
9.0,9.0,10.0,10.0,9.0,9.0,90.0,22192465
,,,,,,,22196878
10.0,10.0,10.0,10.0,9.0,10.0,100.0,22198157
10.0,10.0,10.0,10.0,10.0,10.0,98.0,22199192
9.0,9.0,9.0,9.0,10.0,9.0,89.0,22199234
9.0,9.0,10.0,10.0,10.0,10.0,90.0,22200454
10.0,10.0,10.0,10.0,10.0,10.0,98.0,22200645
9.0,9.0,9.0,10.0,9.0,8.0,86.0,22204642
10.0,10.0,10.0,10.0,10.0,10.0,100.0,22208993
10.0,9.0,10.0,10.0,10.0,10.0,95.0,22210558
9.0,8.0,10.0,10.0,10.0,9.0,89.0,22210575
10.0,10.0,10.0,10.0,10.0,10.0,100.0,22216525
10.0,10.0,9.0,9.0,10.0,9.0,94.0,22224705
10.0,10.0,10.0,10.0,10.0,10.0,100.0,22232299
,,,,,,,22232416
,,,,,,,22261220
9.0,5.0,10.0,10.0,10.0,8.0,80.0,22265304
,,,,,,,22265826
8.0,10.0,10.0,10.0,10.0,10.0,80.0,22265832
10.0,10.0,9.0,10.0,10.0,10.0,92.0,22266125
10.0,9.0,10.0,10.0,10.0,9.0,93.0,22268452
10.0,10.0,10.0,10.0,10.0,10.0,100.0,22269344
10.0,8.0,10.0,10.0,10.0,10.0,92.0,22277833
,,,,,,,22282797
9.0,9.0,10.0,9.0,10.0,9.0,89.0,2228741
,,,,,,,22287612
10.0,9.0,10.0,10.0,10.0,9.0,95.0,2228863
10.0,8.0,8.0,10.0,10.0,10.0,80.0,22295090
10.0,10.0,10.0,10.0,10.0,10.0,99.0,22295354
10.0,10.0,10.0,10.0,10.0,10.0,97.0,22295401
,,,,,,,22295843
10.0,8.0,10.0,10.0,10.0,10.0,80.0,22296970
9.0,9.0,10.0,10.0,9.0,9.0,89.0,22297561
7.0,6.0,7.0,6.0,8.0,6.0,60.0,22304343
,,,,,,,22307086
,,,,,,,22308267
10.0,9.0,10.0,10.0,10.0,10.0,95.0,22308786
,,,,,,,2231059
10.0,9.0,10.0,10.0,10.0,9.0,94.0,223200
10.0,10.0,10.0,10.0,10.0,10.0,97.0,22322057
10.0,9.0,10.0,10.0,9.0,10.0,96.0,22323221
8.0,8.0,10.0,8.0,10.0,10.0,85.0,22335017
10.0,10.0,10.0,10.0,10.0,10.0,95.0,22336599
,,,,,,,22336644
10.0,9.0,10.0,10.0,9.0,9.0,94.0,22337456
8.0,8.0,8.0,8.0,8.0,8.0,75.0,22339946
10.0,8.0,10.0,10.0,10.0,10.0,80.0,22341528
10.0,5.0,10.0,10.0,10.0,10.0,80.0,22343897
10.0,10.0,10.0,10.0,10.0,8.0,100.0,22344471
10.0,10.0,10.0,10.0,9.0,9.0,99.0,22346270
,,,,,,,22362074
10.0,10.0,10.0,10.0,10.0,10.0,96.0,22362742
10.0,10.0,10.0,10.0,10.0,10.0,99.0,2236449
8.0,8.0,10.0,10.0,10.0,10.0,100.0,22367184
10.0,9.0,10.0,10.0,10.0,9.0,95.0,22370001
10.0,9.0,10.0,10.0,10.0,10.0,90.0,22370331
10.0,10.0,10.0,10.0,10.0,10.0,98.0,22374646
9.0,10.0,10.0,10.0,9.0,10.0,94.0,22376372
10.0,9.0,9.0,10.0,10.0,9.0,89.0,22378312
10.0,8.0,10.0,9.0,10.0,9.0,87.0,22382752
10.0,10.0,10.0,10.0,10.0,9.0,96.0,22384305
10.0,10.0,10.0,10.0,8.0,8.0,100.0,22385219
10.0,10.0,10.0,10.0,10.0,9.0,96.0,223930
10.0,10.0,10.0,10.0,9.0,10.0,99.0,22396955
,,,,,,,22410282
9.0,9.0,10.0,10.0,10.0,9.0,92.0,22412815
10.0,10.0,10.0,10.0,9.0,10.0,100.0,22420791
10.0,10.0,10.0,10.0,10.0,10.0,98.0,22452499
10.0,10.0,10.0,10.0,10.0,10.0,100.0,22464989
10.0,10.0,10.0,10.0,10.0,10.0,98.0,22465071
,,,,,,,22479557
10.0,10.0,9.0,10.0,10.0,10.0,90.0,22496428
,,,,,,,22499729
10.0,10.0,10.0,10.0,10.0,9.0,93.0,22509800
10.0,10.0,10.0,10.0,10.0,9.0,100.0,22519067
10.0,10.0,10.0,10.0,10.0,9.0,87.0,22529830
9.0,9.0,10.0,10.0,9.0,9.0,94.0,22530493
10.0,9.0,9.0,10.0,10.0,9.0,90.0,22533268
10.0,7.0,10.0,10.0,10.0,10.0,87.0,2253500
10.0,10.0,10.0,9.0,10.0,10.0,100.0,22535144
8.0,8.0,8.0,7.0,8.0,8.0,80.0,22536752
10.0,10.0,10.0,10.0,10.0,10.0,100.0,22536824
10.0,9.0,10.0,10.0,10.0,10.0,95.0,22548261
10.0,10.0,10.0,10.0,10.0,10.0,98.0,2255549
,,,,,,,22569026
10.0,8.0,10.0,10.0,10.0,8.0,84.0,22574501
10.0,9.0,10.0,10.0,10.0,9.0,96.0,22585112
,,,,,,,22586208
10.0,10.0,10.0,10.0,10.0,9.0,96.0,22586401
8.0,4.0,10.0,10.0,10.0,8.0,60.0,22600065
,,,,,,,22610083
10.0,10.0,10.0,10.0,9.0,10.0,100.0,22613522
10.0,10.0,10.0,10.0,10.0,10.0,97.0,22622636
9.0,7.0,9.0,9.0,10.0,9.0,86.0,22624198
10.0,10.0,10.0,10.0,10.0,10.0,96.0,2263327
,,,,,,,22649080
10.0,9.0,9.0,10.0,10.0,9.0,93.0,2265321
10.0,10.0,10.0,10.0,8.0,10.0,100.0,22654578
10.0,9.0,10.0,10.0,10.0,9.0,96.0,22661818
10.0,10.0,10.0,10.0,10.0,10.0,100.0,22665888
,,,,,,,2267006
10.0,7.0,9.0,8.0,10.0,9.0,75.0,22672234
,,,,,,,22674839
,,,,,,,22691928
,,,,,,,22697380
10.0,10.0,10.0,10.0,9.0,10.0,97.0,22706114
10.0,9.0,10.0,10.0,10.0,10.0,96.0,22707139
10.0,10.0,10.0,10.0,10.0,10.0,100.0,22711366
,,,,,,,22716126
,,,,,,,2271702
10.0,10.0,10.0,10.0,10.0,9.0,97.0,22717303
8.0,8.0,6.0,7.0,10.0,7.0,75.0,22730070
10.0,10.0,10.0,10.0,9.0,9.0,94.0,2274454
10.0,10.0,10.0,10.0,10.0,10.0,100.0,22773037
9.0,9.0,9.0,9.0,10.0,9.0,91.0,2278444
9.0,9.0,10.0,10.0,10.0,9.0,92.0,2279098
10.0,9.0,10.0,10.0,10.0,10.0,95.0,22792908
10.0,10.0,10.0,10.0,9.0,10.0,97.0,22811503
9.0,9.0,10.0,10.0,10.0,9.0,93.0,22823671
10.0,10.0,10.0,10.0,10.0,10.0,100.0,2283492
,,,,,,,22852449
9.0,10.0,10.0,10.0,9.0,9.0,97.0,22856113
10.0,10.0,10.0,10.0,9.0,9.0,95.0,22860459
10.0,10.0,10.0,10.0,10.0,10.0,99.0,22870249
10.0,10.0,10.0,10.0,10.0,10.0,95.0,22878471
,,,,,,,22879740
,,,,,,,22882443
10.0,9.0,9.0,10.0,10.0,9.0,90.0,22891830
,,,,,,,2290346
10.0,10.0,10.0,10.0,10.0,10.0,99.0,22906280
,,,,,,,22906483
9.0,8.0,10.0,10.0,10.0,10.0,90.0,22919250
10.0,10.0,10.0,10.0,9.0,9.0,100.0,22920564
10.0,10.0,10.0,10.0,10.0,10.0,100.0,22923322
,,,,,,,22926186
10.0,10.0,10.0,10.0,10.0,10.0,97.0,22936556
10.0,10.0,9.0,10.0,10.0,10.0,98.0,22938161
9.0,10.0,10.0,10.0,10.0,10.0,100.0,22942398
10.0,10.0,10.0,10.0,10.0,10.0,100.0,22947339
,,,,,,,22947425
,,,,,,,22949323
10.0,10.0,10.0,10.0,10.0,10.0,99.0,22949667
10.0,10.0,10.0,10.0,10.0,9.0,96.0,22950622
,,,,,,,22952561
,,,,,,,22952950
10.0,10.0,10.0,10.0,10.0,10.0,100.0,22960273
10.0,10.0,10.0,10.0,10.0,10.0,96.0,2296225
10.0,10.0,10.0,10.0,10.0,10.0,100.0,22963647
,,,,,,,22967401
,,,,,,,2297326
10.0,9.0,10.0,10.0,10.0,10.0,94.0,22973623
,,,,,,,22974298
10.0,9.0,10.0,10.0,9.0,9.0,97.0,22978545
,,,,,,,2297951
9.0,9.0,10.0,10.0,10.0,8.0,93.0,2298271
10.0,10.0,10.0,10.0,9.0,10.0,97.0,229954
,,,,,,,22995937
,,,,,,,22998529
10.0,10.0,10.0,10.0,10.0,10.0,100.0,22999384
,,,,,,,23002294
9.0,8.0,9.0,9.0,7.0,8.0,80.0,23003772
10.0,9.0,10.0,10.0,9.0,9.0,89.0,23003982
8.0,8.0,8.0,10.0,10.0,8.0,100.0,23007600
10.0,7.0,9.0,9.0,10.0,9.0,100.0,23009002
8.0,8.0,9.0,8.0,10.0,8.0,83.0,2301710
8.0,10.0,10.0,10.0,8.0,10.0,100.0,23026295
9.0,8.0,10.0,10.0,9.0,9.0,95.0,230321
10.0,10.0,10.0,10.0,10.0,10.0,100.0,23046994
10.0,10.0,10.0,10.0,10.0,8.0,100.0,23053892
,,,,,,,23056162
10.0,9.0,10.0,10.0,10.0,10.0,100.0,23058133
10.0,9.0,10.0,10.0,10.0,9.0,94.0,23065620
10.0,9.0,10.0,10.0,9.0,9.0,94.0,23066385
,,,,,,,23070341
,,,,,,,23077196
10.0,10.0,10.0,10.0,10.0,9.0,97.0,23085006
10.0,10.0,10.0,10.0,9.0,10.0,98.0,23091957
,,,,,,,23104001
10.0,9.0,10.0,10.0,9.0,9.0,94.0,2310445
10.0,9.0,10.0,10.0,10.0,9.0,94.0,23106836
10.0,9.0,10.0,10.0,9.0,9.0,91.0,23109052
,,,,,,,23115177
10.0,10.0,10.0,10.0,9.0,9.0,100.0,23115849
9.0,9.0,9.0,9.0,10.0,9.0,80.0,23121270
9.0,9.0,9.0,9.0,9.0,9.0,90.0,23121553
9.0,9.0,10.0,9.0,9.0,9.0,88.0,23122981
,,,,,,,23136504
10.0,10.0,10.0,10.0,10.0,9.0,95.0,2314392
10.0,9.0,10.0,10.0,10.0,9.0,96.0,2314585
9.0,9.0,10.0,10.0,10.0,9.0,91.0,23149443
,,,,,,,2315341
10.0,10.0,10.0,10.0,10.0,10.0,100.0,23160633
,,,,,,,23168092
9.0,8.0,9.0,10.0,10.0,9.0,85.0,23168698
10.0,9.0,10.0,10.0,9.0,9.0,94.0,23170038
10.0,9.0,10.0,10.0,10.0,9.0,96.0,23170936
10.0,9.0,10.0,10.0,10.0,9.0,93.0,23171144
10.0,9.0,10.0,10.0,10.0,10.0,96.0,23177595
10.0,9.0,10.0,10.0,10.0,9.0,93.0,23178393
9.0,9.0,10.0,9.0,10.0,9.0,90.0,23180898
,,,,,,,23183387
10.0,10.0,10.0,10.0,10.0,10.0,99.0,23184301
10.0,10.0,10.0,10.0,10.0,10.0,100.0,23187368
,,,,,,,23190119
,,,,,,,23199067
8.0,8.0,10.0,10.0,8.0,8.0,60.0,23202804
,,,,,,,23206433
,,,,,,,23209370
10.0,10.0,10.0,10.0,10.0,10.0,100.0,23210058
9.0,10.0,10.0,10.0,9.0,9.0,93.0,23210868
10.0,9.0,10.0,9.0,10.0,9.0,93.0,23211669
9.0,9.0,9.0,9.0,9.0,9.0,92.0,23211754
10.0,10.0,10.0,10.0,10.0,10.0,100.0,23217617
10.0,10.0,10.0,10.0,10.0,10.0,95.0,23219232
10.0,10.0,10.0,10.0,10.0,10.0,100.0,23219274
10.0,10.0,10.0,10.0,9.0,10.0,95.0,23222456
,,,,,,,2322556
,,,,,,,23232473
10.0,10.0,10.0,10.0,9.0,10.0,100.0,2324694
10.0,10.0,10.0,9.0,10.0,10.0,95.0,23249192
,,,,,,,23251205
10.0,10.0,10.0,10.0,9.0,9.0,100.0,23252017
,,,,,,,23257630
10.0,10.0,10.0,10.0,10.0,9.0,96.0,23258431
10.0,8.0,8.0,8.0,9.0,9.0,75.0,23275462
10.0,10.0,10.0,10.0,10.0,10.0,99.0,23282173
10.0,10.0,10.0,10.0,10.0,9.0,92.0,23284399
9.0,10.0,9.0,9.0,10.0,9.0,90.0,23286576
,,,,,,,23297459
8.0,8.0,9.0,8.0,10.0,8.0,65.0,23298687
10.0,9.0,10.0,10.0,10.0,9.0,93.0,23300444
10.0,9.0,10.0,10.0,9.0,9.0,95.0,23300467
9.0,10.0,9.0,9.0,10.0,9.0,86.0,23303574
4.0,2.0,6.0,2.0,8.0,4.0,40.0,23309295
10.0,10.0,10.0,10.0,10.0,9.0,96.0,23311828
9.0,9.0,10.0,10.0,10.0,9.0,87.0,23311924
9.0,9.0,10.0,10.0,10.0,9.0,95.0,23312848
10.0,9.0,10.0,10.0,10.0,10.0,95.0,23313997
,,,,,,,23317712
,,,,,,,23317959
9.0,10.0,10.0,9.0,9.0,9.0,93.0,23321866
10.0,10.0,10.0,10.0,10.0,10.0,99.0,23325683
10.0,10.0,10.0,10.0,10.0,9.0,100.0,23341856
9.0,9.0,10.0,9.0,10.0,9.0,87.0,23341918
10.0,9.0,10.0,9.0,10.0,9.0,92.0,23357535
9.0,8.0,9.0,10.0,9.0,9.0,80.0,23364269
10.0,9.0,10.0,10.0,9.0,10.0,97.0,23370900
10.0,10.0,10.0,10.0,10.0,10.0,98.0,23374190
9.0,9.0,9.0,10.0,9.0,9.0,91.0,2338855
,,,,,,,23389233
10.0,10.0,10.0,10.0,9.0,9.0,95.0,23391765
9.0,8.0,10.0,10.0,10.0,9.0,87.0,23394209
10.0,10.0,10.0,10.0,10.0,10.0,100.0,23398484
4.0,2.0,8.0,8.0,8.0,4.0,20.0,23402460
10.0,9.0,9.0,9.0,10.0,9.0,95.0,23403194
10.0,10.0,10.0,10.0,10.0,10.0,100.0,23408377
,,,,,,,23419162
9.0,8.0,10.0,10.0,9.0,9.0,85.0,23428550
10.0,10.0,10.0,10.0,10.0,10.0,97.0,23435015
10.0,9.0,10.0,10.0,10.0,10.0,96.0,23440490
9.0,9.0,9.0,9.0,8.0,9.0,83.0,2344661
,,,,,,,23456309
10.0,10.0,10.0,10.0,10.0,10.0,98.0,23458059
9.0,10.0,10.0,9.0,10.0,9.0,96.0,23465144
9.0,10.0,10.0,9.0,10.0,9.0,87.0,23471052
8.0,8.0,10.0,10.0,10.0,6.0,100.0,23479384
10.0,10.0,10.0,10.0,10.0,10.0,98.0,23482784
10.0,10.0,10.0,10.0,10.0,10.0,100.0,23483491
,,,,,,,23484405
,,,,,,,23484485
10.0,10.0,10.0,10.0,10.0,9.0,93.0,23486555
9.0,10.0,10.0,10.0,9.0,10.0,92.0,23493822
10.0,9.0,10.0,10.0,10.0,9.0,100.0,23494020
9.0,10.0,10.0,9.0,9.0,9.0,90.0,23496149
10.0,10.0,10.0,10.0,10.0,9.0,95.0,23497303
10.0,10.0,10.0,10.0,9.0,9.0,93.0,23504122
,,,,,,,23509047
10.0,10.0,10.0,10.0,10.0,8.0,100.0,23509750
,,,,,,,23509818
9.0,9.0,10.0,9.0,10.0,9.0,89.0,23510317
10.0,10.0,10.0,10.0,10.0,10.0,100.0,2351455
8.0,8.0,9.0,9.0,10.0,9.0,83.0,23519016
9.0,9.0,9.0,10.0,10.0,10.0,92.0,23521898
10.0,10.0,10.0,10.0,9.0,10.0,97.0,23527078
10.0,10.0,10.0,10.0,10.0,10.0,100.0,23529310
9.0,9.0,9.0,9.0,10.0,9.0,90.0,23531374
,,,,,,,23532756
9.0,9.0,9.0,9.0,9.0,9.0,88.0,23535021
10.0,10.0,10.0,10.0,10.0,10.0,100.0,23538605
10.0,10.0,10.0,10.0,10.0,10.0,100.0,23538754
10.0,10.0,10.0,10.0,10.0,10.0,100.0,23550998
10.0,10.0,10.0,10.0,9.0,10.0,100.0,23553008
,,,,,,,23562342
10.0,10.0,10.0,10.0,10.0,10.0,97.0,235651
4.0,6.0,10.0,10.0,2.0,6.0,60.0,23572358
9.0,9.0,10.0,9.0,10.0,9.0,87.0,23574380
,,,,,,,23578543
10.0,10.0,10.0,10.0,10.0,10.0,97.0,23587621
10.0,9.0,9.0,9.0,10.0,9.0,93.0,23587909
9.0,9.0,9.0,9.0,9.0,9.0,90.0,23606639
8.0,8.0,8.0,9.0,8.0,8.0,78.0,23611001
,,,,,,,23611060
,,,,,,,23621105
,,,,,,,23621554
,,,,,,,23629071
7.0,7.0,7.0,5.0,7.0,7.0,67.0,23630079
9.0,7.0,9.0,10.0,9.0,8.0,80.0,23630628
9.0,9.0,9.0,10.0,10.0,9.0,93.0,23636182
,,,,,,,23644123
,,,,,,,23648402
9.0,9.0,9.0,9.0,10.0,9.0,93.0,23650296
9.0,8.0,10.0,10.0,10.0,9.0,89.0,23650892
,,,,,,,23662965
8.0,8.0,10.0,8.0,10.0,8.0,68.0,23671806
10.0,9.0,10.0,10.0,9.0,9.0,95.0,23679945
10.0,8.0,10.0,10.0,10.0,9.0,95.0,2368021
,,,,,,,23681559
,,,,,,,23681585
,,,,,,,23682266
10.0,10.0,10.0,10.0,10.0,9.0,94.0,23684385
,,,,,,,23686193
,,,,,,,23687643
10.0,10.0,10.0,10.0,10.0,9.0,97.0,23688192
10.0,9.0,9.0,10.0,10.0,9.0,88.0,23692382
10.0,6.0,10.0,6.0,8.0,8.0,80.0,23695471
,,,,,,,23700685
9.0,9.0,9.0,9.0,10.0,7.0,75.0,23715192
,,,,,,,23717824
10.0,10.0,10.0,10.0,10.0,10.0,98.0,23720900
10.0,8.0,10.0,10.0,10.0,10.0,80.0,23730118
10.0,9.0,10.0,10.0,10.0,10.0,90.0,2373963
10.0,10.0,9.0,9.0,10.0,9.0,91.0,23743781
8.0,9.0,9.0,9.0,10.0,9.0,88.0,23749673
10.0,10.0,10.0,10.0,10.0,10.0,100.0,23755792
10.0,10.0,10.0,10.0,10.0,10.0,100.0,23759457
10.0,10.0,10.0,10.0,9.0,10.0,98.0,23763097
10.0,10.0,10.0,10.0,9.0,10.0,98.0,23766166
10.0,10.0,10.0,10.0,10.0,10.0,95.0,23769045
10.0,10.0,10.0,10.0,10.0,10.0,100.0,23769793
,,,,,,,23770863
9.0,9.0,10.0,10.0,10.0,9.0,94.0,23771506
10.0,10.0,10.0,10.0,10.0,10.0,99.0,23788201
10.0,10.0,10.0,10.0,10.0,10.0,99.0,23792007
9.0,8.0,9.0,9.0,9.0,9.0,87.0,23797007
9.0,7.0,9.0,9.0,9.0,8.0,80.0,23803557
,,,,,,,2380403
9.0,9.0,9.0,10.0,10.0,9.0,86.0,23809500
,,,,,,,23817774
10.0,10.0,10.0,10.0,10.0,10.0,96.0,23822150
10.0,10.0,10.0,10.0,10.0,10.0,99.0,23828577
,,,,,,,23831089
10.0,10.0,10.0,10.0,10.0,10.0,100.0,23832922
7.0,7.0,10.0,9.0,7.0,7.0,80.0,23839051
10.0,10.0,10.0,10.0,9.0,9.0,93.0,23840566
10.0,10.0,10.0,10.0,10.0,10.0,100.0,23862155
8.0,10.0,10.0,10.0,10.0,9.0,80.0,23872995
,,,,,,,23876137
10.0,10.0,10.0,10.0,10.0,10.0,99.0,23887963
,,,,,,,23888208
10.0,9.0,9.0,10.0,10.0,9.0,94.0,23892039
10.0,8.0,10.0,10.0,10.0,10.0,100.0,23895712
,,,,,,,23896389
10.0,9.0,10.0,10.0,10.0,10.0,90.0,23897006
,,,,,,,23898015
10.0,10.0,10.0,10.0,9.0,10.0,98.0,23900565
10.0,10.0,10.0,10.0,10.0,10.0,100.0,23921295
,,,,,,,23923242
10.0,10.0,10.0,10.0,10.0,10.0,100.0,23926355
9.0,9.0,10.0,10.0,9.0,9.0,90.0,2393133
,,,,,,,23938644
9.0,9.0,9.0,9.0,10.0,9.0,85.0,23953865
10.0,10.0,10.0,10.0,10.0,10.0,97.0,23960324
10.0,10.0,10.0,10.0,10.0,10.0,95.0,23970178
10.0,10.0,10.0,10.0,10.0,10.0,96.0,23978926
10.0,10.0,10.0,10.0,10.0,10.0,97.0,23980486
10.0,10.0,10.0,10.0,10.0,10.0,100.0,23982823
10.0,9.0,10.0,10.0,9.0,9.0,92.0,23989053
10.0,9.0,10.0,10.0,10.0,10.0,100.0,239899
10.0,9.0,10.0,10.0,10.0,10.0,93.0,23999395
,,,,,,,24001961
7.0,8.0,7.0,8.0,10.0,6.0,90.0,24004679
10.0,10.0,10.0,10.0,10.0,10.0,100.0,2400861
10.0,10.0,10.0,10.0,10.0,10.0,97.0,24009924
10.0,9.0,10.0,10.0,10.0,9.0,96.0,24019419
9.0,9.0,10.0,10.0,10.0,9.0,91.0,24026688
10.0,10.0,10.0,10.0,10.0,9.0,95.0,24032849
,,,,,,,24038067
8.0,8.0,10.0,10.0,9.0,7.0,70.0,24041662
10.0,10.0,10.0,10.0,10.0,9.0,96.0,24049135
9.0,8.0,9.0,9.0,10.0,9.0,84.0,24052553
,,,,,,,24057445
,,,,,,,24057513
9.0,9.0,9.0,9.0,10.0,9.0,89.0,24064211
9.0,9.0,9.0,9.0,9.0,9.0,93.0,24066499
10.0,10.0,10.0,10.0,10.0,10.0,100.0,24074680
10.0,10.0,10.0,10.0,10.0,10.0,100.0,24083322
10.0,9.0,10.0,10.0,10.0,10.0,93.0,24100782
10.0,10.0,10.0,10.0,10.0,10.0,100.0,24106365
10.0,9.0,9.0,10.0,9.0,9.0,91.0,24106738
10.0,9.0,10.0,10.0,9.0,10.0,92.0,24119
,,,,,,,24119630
,,,,,,,24120262
10.0,8.0,10.0,10.0,10.0,10.0,96.0,24146463
9.0,10.0,10.0,10.0,10.0,10.0,100.0,24156479
9.0,9.0,9.0,10.0,10.0,9.0,89.0,24159286
,,,,,,,24160559
,,,,,,,24161923
,,,,,,,24163558
10.0,10.0,10.0,4.0,10.0,10.0,100.0,24169674
,,,,,,,24170892
,,,,,,,24173657
,,,,,,,2418216
10.0,9.0,10.0,10.0,10.0,9.0,93.0,24182390
10.0,10.0,10.0,10.0,10.0,10.0,100.0,24186376
10.0,9.0,10.0,10.0,9.0,9.0,100.0,24186748
10.0,10.0,10.0,10.0,10.0,10.0,100.0,24187105
,,,,,,,24200355
10.0,10.0,10.0,10.0,10.0,9.0,98.0,24207163
9.0,10.0,9.0,10.0,9.0,9.0,85.0,24208472
10.0,9.0,10.0,10.0,10.0,9.0,100.0,24211932
10.0,10.0,10.0,10.0,10.0,10.0,94.0,24212994
10.0,9.0,10.0,9.0,10.0,10.0,93.0,24218782
10.0,10.0,10.0,10.0,10.0,10.0,98.0,2422745
,,,,,,,24266056
10.0,10.0,10.0,10.0,9.0,9.0,93.0,24266863
10.0,8.0,10.0,10.0,10.0,9.0,97.0,24267275
9.0,9.0,10.0,10.0,10.0,9.0,93.0,24270504
10.0,10.0,10.0,10.0,10.0,10.0,91.0,24278775
9.0,10.0,10.0,10.0,9.0,9.0,96.0,24279661
,,,,,,,24284013
10.0,10.0,10.0,10.0,10.0,9.0,98.0,24290706
10.0,9.0,10.0,10.0,10.0,9.0,96.0,24296834
10.0,10.0,10.0,9.0,10.0,10.0,98.0,24298167
9.0,9.0,9.0,9.0,9.0,9.0,91.0,2432138
10.0,10.0,10.0,10.0,10.0,10.0,100.0,24322799
9.0,7.0,10.0,9.0,9.0,9.0,88.0,24322969
10.0,10.0,10.0,9.0,10.0,9.0,86.0,24324367
10.0,10.0,10.0,10.0,9.0,10.0,97.0,24333246
,,,,,,,24335884
10.0,10.0,9.0,10.0,9.0,10.0,94.0,24340252
10.0,10.0,10.0,10.0,10.0,10.0,96.0,24348022
9.0,9.0,10.0,10.0,10.0,9.0,90.0,24360345
10.0,9.0,10.0,10.0,10.0,10.0,100.0,24365442
,,,,,,,24365488
9.0,8.0,8.0,8.0,9.0,9.0,90.0,2436700
,,,,,,,24368563
9.0,8.0,10.0,10.0,9.0,9.0,91.0,24378806
10.0,10.0,10.0,10.0,10.0,10.0,100.0,24391397
,,,,,,,24393912
10.0,10.0,10.0,10.0,9.0,10.0,97.0,24404723
10.0,10.0,10.0,9.0,10.0,10.0,91.0,24413268
,,,,,,,24417981
10.0,10.0,10.0,10.0,8.0,10.0,100.0,24418052
9.0,9.0,9.0,9.0,10.0,9.0,91.0,2442588
10.0,10.0,10.0,10.0,9.0,9.0,90.0,24426527
10.0,10.0,10.0,10.0,10.0,10.0,100.0,24427877
8.0,9.0,10.0,9.0,10.0,8.0,80.0,24448278
,,,,,,,24448873
10.0,10.0,9.0,9.0,8.0,9.0,93.0,24450419
,,,,,,,24459731
10.0,10.0,10.0,10.0,10.0,10.0,97.0,24460520
9.0,9.0,10.0,9.0,10.0,9.0,91.0,24460964
10.0,10.0,10.0,10.0,10.0,10.0,100.0,24461559
10.0,10.0,10.0,8.0,10.0,10.0,100.0,24461891
10.0,10.0,8.0,9.0,9.0,9.0,97.0,24462062
,,,,,,,24474335
9.0,9.0,10.0,10.0,10.0,9.0,92.0,24477058
,,,,,,,24479494
9.0,9.0,3.0,5.0,8.0,7.0,70.0,24486669
8.0,5.0,7.0,8.0,8.0,7.0,70.0,24492886
,,,,,,,24495769
10.0,10.0,10.0,9.0,10.0,10.0,90.0,24498566
10.0,10.0,10.0,10.0,10.0,10.0,100.0,24505019
,,,,,,,24505378
10.0,10.0,10.0,10.0,9.0,9.0,98.0,24505523
,,,,,,,24507361
9.0,9.0,9.0,9.0,9.0,9.0,89.0,24511562
9.0,8.0,10.0,10.0,10.0,9.0,85.0,24513807
10.0,10.0,10.0,10.0,8.0,10.0,100.0,24515090
10.0,10.0,10.0,10.0,9.0,8.0,96.0,24521048
9.0,9.0,10.0,9.0,10.0,9.0,94.0,24521177
9.0,10.0,9.0,9.0,9.0,10.0,87.0,24527330
2.0,2.0,10.0,10.0,8.0,2.0,20.0,24528857
10.0,10.0,10.0,10.0,9.0,10.0,100.0,2453739
10.0,9.0,10.0,10.0,9.0,9.0,91.0,245574
9.0,7.0,9.0,9.0,7.0,7.0,80.0,2456142
10.0,10.0,10.0,10.0,10.0,9.0,98.0,24574651
8.0,10.0,9.0,9.0,10.0,9.0,87.0,24579565
9.0,9.0,9.0,9.0,10.0,9.0,85.0,2458782
10.0,10.0,10.0,10.0,10.0,9.0,88.0,24608152
10.0,8.0,10.0,10.0,10.0,10.0,100.0,24608765
,,,,,,,24615811
,,,,,,,2462714
,,,,,,,24627916
10.0,10.0,10.0,10.0,9.0,9.0,92.0,2462948
,,,,,,,24640187
9.0,10.0,10.0,10.0,10.0,9.0,95.0,2464745
10.0,9.0,10.0,10.0,10.0,10.0,95.0,24647767
,,,,,,,24652262
10.0,10.0,10.0,10.0,9.0,9.0,100.0,24652972
9.0,9.0,10.0,10.0,10.0,9.0,91.0,24660064
10.0,10.0,10.0,10.0,10.0,9.0,98.0,24662841
10.0,10.0,10.0,10.0,10.0,10.0,100.0,2467258
10.0,10.0,10.0,10.0,10.0,10.0,100.0,24672681
10.0,10.0,10.0,10.0,10.0,10.0,100.0,2467377
10.0,10.0,10.0,10.0,9.0,10.0,98.0,24675658
10.0,6.0,10.0,8.0,10.0,8.0,80.0,24693627
10.0,10.0,10.0,10.0,10.0,10.0,100.0,24717812
9.0,8.0,10.0,10.0,9.0,8.0,87.0,24735009
10.0,10.0,10.0,10.0,10.0,10.0,100.0,24735200
,,,,,,,24735442
10.0,10.0,8.0,8.0,10.0,8.0,70.0,24740074
10.0,10.0,10.0,10.0,10.0,10.0,100.0,24748967
10.0,10.0,10.0,9.0,10.0,10.0,100.0,24751719
10.0,10.0,10.0,10.0,10.0,10.0,100.0,24755982
10.0,10.0,10.0,10.0,10.0,10.0,100.0,24779608
8.0,8.0,8.0,8.0,8.0,8.0,80.0,24785954
9.0,9.0,8.0,9.0,8.0,8.0,85.0,24800927
10.0,10.0,10.0,10.0,10.0,10.0,100.0,24806307
10.0,9.0,10.0,10.0,10.0,9.0,94.0,24807963
,,,,,,,24809999
9.0,8.0,9.0,10.0,10.0,9.0,90.0,24818739
10.0,10.0,9.0,10.0,10.0,9.0,95.0,24819150
10.0,9.0,10.0,10.0,10.0,9.0,95.0,2482036
10.0,9.0,10.0,10.0,10.0,10.0,96.0,24825256
10.0,9.0,10.0,10.0,9.0,10.0,94.0,24829178
10.0,10.0,10.0,10.0,10.0,10.0,99.0,24845400
,,,,,,,24847096
,,,,,,,24847275
,,,,,,,24847281
10.0,10.0,10.0,10.0,10.0,10.0,99.0,24848349
10.0,10.0,10.0,10.0,10.0,10.0,100.0,24849266
,,,,,,,24849631
10.0,10.0,10.0,10.0,10.0,10.0,97.0,248537
10.0,10.0,10.0,10.0,10.0,10.0,100.0,24857815
10.0,10.0,10.0,10.0,10.0,9.0,95.0,24858356
10.0,10.0,10.0,9.0,10.0,9.0,93.0,24859326
,,,,,,,24862771
10.0,10.0,10.0,10.0,10.0,10.0,99.0,24863216
,,,,,,,24867235
10.0,10.0,9.0,8.0,10.0,10.0,95.0,24868157
7.0,6.0,10.0,10.0,7.0,6.0,68.0,24871838
9.0,9.0,10.0,10.0,10.0,9.0,95.0,24874349
10.0,10.0,10.0,10.0,9.0,10.0,99.0,24899410
,,,,,,,24900291
,,,,,,,24903267
9.0,8.0,9.0,9.0,10.0,9.0,86.0,24903500
10.0,10.0,10.0,10.0,9.0,9.0,98.0,24916356
10.0,10.0,10.0,10.0,10.0,10.0,97.0,24916415
9.0,9.0,10.0,10.0,10.0,9.0,92.0,24916551
10.0,10.0,10.0,10.0,10.0,10.0,100.0,24917020
,,,,,,,24917622
10.0,10.0,10.0,10.0,10.0,10.0,100.0,24917821
9.0,10.0,10.0,10.0,10.0,9.0,94.0,2493382
2.0,2.0,2.0,2.0,2.0,2.0,20.0,24938559
10.0,10.0,10.0,9.0,9.0,10.0,100.0,24944774
9.0,9.0,9.0,9.0,9.0,9.0,89.0,24945999
10.0,10.0,10.0,10.0,9.0,9.0,100.0,24948880
10.0,10.0,10.0,10.0,10.0,10.0,100.0,24952440
10.0,10.0,10.0,10.0,10.0,10.0,100.0,24955954
,,,,,,,24960094
10.0,9.0,10.0,10.0,10.0,9.0,100.0,24960259
10.0,10.0,10.0,10.0,10.0,10.0,100.0,24960623
10.0,9.0,10.0,10.0,9.0,10.0,100.0,24969860
10.0,10.0,10.0,10.0,10.0,10.0,100.0,24970484
,,,,,,,24972885
10.0,8.0,9.0,10.0,9.0,9.0,84.0,24981028
9.0,9.0,10.0,10.0,8.0,9.0,85.0,24982210
10.0,10.0,10.0,10.0,10.0,10.0,100.0,24993202
,,,,,,,24999091
10.0,10.0,10.0,10.0,10.0,10.0,99.0,25014628
,,,,,,,25034631
10.0,10.0,10.0,10.0,9.0,10.0,100.0,25061385
,,,,,,,25065550
9.0,8.0,9.0,8.0,9.0,8.0,78.0,25069056
10.0,9.0,10.0,10.0,10.0,9.0,91.0,25069374
10.0,10.0,10.0,10.0,10.0,10.0,98.0,25070084
10.0,10.0,10.0,10.0,10.0,10.0,100.0,25070327
10.0,10.0,10.0,10.0,9.0,10.0,100.0,25071762
10.0,10.0,10.0,10.0,10.0,10.0,100.0,25082056
10.0,9.0,9.0,10.0,10.0,10.0,95.0,25086367
10.0,8.0,9.0,10.0,9.0,9.0,90.0,25086993
,,,,,,,25104160
4.0,10.0,6.0,10.0,10.0,6.0,60.0,25104214
,,,,,,,2510866
10.0,10.0,10.0,10.0,10.0,10.0,100.0,25117844
,,,,,,,25118763
,,,,,,,25119033
10.0,10.0,10.0,10.0,10.0,10.0,100.0,25130140
8.0,6.0,8.0,8.0,10.0,10.0,100.0,25134372
10.0,10.0,10.0,10.0,9.0,10.0,95.0,25135972
9.0,9.0,9.0,10.0,9.0,9.0,91.0,25136779
,10.0,10.0,10.0,10.0,10.0,100.0,251414
10.0,9.0,10.0,10.0,10.0,9.0,90.0,25144253
10.0,10.0,10.0,10.0,10.0,10.0,97.0,25148829
,,,,,,,25150521
9.0,9.0,9.0,9.0,9.0,9.0,93.0,2515976
10.0,10.0,10.0,10.0,10.0,10.0,100.0,25167125
10.0,10.0,10.0,10.0,10.0,10.0,100.0,25167361
,,,,,,,25173285
10.0,10.0,10.0,10.0,10.0,10.0,100.0,25183276
10.0,10.0,10.0,10.0,9.0,9.0,95.0,25185445
10.0,10.0,9.0,10.0,10.0,9.0,97.0,25187510
,,,,,,,25188067
10.0,10.0,10.0,10.0,10.0,10.0,97.0,25189566
9.0,8.0,8.0,9.0,9.0,8.0,82.0,25200117
10.0,10.0,10.0,9.0,9.0,10.0,93.0,25200703
10.0,10.0,10.0,10.0,10.0,10.0,96.0,25211066
9.0,8.0,10.0,10.0,9.0,9.0,90.0,25217878
,,,,,,,25223461
10.0,8.0,10.0,10.0,10.0,8.0,80.0,25224358
10.0,10.0,10.0,10.0,10.0,10.0,100.0,25226807
10.0,10.0,10.0,10.0,10.0,10.0,100.0,25233509
9.0,8.0,10.0,10.0,9.0,9.0,87.0,25238139
10.0,10.0,10.0,10.0,10.0,10.0,100.0,25239252
10.0,10.0,10.0,10.0,10.0,10.0,100.0,25241699
10.0,10.0,10.0,10.0,10.0,10.0,100.0,25244992
10.0,10.0,10.0,10.0,9.0,10.0,98.0,25248977
10.0,9.0,10.0,10.0,10.0,9.0,95.0,25250380
10.0,10.0,10.0,10.0,10.0,10.0,98.0,25261646
9.0,9.0,10.0,9.0,10.0,9.0,92.0,25264318
10.0,10.0,10.0,10.0,10.0,10.0,99.0,25266022
,,,,,,,25266112
8.0,8.0,8.0,9.0,9.0,8.0,79.0,25277573
,,,,,,,25280061
,,,,,,,25281132
10.0,10.0,10.0,10.0,9.0,9.0,100.0,25281601
9.0,8.0,8.0,8.0,8.0,9.0,79.0,25292788
10.0,10.0,10.0,10.0,9.0,10.0,96.0,2530337
,,,,,,,25311086
10.0,9.0,10.0,10.0,9.0,9.0,92.0,25317459
,,,,,,,25323086
,,,,,,,25366550
9.0,9.0,9.0,9.0,10.0,9.0,87.0,2536984
10.0,10.0,10.0,10.0,10.0,10.0,100.0,25377740
10.0,10.0,10.0,10.0,10.0,10.0,100.0,2538085
10.0,10.0,10.0,10.0,10.0,9.0,97.0,253842
10.0,8.0,9.0,10.0,9.0,9.0,90.0,25398833
10.0,10.0,10.0,10.0,10.0,10.0,100.0,25399181
,,,,,,,25402379
10.0,9.0,10.0,10.0,9.0,9.0,94.0,25408055
10.0,10.0,10.0,10.0,10.0,9.0,94.0,25410221
10.0,10.0,10.0,10.0,8.0,10.0,100.0,25414968
10.0,10.0,10.0,10.0,10.0,10.0,100.0,25418032
,,,,,,,25436
10.0,10.0,10.0,10.0,10.0,10.0,100.0,25437034
10.0,10.0,9.0,9.0,9.0,9.0,94.0,25446051
10.0,10.0,9.0,9.0,10.0,10.0,96.0,25448375
7.0,6.0,7.0,7.0,7.0,7.0,67.0,25448488
10.0,10.0,10.0,10.0,10.0,10.0,100.0,25453308
,,,,,,,25465501
9.0,9.0,10.0,9.0,8.0,9.0,83.0,25479588
10.0,10.0,10.0,9.0,10.0,10.0,100.0,25482600
,,,,,,,25484442
10.0,9.0,10.0,10.0,9.0,9.0,93.0,25484862
10.0,10.0,10.0,10.0,10.0,10.0,99.0,25485516
10.0,10.0,10.0,10.0,10.0,9.0,94.0,25501014
10.0,9.0,10.0,10.0,10.0,7.0,90.0,25503333
9.0,9.0,9.0,9.0,9.0,8.0,89.0,25503822
,,,,,,,25507516
9.0,9.0,10.0,9.0,10.0,9.0,100.0,25513422
,,,,,,,25529363
,,,,,,,25532301
,,,,,,,25538422
10.0,10.0,10.0,10.0,10.0,10.0,94.0,25541515
,,,,,,,25551939
10.0,9.0,10.0,10.0,10.0,10.0,93.0,25564284
8.0,7.0,9.0,9.0,9.0,7.0,80.0,25570581
9.0,10.0,10.0,10.0,10.0,10.0,97.0,25575665
,,,,,,,25582976
,,,,,,,25595444
9.0,9.0,10.0,10.0,10.0,9.0,100.0,256328
10.0,10.0,9.0,10.0,10.0,9.0,96.0,2563967
10.0,9.0,10.0,10.0,10.0,10.0,100.0,25653807
10.0,9.0,9.0,9.0,10.0,9.0,92.0,25684995
10.0,9.0,10.0,10.0,9.0,9.0,92.0,25688687
10.0,10.0,10.0,10.0,8.0,8.0,100.0,2569326
10.0,10.0,10.0,9.0,10.0,10.0,97.0,25701117
9.0,9.0,10.0,10.0,9.0,9.0,100.0,25708577
10.0,10.0,10.0,10.0,9.0,9.0,100.0,25715808
10.0,10.0,10.0,10.0,10.0,10.0,100.0,25723457
10.0,9.0,9.0,10.0,9.0,9.0,100.0,25726820
,,,,,,,25739053
,,,,,,,25741832
,,,,,,,25750703
10.0,10.0,10.0,9.0,10.0,10.0,93.0,2576604
10.0,10.0,10.0,10.0,10.0,10.0,100.0,25769873
10.0,10.0,10.0,10.0,10.0,6.0,100.0,25780094
9.0,9.0,10.0,10.0,10.0,9.0,88.0,25784240
10.0,10.0,10.0,10.0,10.0,10.0,100.0,25784659
,,,,,,,25785011
10.0,9.0,10.0,10.0,10.0,9.0,94.0,2578814
9.0,9.0,9.0,10.0,10.0,9.0,92.0,25792524
10.0,10.0,10.0,10.0,10.0,10.0,96.0,25794804
,,,,,,,25796321
,,,,,,,25803333
,,,,,,,25803348
10.0,10.0,6.0,10.0,10.0,8.0,100.0,25803387
9.0,9.0,10.0,10.0,10.0,10.0,100.0,25819967
,,,,,,,25820671
9.0,8.0,10.0,9.0,10.0,9.0,88.0,25829784
9.0,10.0,10.0,9.0,9.0,9.0,93.0,25831839
9.0,10.0,10.0,10.0,10.0,9.0,93.0,25832582
9.0,9.0,10.0,9.0,10.0,9.0,89.0,2584102
,,,,,,,25841245
,,,,,,,25841258
10.0,10.0,10.0,10.0,10.0,10.0,100.0,25845370
,,,,,,,25852937
,,,,,,,25856585
10.0,9.0,10.0,10.0,10.0,9.0,89.0,25865052
9.0,9.0,9.0,9.0,9.0,9.0,100.0,25875649
9.0,8.0,9.0,10.0,9.0,9.0,93.0,25879830
10.0,10.0,10.0,10.0,10.0,10.0,100.0,25881010
,,,,,,,25887595
,,,,,,,25895351
10.0,10.0,10.0,10.0,10.0,10.0,100.0,25911135
10.0,10.0,10.0,10.0,10.0,10.0,100.0,25913216
10.0,10.0,10.0,10.0,10.0,10.0,94.0,25919307
10.0,10.0,10.0,9.0,10.0,10.0,96.0,25937713
,,,,,,,25939348
,,,,,,,25949697
10.0,10.0,10.0,10.0,10.0,9.0,90.0,25950909
10.0,10.0,10.0,10.0,10.0,10.0,100.0,25953244
9.0,9.0,10.0,9.0,10.0,10.0,87.0,25956760
10.0,10.0,10.0,10.0,9.0,10.0,100.0,25961494
,,,,,,,25964005
10.0,9.0,10.0,10.0,10.0,10.0,97.0,259661
,,,,,,,25970511
10.0,10.0,10.0,10.0,10.0,9.0,94.0,25977467
,,,,,,,25977832
9.0,9.0,10.0,10.0,10.0,10.0,100.0,25983004
,,,,,,,25989823
10.0,10.0,10.0,10.0,10.0,10.0,100.0,25996203
10.0,10.0,10.0,10.0,10.0,10.0,100.0,25997982
,,,,,,,26008844
9.0,9.0,9.0,9.0,9.0,9.0,93.0,26014383
10.0,10.0,10.0,10.0,10.0,10.0,99.0,26014922
10.0,10.0,10.0,10.0,10.0,9.0,95.0,26023825
,,,,,,,26044607
9.0,8.0,10.0,10.0,10.0,9.0,100.0,260451
10.0,10.0,10.0,10.0,9.0,9.0,100.0,26048057
9.0,9.0,10.0,10.0,10.0,9.0,93.0,26060837
8.0,9.0,8.0,9.0,9.0,8.0,76.0,2606204
10.0,10.0,10.0,10.0,10.0,9.0,100.0,26064830
9.0,8.0,10.0,10.0,9.0,9.0,81.0,260703
9.0,10.0,10.0,10.0,9.0,9.0,93.0,2607583
9.0,10.0,10.0,9.0,10.0,8.0,95.0,26077159
9.0,8.0,8.0,9.0,10.0,9.0,89.0,26077593
,,,,,,,26084478
10.0,10.0,10.0,10.0,9.0,10.0,95.0,2609433
10.0,10.0,10.0,10.0,10.0,10.0,95.0,26100353
10.0,9.0,10.0,10.0,10.0,9.0,91.0,26103478
,,,,,,,26105391
10.0,8.0,10.0,10.0,8.0,10.0,100.0,26106075
,,,,,,,26106160
9.0,8.0,9.0,10.0,10.0,9.0,96.0,26108786
9.0,9.0,7.0,9.0,10.0,10.0,90.0,26110157
,,,,,,,26112559
,,,,,,,26113123
10.0,10.0,10.0,10.0,10.0,9.0,95.0,26120284
10.0,9.0,9.0,9.0,9.0,9.0,94.0,26120502
9.0,9.0,10.0,9.0,10.0,9.0,92.0,26120851
9.0,9.0,10.0,10.0,10.0,9.0,90.0,2612849
10.0,10.0,10.0,10.0,10.0,10.0,100.0,26134555
10.0,10.0,9.0,9.0,10.0,9.0,93.0,26143851
10.0,10.0,10.0,10.0,10.0,10.0,100.0,26146479
10.0,10.0,9.0,9.0,10.0,10.0,96.0,26150475
10.0,10.0,10.0,10.0,9.0,10.0,100.0,26151425
,,,,,,,26158096
10.0,6.0,10.0,10.0,10.0,8.0,100.0,26164547
,,,,,,,26170427
,,,,,,,26178812
10.0,10.0,10.0,10.0,10.0,10.0,100.0,26185187
,,,,,,,26197507
10.0,10.0,10.0,10.0,10.0,10.0,100.0,26199936
,,,,,,,26204249
10.0,10.0,10.0,10.0,9.0,9.0,99.0,26209883
,,,,,,,26210993
10.0,10.0,10.0,10.0,10.0,10.0,99.0,26231187
10.0,10.0,10.0,10.0,10.0,10.0,91.0,26232410
,,,,,,,26242605
,,,,,,,26244400
10.0,10.0,10.0,10.0,10.0,10.0,100.0,26257930
10.0,10.0,10.0,10.0,10.0,10.0,97.0,26259025
8.0,9.0,10.0,10.0,9.0,7.0,87.0,26263467
10.0,10.0,9.0,9.0,10.0,9.0,96.0,26263470
,,,,,,,26270602
,,,,,,,26273293
9.0,9.0,10.0,10.0,9.0,7.0,93.0,26287233
10.0,10.0,10.0,10.0,10.0,10.0,100.0,2629234
10.0,10.0,10.0,10.0,10.0,10.0,100.0,26308209
10.0,10.0,10.0,10.0,10.0,9.0,96.0,26313671
,,,,,,,26313903
10.0,10.0,10.0,10.0,9.0,10.0,100.0,26315238
8.0,7.0,9.0,9.0,9.0,8.0,82.0,263190
10.0,10.0,10.0,10.0,10.0,10.0,100.0,26319639
8.0,5.0,8.0,8.0,8.0,7.0,80.0,26320917
,,,,,,,26323083
10.0,9.0,9.0,10.0,9.0,9.0,91.0,26334724
10.0,10.0,10.0,10.0,10.0,10.0,98.0,26340840
10.0,10.0,10.0,10.0,10.0,10.0,99.0,26342079
10.0,10.0,10.0,10.0,10.0,9.0,96.0,26342532
10.0,10.0,10.0,10.0,9.0,9.0,96.0,26344088
9.0,9.0,10.0,10.0,9.0,8.0,87.0,26348233
10.0,10.0,10.0,10.0,10.0,9.0,100.0,2634829
,,,,,,,26358814
,,,,,,,26361065
10.0,10.0,10.0,10.0,9.0,10.0,100.0,26365192
10.0,10.0,10.0,10.0,10.0,10.0,100.0,26365414
,,,,,,,26366454
8.0,6.0,10.0,8.0,10.0,8.0,80.0,26380958
10.0,9.0,10.0,10.0,9.0,10.0,100.0,26391176
9.0,9.0,9.0,10.0,9.0,9.0,90.0,26405954
8.0,2.0,6.0,4.0,8.0,8.0,20.0,26414600
10.0,9.0,10.0,9.0,10.0,9.0,87.0,26415333
10.0,10.0,10.0,10.0,10.0,10.0,100.0,26419653
10.0,10.0,10.0,10.0,10.0,10.0,100.0,26427671
10.0,10.0,10.0,10.0,10.0,9.0,100.0,26430039
10.0,9.0,10.0,10.0,10.0,9.0,93.0,26436758
9.0,9.0,9.0,10.0,10.0,10.0,86.0,26438611
10.0,10.0,10.0,10.0,10.0,10.0,95.0,26443961
10.0,10.0,10.0,10.0,10.0,10.0,100.0,26444105
10.0,10.0,10.0,10.0,10.0,9.0,97.0,26463049
,,,,,,,26471879
10.0,9.0,10.0,10.0,10.0,10.0,98.0,26474245
,,,,,,,26475990
,,,,,,,26486034
10.0,10.0,10.0,10.0,10.0,10.0,98.0,26487387
9.0,8.0,9.0,10.0,10.0,8.0,83.0,26488006
9.0,8.0,9.0,10.0,10.0,8.0,90.0,26488387
8.0,7.0,10.0,8.0,10.0,8.0,70.0,26493902
10.0,10.0,10.0,10.0,10.0,10.0,80.0,26520002
10.0,10.0,10.0,10.0,10.0,9.0,98.0,26521403
10.0,10.0,10.0,10.0,10.0,10.0,100.0,26527885
6.0,10.0,10.0,8.0,6.0,6.0,60.0,26532170
10.0,10.0,10.0,9.0,10.0,9.0,93.0,26533551
,,,,,,,26540293
,,,,,,,26549061
10.0,10.0,10.0,10.0,10.0,10.0,98.0,26549962
,,,,,,,26553343
,,,,,,,26556751
10.0,10.0,10.0,10.0,10.0,10.0,100.0,26558762
2.0,2.0,2.0,2.0,2.0,2.0,20.0,26563602
,,,,,,,26565457
,,,,,,,2657689
,,,,,,,26592468
10.0,9.0,10.0,10.0,10.0,10.0,94.0,26600150
2.0,8.0,2.0,2.0,10.0,6.0,40.0,26607708
10.0,10.0,10.0,10.0,10.0,10.0,100.0,26609688
10.0,10.0,10.0,10.0,10.0,9.0,93.0,2660996
,,,,,,,2662127
10.0,10.0,10.0,10.0,10.0,8.0,80.0,26627443
10.0,10.0,10.0,10.0,10.0,10.0,100.0,26628718
10.0,10.0,10.0,10.0,10.0,8.0,80.0,26630155
,,,,,,,26633051
10.0,10.0,9.0,9.0,10.0,10.0,100.0,26640206
,,,,,,,26664547
6.0,6.0,10.0,8.0,9.0,8.0,70.0,26669415
9.0,8.0,9.0,9.0,10.0,9.0,88.0,26682757
10.0,9.0,10.0,10.0,10.0,9.0,82.0,26684891
,,,,,,,26687281
,,,,,,,266879
10.0,8.0,10.0,10.0,10.0,9.0,92.0,26701226
10.0,10.0,10.0,10.0,10.0,9.0,98.0,2670173
10.0,9.0,10.0,9.0,10.0,10.0,90.0,26712529
10.0,10.0,9.0,10.0,9.0,10.0,100.0,26728997
9.0,10.0,10.0,10.0,10.0,9.0,90.0,26737445
9.0,8.0,10.0,10.0,9.0,9.0,86.0,26739925
10.0,10.0,10.0,10.0,10.0,10.0,100.0,26740256
,,,,,,,26755714
10.0,10.0,10.0,10.0,9.0,9.0,94.0,26763199
10.0,9.0,9.0,9.0,10.0,9.0,91.0,26764641
10.0,10.0,10.0,10.0,10.0,10.0,97.0,26767718
,,,,,,,26770490
10.0,10.0,10.0,10.0,10.0,10.0,100.0,26779943
9.0,9.0,10.0,10.0,10.0,9.0,93.0,26785847
10.0,10.0,10.0,10.0,10.0,10.0,100.0,26789870
,,,,,,,26798122
8.0,8.0,8.0,10.0,8.0,8.0,100.0,26805391
10.0,10.0,10.0,10.0,10.0,9.0,95.0,2681380
10.0,10.0,10.0,10.0,10.0,9.0,95.0,26814340
9.0,9.0,10.0,10.0,10.0,9.0,93.0,2681468
8.0,8.0,6.0,7.0,10.0,7.0,80.0,26815297
10.0,8.0,10.0,10.0,9.0,9.0,95.0,26816279
8.0,9.0,9.0,10.0,9.0,9.0,90.0,2682827
10.0,9.0,10.0,10.0,10.0,10.0,93.0,26829659
10.0,10.0,10.0,10.0,10.0,10.0,98.0,2683147
9.0,10.0,10.0,9.0,10.0,9.0,95.0,26832903
,,,,,,,26832958
9.0,9.0,10.0,10.0,8.0,10.0,100.0,26842020
10.0,10.0,10.0,10.0,10.0,10.0,99.0,26843360
10.0,10.0,10.0,10.0,9.0,10.0,94.0,26849639
10.0,10.0,10.0,10.0,10.0,10.0,100.0,2686100
10.0,10.0,10.0,10.0,10.0,9.0,100.0,2688143
10.0,9.0,9.0,10.0,10.0,9.0,96.0,26885396
9.0,9.0,9.0,9.0,9.0,9.0,93.0,26892349
10.0,10.0,9.0,10.0,8.0,9.0,93.0,26897800
10.0,10.0,10.0,10.0,10.0,10.0,97.0,26899775
,,,,,,,26900171
10.0,10.0,10.0,10.0,10.0,9.0,95.0,26916127
8.0,10.0,10.0,10.0,9.0,9.0,90.0,26916776
9.0,7.0,8.0,10.0,10.0,8.0,88.0,26925918
9.0,9.0,9.0,10.0,10.0,9.0,92.0,26926862
10.0,10.0,10.0,10.0,10.0,10.0,98.0,26934151
10.0,10.0,10.0,10.0,10.0,10.0,100.0,26942581
10.0,10.0,10.0,10.0,9.0,9.0,91.0,26948900
10.0,10.0,10.0,10.0,9.0,9.0,96.0,26950787
10.0,8.0,10.0,10.0,10.0,10.0,92.0,26965807
,,,,,,,26984962
10.0,10.0,10.0,10.0,9.0,10.0,100.0,26994348
,,,,,,,2700075
8.0,8.0,8.0,9.0,9.0,7.0,79.0,27003273
,,,,,,,27009277
10.0,10.0,10.0,10.0,10.0,10.0,98.0,27009904
10.0,10.0,9.0,9.0,10.0,9.0,100.0,27011219
10.0,10.0,10.0,10.0,10.0,10.0,100.0,27012681
10.0,10.0,10.0,10.0,9.0,10.0,96.0,27013325
10.0,10.0,10.0,10.0,10.0,9.0,96.0,27020282
10.0,10.0,10.0,10.0,9.0,10.0,99.0,27023392
10.0,10.0,10.0,10.0,10.0,10.0,100.0,27031450
,,,,,,,27041573
9.0,9.0,10.0,9.0,9.0,8.0,70.0,27044783
10.0,9.0,8.0,9.0,8.0,8.0,88.0,27045941
9.0,8.0,9.0,9.0,10.0,9.0,87.0,27048862
9.0,9.0,9.0,9.0,10.0,9.0,93.0,27052571
10.0,9.0,10.0,10.0,10.0,10.0,96.0,2706978
,,,,,,,27082981
10.0,8.0,10.0,10.0,10.0,10.0,93.0,27083634
,,,,,,,27084674
9.0,8.0,9.0,10.0,9.0,8.0,80.0,27099976
10.0,10.0,10.0,10.0,10.0,10.0,99.0,2711936
10.0,10.0,10.0,10.0,10.0,9.0,94.0,27131603
10.0,10.0,10.0,10.0,10.0,10.0,94.0,27154192
10.0,9.0,10.0,9.0,10.0,9.0,96.0,27156355
10.0,10.0,10.0,10.0,10.0,10.0,97.0,27156997
10.0,10.0,10.0,9.0,10.0,10.0,100.0,27183245
,,,,,,,27193472
10.0,10.0,10.0,10.0,10.0,9.0,94.0,27193598
10.0,10.0,10.0,10.0,10.0,9.0,100.0,27194870
,,,,,,,27218347
10.0,10.0,10.0,9.0,10.0,10.0,92.0,27226046
9.0,8.0,10.0,10.0,9.0,10.0,90.0,27226157
10.0,10.0,10.0,10.0,9.0,9.0,95.0,2724572
,,,,,,,27254489
10.0,10.0,10.0,10.0,10.0,10.0,100.0,27259809
,,,,,,,27260453
,,,,,,,27265740
9.0,9.0,10.0,10.0,10.0,9.0,93.0,27270555
10.0,10.0,10.0,10.0,10.0,10.0,97.0,272706
10.0,10.0,10.0,9.0,10.0,10.0,100.0,27272282
,,,,,,,2728293
9.0,8.0,9.0,9.0,9.0,9.0,84.0,2729334
10.0,10.0,10.0,10.0,10.0,10.0,98.0,27298515
10.0,10.0,9.0,9.0,10.0,9.0,89.0,27334415
10.0,10.0,10.0,10.0,10.0,10.0,100.0,27335708
10.0,10.0,10.0,10.0,10.0,9.0,94.0,27347264
,,,,,,,27350274
,,,,,,,27355273
10.0,9.0,10.0,10.0,10.0,9.0,93.0,27360647
10.0,9.0,10.0,10.0,10.0,10.0,95.0,27366599
8.0,8.0,9.0,8.0,10.0,9.0,78.0,27366716
10.0,10.0,10.0,10.0,9.0,10.0,100.0,27371134
10.0,6.0,10.0,10.0,9.0,8.0,80.0,27371387
10.0,10.0,10.0,10.0,9.0,9.0,100.0,27372346
10.0,10.0,10.0,10.0,10.0,10.0,100.0,27378937
6.0,4.0,6.0,6.0,6.0,6.0,60.0,27383511
9.0,9.0,10.0,10.0,9.0,9.0,87.0,2738727
8.0,6.0,8.0,8.0,10.0,10.0,80.0,27400392
,,,,,,,27404002
9.0,9.0,10.0,10.0,9.0,9.0,92.0,2741869
,,,,,,,27423052
10.0,9.0,10.0,10.0,10.0,9.0,100.0,27429283
10.0,9.0,10.0,10.0,10.0,9.0,95.0,27435788
8.0,10.0,10.0,10.0,10.0,8.0,100.0,27436445
10.0,10.0,10.0,10.0,10.0,10.0,100.0,2744390
2.0,4.0,6.0,2.0,6.0,2.0,20.0,27452326
9.0,7.0,9.0,10.0,10.0,9.0,80.0,27457002
9.0,9.0,10.0,9.0,8.0,8.0,80.0,27466787
10.0,10.0,10.0,10.0,10.0,10.0,100.0,27473087
10.0,10.0,10.0,10.0,10.0,10.0,99.0,27479560
10.0,10.0,10.0,10.0,10.0,10.0,99.0,2748064
10.0,10.0,10.0,10.0,9.0,9.0,96.0,2748736
10.0,10.0,10.0,10.0,10.0,10.0,100.0,27489435
10.0,9.0,10.0,10.0,10.0,9.0,100.0,27489994
10.0,10.0,10.0,10.0,10.0,10.0,100.0,27498126
,,,,,,,27499040
,,,,,,,27499564
,,,,,,,27500940
10.0,10.0,10.0,10.0,10.0,10.0,100.0,27502140
9.0,9.0,9.0,9.0,8.0,9.0,94.0,27506396
9.0,10.0,10.0,10.0,10.0,10.0,100.0,27523761
,,,,,,,27534603
9.0,10.0,10.0,10.0,9.0,10.0,90.0,27540180
10.0,10.0,10.0,10.0,10.0,10.0,100.0,27555785
10.0,10.0,9.0,10.0,9.0,9.0,90.0,27556447
10.0,8.0,10.0,10.0,10.0,8.0,100.0,27568440
,,,,,,,27568548
10.0,10.0,10.0,10.0,8.0,8.0,80.0,27569464
10.0,9.0,10.0,10.0,10.0,10.0,100.0,27573376
10.0,10.0,10.0,10.0,10.0,10.0,100.0,27580166
10.0,9.0,10.0,10.0,9.0,9.0,100.0,27581537
,,,,,,,27581612
10.0,10.0,10.0,10.0,10.0,10.0,100.0,27586912
10.0,10.0,10.0,10.0,10.0,10.0,95.0,2758817
9.0,9.0,8.0,9.0,9.0,8.0,83.0,27588189
10.0,9.0,10.0,9.0,10.0,9.0,93.0,27588840
,,,,,,,27590667
10.0,10.0,10.0,10.0,10.0,10.0,100.0,27590773
9.0,9.0,9.0,8.0,10.0,9.0,90.0,27590942
,,,,,,,27592189
8.0,8.0,10.0,10.0,10.0,8.0,84.0,27593455
9.0,8.0,10.0,9.0,9.0,8.0,78.0,27594466
,,,,,,,27602105
8.0,8.0,8.0,8.0,8.0,8.0,80.0,27617820
,,,,,,,27621153
,,,,,,,27624168
10.0,8.0,8.0,9.0,10.0,8.0,70.0,27630706
10.0,9.0,10.0,10.0,10.0,10.0,90.0,27631138
,,,,,,,27643974
10.0,7.0,10.0,10.0,10.0,10.0,100.0,2764689
10.0,10.0,10.0,10.0,10.0,10.0,100.0,27650961
,,,,,,,27655549
,,,,,,,27658304
10.0,9.0,9.0,10.0,8.0,9.0,91.0,27667701
10.0,10.0,10.0,10.0,10.0,9.0,83.0,27672638
10.0,9.0,10.0,10.0,10.0,9.0,97.0,27675306
10.0,10.0,10.0,10.0,10.0,9.0,100.0,27678298
10.0,9.0,10.0,10.0,9.0,10.0,94.0,27678808
,,,,,,,27694500
10.0,10.0,10.0,10.0,10.0,8.0,100.0,2769600
,,,,,,,27710141
,,,,,,,2771028
9.0,9.0,10.0,10.0,10.0,9.0,96.0,277133
10.0,8.0,10.0,10.0,10.0,10.0,100.0,27716174
10.0,9.0,10.0,10.0,10.0,10.0,94.0,27716426
9.0,9.0,10.0,9.0,9.0,8.0,84.0,27719896
10.0,10.0,10.0,10.0,10.0,10.0,99.0,27720921
10.0,10.0,10.0,9.0,10.0,10.0,100.0,27735420
,,,,,,,27745034
10.0,9.0,10.0,10.0,10.0,10.0,96.0,2774934
,,,,,,,27768064
10.0,10.0,10.0,10.0,10.0,10.0,100.0,27781404
10.0,9.0,10.0,10.0,9.0,10.0,97.0,27784079
10.0,10.0,9.0,10.0,9.0,9.0,93.0,27789416
10.0,10.0,10.0,10.0,10.0,10.0,100.0,27791633
10.0,10.0,10.0,10.0,9.0,10.0,100.0,27794194
,,,,,,,27805512
9.0,9.0,10.0,10.0,7.0,9.0,90.0,27810607
10.0,10.0,10.0,10.0,10.0,9.0,93.0,27814857
,,,,,,,27820099
,,,,,,,27823238
10.0,10.0,10.0,10.0,10.0,10.0,100.0,27834501
,,,,,,,27835298
,,,,,,,27835986
10.0,10.0,10.0,10.0,10.0,10.0,100.0,27842018
,,,,,,,27842155
,,,,,,,27846336
10.0,10.0,10.0,10.0,10.0,10.0,100.0,27850396
10.0,9.0,10.0,10.0,10.0,9.0,100.0,27857771
10.0,10.0,10.0,10.0,10.0,10.0,100.0,27864530
,,,,,,,27868597
10.0,10.0,10.0,10.0,10.0,10.0,100.0,27873052
,,,,,,,2787408
,,,,,,,27877418
10.0,9.0,10.0,10.0,10.0,10.0,93.0,27896304
10.0,10.0,10.0,10.0,10.0,10.0,97.0,27899421
,,,,,,,27908073
10.0,10.0,10.0,10.0,9.0,10.0,98.0,279189
9.0,10.0,10.0,9.0,10.0,9.0,91.0,27925739
10.0,10.0,10.0,10.0,10.0,10.0,100.0,27932125
9.0,10.0,10.0,10.0,10.0,10.0,92.0,27934911
,,,,,,,27935574
,,,,,,,27937897
4.0,2.0,10.0,10.0,10.0,10.0,60.0,27942191
,,,,,,,2794928
10.0,10.0,10.0,10.0,9.0,9.0,97.0,27968507
,,,,,,,27968745
10.0,10.0,10.0,10.0,10.0,10.0,97.0,27978908
10.0,10.0,10.0,10.0,10.0,10.0,100.0,27982664
10.0,10.0,10.0,10.0,10.0,10.0,100.0,27983285
10.0,10.0,10.0,10.0,10.0,10.0,100.0,27983911
10.0,10.0,10.0,10.0,10.0,8.0,100.0,27988478
10.0,10.0,10.0,10.0,10.0,10.0,100.0,27989463
10.0,10.0,10.0,10.0,8.0,8.0,88.0,27992809
10.0,10.0,10.0,10.0,10.0,10.0,94.0,279986
2.0,2.0,4.0,6.0,8.0,2.0,20.0,28002020
9.0,10.0,5.0,8.0,10.0,7.0,73.0,28004169
10.0,10.0,10.0,10.0,10.0,10.0,100.0,28018993
9.0,9.0,9.0,10.0,9.0,9.0,94.0,28037210
,,,,,,,28042455
,,,,,,,28042682
10.0,10.0,10.0,10.0,10.0,10.0,98.0,28044029
,,,,,,,28045781
10.0,9.0,10.0,10.0,10.0,10.0,98.0,28055051
,,,,,,,28061127
10.0,10.0,10.0,10.0,10.0,10.0,100.0,28066479
10.0,10.0,10.0,10.0,9.0,9.0,94.0,28074234
,,,,,,,28093092
10.0,10.0,10.0,10.0,9.0,10.0,100.0,28106504
10.0,10.0,10.0,10.0,9.0,10.0,96.0,28117290
9.0,9.0,9.0,10.0,9.0,9.0,91.0,28121603
,,,,,,,28124247
10.0,10.0,10.0,10.0,10.0,10.0,90.0,28135397
10.0,10.0,10.0,10.0,10.0,10.0,100.0,28135558
10.0,10.0,10.0,10.0,10.0,10.0,99.0,28148913
9.0,9.0,9.0,9.0,8.0,9.0,91.0,2814931
10.0,8.0,10.0,10.0,10.0,10.0,100.0,28153529
9.0,9.0,10.0,10.0,9.0,9.0,85.0,28159180
10.0,10.0,10.0,10.0,8.0,10.0,100.0,28164566
10.0,10.0,10.0,9.0,10.0,9.0,97.0,28190215
8.0,6.0,9.0,10.0,9.0,9.0,73.0,28197193
10.0,10.0,10.0,10.0,10.0,10.0,96.0,2820832
,,,,,,,28211805
,,,,,,,28214293
10.0,8.0,10.0,10.0,8.0,8.0,100.0,28214469
10.0,10.0,10.0,10.0,10.0,10.0,100.0,28218289
,,,,,,,28221594
10.0,9.0,9.0,9.0,10.0,9.0,90.0,28231022
10.0,9.0,10.0,10.0,10.0,10.0,93.0,28232832
10.0,10.0,9.0,9.0,8.0,8.0,83.0,28250649
,,,,,,,28251522
10.0,9.0,10.0,10.0,10.0,9.0,93.0,28252566
2.0,2.0,2.0,2.0,2.0,2.0,20.0,28258693
,,,,,,,2828190
9.0,9.0,10.0,10.0,10.0,9.0,95.0,28283159
8.0,6.0,10.0,10.0,10.0,8.0,80.0,28284242
,,,,,,,28286667
,,,,,,,28301490
10.0,10.0,10.0,10.0,10.0,10.0,100.0,28307606
10.0,10.0,9.0,10.0,10.0,10.0,92.0,28335993
10.0,10.0,10.0,10.0,9.0,9.0,98.0,28339807
,,,,,,,28341908
10.0,10.0,10.0,10.0,10.0,10.0,99.0,28345462
10.0,10.0,10.0,10.0,10.0,10.0,100.0,28345512
,,,,,,,28350222
2.0,2.0,2.0,10.0,10.0,2.0,20.0,28351330
,,,,,,,28352168
10.0,10.0,10.0,10.0,10.0,10.0,100.0,28358504
,,,,,,,28359289
10.0,10.0,10.0,10.0,10.0,10.0,100.0,28368562
9.0,9.0,10.0,10.0,10.0,9.0,96.0,28372300
10.0,9.0,10.0,10.0,10.0,9.0,93.0,28372626
10.0,10.0,10.0,10.0,9.0,10.0,94.0,28373585
10.0,10.0,10.0,10.0,10.0,10.0,100.0,28377485
9.0,9.0,10.0,9.0,9.0,9.0,94.0,28378574
10.0,10.0,10.0,10.0,9.0,10.0,100.0,28378655
10.0,10.0,10.0,10.0,10.0,10.0,100.0,28384382
10.0,10.0,10.0,10.0,10.0,10.0,98.0,2838442
10.0,10.0,10.0,10.0,10.0,10.0,100.0,28384929
10.0,10.0,10.0,10.0,9.0,10.0,99.0,28387985
10.0,10.0,10.0,10.0,10.0,10.0,100.0,28398832
10.0,10.0,8.0,10.0,10.0,10.0,100.0,28402495
10.0,9.0,10.0,10.0,10.0,9.0,99.0,28407128
9.0,8.0,9.0,9.0,9.0,9.0,83.0,28429941
9.0,8.0,9.0,10.0,10.0,8.0,80.0,28432923
10.0,10.0,10.0,10.0,10.0,10.0,100.0,28438885
10.0,10.0,10.0,10.0,10.0,9.0,93.0,2843976
9.0,10.0,10.0,10.0,10.0,9.0,85.0,28442272
9.0,10.0,9.0,8.0,10.0,9.0,90.0,28453855
,,,,,,,28458941
10.0,10.0,10.0,10.0,10.0,10.0,95.0,28463956
,,,,,,,28466724
9.0,9.0,10.0,10.0,9.0,9.0,85.0,28469726
8.0,10.0,10.0,10.0,10.0,8.0,100.0,28475232
,,,,,,,28481642
,,,,,,,28483681
9.0,9.0,9.0,10.0,10.0,9.0,93.0,28484211
10.0,9.0,10.0,10.0,10.0,9.0,93.0,28491189
10.0,10.0,10.0,10.0,10.0,10.0,100.0,28493488
,,,,,,,28493846
,,,,,,,28497422
8.0,9.0,9.0,9.0,9.0,8.0,80.0,28506996
10.0,10.0,10.0,10.0,8.0,8.0,100.0,28508345
10.0,10.0,10.0,10.0,9.0,10.0,96.0,2851471
,,,,,,,28515003
10.0,10.0,10.0,10.0,8.0,8.0,80.0,28515788
10.0,9.0,10.0,10.0,9.0,9.0,94.0,28516771
,,,,,,,28532203
,,,,,,,2853509
10.0,10.0,10.0,10.0,10.0,9.0,100.0,28538269
,,,,,,,28541702
10.0,10.0,10.0,10.0,10.0,10.0,100.0,28543237
10.0,9.0,10.0,10.0,10.0,10.0,94.0,28545400
9.0,10.0,10.0,10.0,10.0,9.0,100.0,28557881
10.0,9.0,10.0,10.0,10.0,10.0,98.0,28559109
10.0,10.0,10.0,10.0,10.0,9.0,93.0,28559171
9.0,9.0,10.0,9.0,10.0,10.0,93.0,2856208
,,,,,,,2858298
9.0,8.0,9.0,9.0,9.0,8.0,87.0,2858519
,,,,,,,28586697
,,,,,,,28595226
10.0,10.0,10.0,10.0,10.0,10.0,99.0,28598597
,,,,,,,28603610
10.0,9.0,10.0,10.0,9.0,10.0,100.0,28603723
9.0,10.0,10.0,10.0,10.0,10.0,98.0,28609655
10.0,10.0,10.0,10.0,10.0,10.0,100.0,28629163
7.0,7.0,7.0,7.0,7.0,7.0,73.0,28629954
10.0,9.0,9.0,10.0,10.0,9.0,98.0,28632184
,,,,,,,28653236
10.0,10.0,10.0,10.0,10.0,10.0,100.0,28660186
,,,,,,,28666887
,,,,,,,28678823
10.0,9.0,10.0,10.0,10.0,10.0,97.0,28680187
10.0,10.0,10.0,10.0,10.0,10.0,100.0,2868278
,,,,,,,28683838
10.0,10.0,10.0,10.0,9.0,10.0,99.0,2868441
10.0,9.0,10.0,10.0,10.0,10.0,96.0,28690892
,,,,,,,28691086
,,,,,,,2869724
10.0,10.0,10.0,10.0,10.0,10.0,93.0,28714475
6.0,10.0,6.0,2.0,8.0,6.0,40.0,28714609
,,,,,,,28719096
,,,,,,,2873436
10.0,10.0,10.0,10.0,10.0,10.0,99.0,287408
10.0,10.0,10.0,10.0,9.0,10.0,100.0,28748403
9.0,10.0,10.0,10.0,10.0,9.0,93.0,28750603
10.0,10.0,10.0,10.0,10.0,10.0,99.0,2875373
10.0,8.0,10.0,10.0,10.0,10.0,90.0,28762028
10.0,10.0,9.0,10.0,10.0,9.0,93.0,28768866
10.0,9.0,10.0,10.0,10.0,9.0,94.0,28772395
10.0,10.0,10.0,10.0,9.0,9.0,89.0,28782308
9.0,8.0,10.0,10.0,9.0,8.0,100.0,28795425
,,,,,,,28800381
10.0,10.0,10.0,10.0,10.0,10.0,97.0,28805946
10.0,10.0,10.0,10.0,10.0,10.0,100.0,2881549
7.0,8.0,8.0,8.0,8.0,7.0,70.0,28824060
10.0,6.0,10.0,10.0,6.0,8.0,80.0,28825704
,,,,,,,28828913
10.0,10.0,10.0,10.0,10.0,10.0,99.0,28829890
10.0,10.0,10.0,10.0,10.0,10.0,100.0,28833727
9.0,10.0,9.0,10.0,9.0,10.0,97.0,28835255
9.0,10.0,10.0,10.0,10.0,9.0,97.0,28838517
10.0,10.0,10.0,10.0,10.0,10.0,95.0,28840227
9.0,9.0,9.0,9.0,9.0,9.0,100.0,28848228
,,,,,,,28853948
,,,,,,,28858231
9.0,9.0,9.0,9.0,10.0,7.0,72.0,28858840
10.0,9.0,10.0,10.0,10.0,10.0,87.0,28859889
10.0,9.0,9.0,10.0,10.0,9.0,95.0,28881505
10.0,10.0,10.0,10.0,10.0,10.0,99.0,28881873
,,,,,,,28884716
10.0,9.0,10.0,10.0,10.0,9.0,91.0,28889655
,,,,,,,28890052
10.0,10.0,10.0,10.0,10.0,9.0,90.0,2889440
10.0,10.0,10.0,10.0,10.0,10.0,100.0,2889953
6.0,6.0,10.0,10.0,6.0,6.0,60.0,28904599
10.0,10.0,10.0,10.0,9.0,10.0,100.0,28904885
8.0,10.0,10.0,10.0,6.0,10.0,80.0,28911645
10.0,10.0,10.0,10.0,10.0,10.0,100.0,28914960
,,,,,,,28925068
10.0,10.0,10.0,10.0,10.0,10.0,100.0,28926167
,,,,,,,28955950
9.0,10.0,9.0,9.0,9.0,10.0,97.0,28956363
10.0,10.0,10.0,10.0,10.0,10.0,100.0,28957367
,,,,,,,28962650
10.0,10.0,10.0,10.0,10.0,10.0,100.0,289703
,,,,,,,28974068
,,,,,,,2897910
10.0,10.0,10.0,10.0,10.0,10.0,100.0,28988793
9.0,8.0,9.0,9.0,8.0,8.0,87.0,28991032
,,,,,,,28993950
10.0,10.0,10.0,10.0,10.0,8.0,100.0,28997335
9.0,8.0,9.0,9.0,10.0,9.0,90.0,2900140
,,,,,,,29006342
10.0,10.0,10.0,10.0,10.0,10.0,97.0,29009853
,,,,,,,2901513
8.0,10.0,10.0,9.0,9.0,9.0,76.0,29026923
10.0,10.0,10.0,10.0,10.0,10.0,95.0,29032115
9.0,9.0,9.0,9.0,10.0,9.0,90.0,29037867
,,,,,,,2903941
,,,,,,,29047108
,,,,,,,29048292
,,,,,,,29052866
,,,,,,,2905682
10.0,10.0,10.0,10.0,10.0,10.0,100.0,290608
10.0,10.0,10.0,10.0,10.0,10.0,98.0,29078967
10.0,10.0,10.0,10.0,10.0,10.0,100.0,29084122
,,,,,,,29089899
10.0,10.0,10.0,10.0,10.0,10.0,100.0,2909689
,,,,,,,29104927
10.0,10.0,10.0,10.0,9.0,9.0,100.0,29108266
9.0,9.0,9.0,9.0,9.0,8.0,87.0,29109214
10.0,10.0,10.0,10.0,10.0,10.0,100.0,29110619
10.0,10.0,10.0,10.0,10.0,10.0,100.0,29115387
,,,,,,,29115543
10.0,10.0,10.0,10.0,10.0,10.0,100.0,29115877
10.0,10.0,10.0,10.0,10.0,10.0,93.0,29121570
,,,,,,,29128630
10.0,10.0,10.0,10.0,10.0,10.0,100.0,29137639
10.0,10.0,10.0,10.0,10.0,9.0,100.0,29138738
10.0,9.0,10.0,10.0,10.0,10.0,100.0,29144682
,,,,,,,29147263
9.0,9.0,10.0,10.0,10.0,9.0,93.0,29148942
9.0,8.0,10.0,9.0,10.0,8.0,82.0,29150428
,,,,,,,29161044
9.0,9.0,10.0,9.0,10.0,9.0,94.0,29165158
,,,,,,,29172490
10.0,9.0,10.0,10.0,10.0,10.0,94.0,29222035
,,,,,,,29223250
,,,,,,,29224880
,,,,,,,29225214
,,,,,,,29234484
10.0,10.0,10.0,10.0,10.0,10.0,95.0,29240750
10.0,9.0,10.0,10.0,10.0,10.0,97.0,2924834
9.0,10.0,10.0,10.0,10.0,9.0,96.0,29249672
,,,,,,,29251263
,,,,,,,29257522
10.0,10.0,10.0,10.0,10.0,10.0,100.0,29262781
10.0,10.0,10.0,10.0,10.0,10.0,97.0,2927005
10.0,10.0,10.0,10.0,8.0,10.0,100.0,29274583
,,,,,,,29277360
,,,,,,,29279082
9.0,10.0,10.0,10.0,8.0,10.0,90.0,29283991
,,,,,,,29294705
,,,,,,,29302836
10.0,10.0,10.0,10.0,10.0,10.0,100.0,29309473
10.0,9.0,10.0,10.0,9.0,10.0,95.0,2931473
,,,,,,,29324861
,,,,,,,29332500
,,,,,,,29334720
,,,,,,,29337293
10.0,10.0,10.0,10.0,10.0,10.0,100.0,29338509
,,,,,,,2934080
9.0,9.0,10.0,10.0,10.0,9.0,90.0,29341373
7.0,7.0,7.0,8.0,10.0,7.0,80.0,29349463
10.0,10.0,10.0,10.0,10.0,10.0,96.0,29354797
10.0,10.0,10.0,10.0,10.0,10.0,100.0,29358615
10.0,9.0,10.0,10.0,10.0,10.0,93.0,2936130
9.0,9.0,10.0,10.0,10.0,9.0,92.0,2936192
10.0,10.0,10.0,10.0,10.0,10.0,100.0,293754
,,,,,,,29378401
10.0,10.0,10.0,10.0,10.0,10.0,100.0,29378853
10.0,10.0,10.0,10.0,10.0,10.0,100.0,29390089
,,,,,,,29390269
10.0,10.0,10.0,10.0,10.0,10.0,90.0,29400145
10.0,10.0,10.0,10.0,8.0,8.0,80.0,29404058
8.0,9.0,10.0,10.0,9.0,9.0,86.0,29407312
,,,,,,,29412913
,,,,,,,29413488
,,,,,,,29420129
,,,,,,,29429544
8.0,8.0,10.0,10.0,10.0,8.0,80.0,29432887
10.0,10.0,10.0,10.0,10.0,10.0,100.0,29447285
10.0,10.0,10.0,10.0,10.0,10.0,99.0,29448000
,,,,,,,29450571
,,,,,,,29452253
,,,,,,,29455981
10.0,10.0,10.0,8.0,10.0,10.0,100.0,29456015
8.0,8.0,10.0,10.0,8.0,8.0,80.0,29456207
,,,,,,,2946022
10.0,10.0,10.0,10.0,10.0,9.0,98.0,29466814
,,,,,,,2947332
10.0,10.0,10.0,10.0,10.0,9.0,100.0,29474090
10.0,10.0,10.0,9.0,10.0,9.0,88.0,29490217
9.0,9.0,9.0,9.0,9.0,9.0,93.0,2949309
10.0,10.0,10.0,10.0,10.0,10.0,100.0,29500826
10.0,10.0,10.0,10.0,10.0,10.0,100.0,29503086
10.0,9.0,10.0,10.0,9.0,10.0,100.0,29507756
10.0,10.0,10.0,10.0,10.0,10.0,100.0,29508303
,,,,,,,29508322
8.0,7.0,9.0,9.0,8.0,7.0,80.0,29518685
,,,,,,,29529478
,,,,,,,29531933
,,,,,,,29535104
10.0,10.0,10.0,10.0,10.0,10.0,100.0,29552477
,,,,,,,29561057
10.0,10.0,10.0,10.0,10.0,10.0,100.0,29562736
,,,,,,,29565128
4.0,2.0,2.0,2.0,6.0,4.0,40.0,29574733
9.0,8.0,10.0,10.0,9.0,8.0,83.0,29576644
,,,,,,,29586056
,,,,,,,29586098
,,,,,,,29593978
10.0,10.0,10.0,10.0,10.0,10.0,80.0,29602186
,,,,,,,29612592
,,,,,,,29619304
10.0,9.0,10.0,10.0,10.0,9.0,95.0,2961935
,,,,,,,29620364
10.0,10.0,10.0,10.0,10.0,9.0,97.0,29622247
,,,,,,,29626173
,,,,,,,2964930
10.0,10.0,10.0,10.0,10.0,10.0,97.0,29662239
,,,,,,,29664105
10.0,10.0,10.0,10.0,10.0,10.0,80.0,29668405
10.0,9.0,9.0,9.0,10.0,9.0,93.0,29672026
10.0,10.0,10.0,9.0,9.0,10.0,100.0,29672384
10.0,9.0,10.0,10.0,10.0,10.0,95.0,29673222
10.0,10.0,10.0,10.0,10.0,10.0,100.0,29674795
9.0,10.0,10.0,10.0,10.0,9.0,90.0,29676608
10.0,10.0,10.0,10.0,10.0,9.0,97.0,2967668
,,,,,,,29682080
,,,,,,,2968272
10.0,10.0,10.0,10.0,10.0,10.0,100.0,29682985
10.0,10.0,10.0,10.0,9.0,9.0,95.0,296910
,,,,,,,29697871
,,,,,,,29704374
8.0,8.0,8.0,8.0,10.0,8.0,60.0,29704570
,,,,,,,29729379
10.0,10.0,10.0,10.0,8.0,10.0,100.0,29729703
10.0,10.0,10.0,10.0,9.0,10.0,93.0,29736685
,,,,,,,2973916
10.0,9.0,10.0,10.0,10.0,10.0,100.0,29739999
,,,,,,,29749143
8.0,10.0,10.0,10.0,10.0,8.0,80.0,29750225
,,,,,,,29750964
10.0,10.0,10.0,10.0,10.0,10.0,100.0,29761068
10.0,10.0,10.0,10.0,10.0,10.0,97.0,2976305
10.0,10.0,10.0,10.0,10.0,10.0,100.0,29764623
9.0,9.0,9.0,10.0,10.0,9.0,90.0,29770616
,,,,,,,2977668
,,,,,,,29788008
9.0,9.0,10.0,10.0,10.0,9.0,95.0,297908
,,,,,,,29791123
10.0,10.0,10.0,10.0,10.0,10.0,100.0,29799437
,,,,,,,29811532
10.0,10.0,10.0,10.0,10.0,10.0,100.0,29821133
10.0,10.0,8.0,10.0,8.0,10.0,100.0,29821233
,,,,,,,29826541
9.0,9.0,9.0,9.0,10.0,9.0,94.0,29837246
10.0,10.0,10.0,10.0,9.0,8.0,88.0,29840058
10.0,10.0,10.0,10.0,10.0,10.0,99.0,29840640
,,,,,,,29844546
6.0,6.0,8.0,8.0,5.0,6.0,60.0,29848645
10.0,10.0,10.0,10.0,10.0,8.0,100.0,29856236
,,,,,,,29859603
,,,,,,,29863999
8.0,8.0,7.0,7.0,8.0,8.0,84.0,29870769
10.0,10.0,10.0,10.0,10.0,10.0,100.0,29872103
10.0,10.0,10.0,10.0,10.0,10.0,100.0,29877023
10.0,10.0,10.0,10.0,10.0,10.0,95.0,29879141
10.0,10.0,9.0,7.0,10.0,9.0,80.0,29896780
,,,,,,,29897994
10.0,10.0,10.0,10.0,10.0,10.0,98.0,2989860
,,,,,,,2990911
,,,,,,,29912167
10.0,10.0,10.0,10.0,9.0,9.0,97.0,2991893
,,,,,,,29920051
10.0,10.0,10.0,10.0,10.0,10.0,100.0,29931879
9.0,9.0,10.0,9.0,10.0,9.0,89.0,29932504
10.0,9.0,10.0,10.0,10.0,10.0,95.0,2993875
10.0,10.0,10.0,10.0,9.0,10.0,96.0,29947519
10.0,10.0,10.0,10.0,10.0,10.0,100.0,29952115
10.0,10.0,10.0,10.0,10.0,10.0,90.0,29957113
10.0,10.0,10.0,10.0,9.0,9.0,97.0,29959482
,,,,,,,29960225
,,,,,,,29963232
,,,,,,,29963893
,,,,,,,29969494
10.0,9.0,10.0,10.0,9.0,9.0,95.0,2996993
10.0,6.0,10.0,10.0,10.0,8.0,80.0,29974058
,,,,,,,29977604
,,,,,,,29979255
10.0,10.0,10.0,10.0,9.0,10.0,100.0,29982730
,,,,,,,29985063
,,,,,,,29987304
10.0,10.0,10.0,10.0,10.0,9.0,94.0,29997747
,,,,,,,30012219
9.0,9.0,9.0,9.0,9.0,10.0,86.0,30012792
,,,,,,,30015010
9.0,9.0,9.0,9.0,9.0,9.0,84.0,3002319
10.0,10.0,10.0,10.0,10.0,8.0,100.0,30032152
10.0,9.0,10.0,10.0,10.0,10.0,95.0,3003386
,,,,,,,30035292
,,,,,,,30036158
10.0,10.0,10.0,10.0,10.0,10.0,100.0,30049654
,,,,,,,30054699
10.0,10.0,10.0,10.0,10.0,6.0,80.0,30055339
10.0,10.0,10.0,9.0,10.0,9.0,93.0,30056291
10.0,10.0,10.0,10.0,10.0,10.0,100.0,30071631
8.0,8.0,9.0,8.0,10.0,10.0,88.0,30083901
10.0,10.0,10.0,10.0,9.0,9.0,99.0,30087365
,,,,,,,30089932
,,,,,,,30092070
10.0,10.0,10.0,10.0,10.0,10.0,100.0,30092212
,,,,,,,30096786
10.0,10.0,10.0,10.0,10.0,10.0,97.0,30097777
2.0,2.0,2.0,2.0,2.0,2.0,40.0,30104792
10.0,9.0,9.0,10.0,10.0,10.0,92.0,30109022
,,,,,,,30113822
10.0,10.0,10.0,10.0,10.0,9.0,93.0,30115488
10.0,10.0,10.0,10.0,10.0,10.0,96.0,30116382
10.0,8.0,10.0,10.0,10.0,8.0,80.0,30117558
,,,,,,,30128270
,,,,,,,30129761
10.0,9.0,10.0,10.0,10.0,10.0,95.0,30129770
10.0,10.0,10.0,10.0,10.0,9.0,97.0,3013098
9.0,10.0,9.0,9.0,10.0,9.0,92.0,3013158
,,,,,,,3013214
10.0,10.0,10.0,10.0,10.0,9.0,94.0,30134392
10.0,10.0,10.0,10.0,10.0,10.0,96.0,30135028
,,,,,,,30138480
10.0,10.0,10.0,10.0,10.0,9.0,94.0,3014692
,,,,,,,30148480
10.0,10.0,10.0,10.0,10.0,10.0,100.0,30152724
,,,,,,,30163487
,,,,,,,30167073
,,,,,,,30171095
10.0,10.0,10.0,10.0,10.0,10.0,100.0,30171277
10.0,10.0,10.0,10.0,10.0,10.0,99.0,30173128
,,,,,,,30174148
,,,,,,,30179464
,,,,,,,30179953
9.0,10.0,10.0,10.0,9.0,9.0,93.0,30194213
10.0,10.0,10.0,10.0,9.0,9.0,94.0,3019711
,,,,,,,30200165
,,,,,,,30201318
10.0,10.0,10.0,10.0,10.0,10.0,100.0,30202409
8.0,8.0,6.0,10.0,6.0,10.0,100.0,30203828
9.0,10.0,10.0,10.0,10.0,10.0,96.0,30206716
10.0,10.0,10.0,10.0,10.0,10.0,100.0,30206982
,,,,,,,30214389
,,,,,,,30214657
10.0,10.0,10.0,10.0,10.0,10.0,95.0,3021624
8.0,8.0,10.0,10.0,10.0,8.0,70.0,30222713
,,,,,,,30230363
10.0,10.0,10.0,10.0,10.0,10.0,100.0,30234270
,,,,,,,30236485
,,,,,,,30239555
10.0,10.0,10.0,10.0,10.0,10.0,100.0,30239722
10.0,10.0,10.0,10.0,10.0,10.0,100.0,30242109
9.0,10.0,10.0,10.0,10.0,10.0,90.0,30242421
,,,,,,,30250293
10.0,10.0,10.0,10.0,10.0,10.0,100.0,30258594
,,,,,,,30259023
10.0,10.0,10.0,10.0,10.0,10.0,100.0,30259670
10.0,10.0,10.0,10.0,10.0,10.0,100.0,30261334
,,,,,,,30261600
,,,,,,,30270781
,,,,,,,30273018
,,,,,,,3027341
10.0,10.0,10.0,9.0,10.0,10.0,97.0,30276904
,,,,,,,30284483
,,,,,,,30290547
,,,,,,,30291419
10.0,10.0,10.0,10.0,9.0,10.0,97.0,3029260
,,,,,,,30293577
10.0,8.0,9.0,10.0,10.0,9.0,90.0,30293722
10.0,6.0,8.0,10.0,10.0,10.0,80.0,30294051
10.0,10.0,8.0,8.0,10.0,8.0,80.0,30301460
,,,,,,,30310595
10.0,9.0,10.0,9.0,10.0,9.0,95.0,30322438
10.0,10.0,10.0,10.0,10.0,9.0,100.0,30323119
,,,,,,,3032355
,,,,,,,30324599
,,,,,,,30324850
10.0,10.0,10.0,10.0,10.0,10.0,100.0,30325676
,,,,,,,30327756
10.0,10.0,10.0,10.0,10.0,10.0,100.0,30341193
,,,,,,,30348256
10.0,10.0,10.0,10.0,9.0,9.0,100.0,30355523
,,,,,,,30360855
10.0,10.0,10.0,10.0,10.0,10.0,100.0,30361820
10.0,10.0,10.0,10.0,8.0,10.0,80.0,30364518
,,,,,,,30364979
9.0,9.0,10.0,9.0,10.0,9.0,93.0,30365974
10.0,9.0,10.0,10.0,10.0,9.0,97.0,30366799
10.0,10.0,10.0,10.0,10.0,10.0,100.0,30368243
10.0,8.0,10.0,10.0,10.0,10.0,100.0,30377044
,,,,,,,3039012
,,,,,,,30395479
,,,,,,,30403133
10.0,10.0,10.0,10.0,10.0,10.0,100.0,30403212
10.0,9.0,10.0,10.0,10.0,10.0,97.0,3040870
,,,,,,,3041034
9.0,10.0,10.0,10.0,10.0,9.0,86.0,30412858
10.0,10.0,10.0,10.0,10.0,10.0,100.0,30421791
10.0,10.0,10.0,10.0,10.0,10.0,99.0,3042637
,,,,,,,30429154
10.0,10.0,8.0,10.0,10.0,10.0,100.0,30429988
10.0,8.0,10.0,10.0,10.0,10.0,80.0,30430804
,,,,,,,30458196
,,,,,,,30459480
,,,,,,,30459655
8.0,7.0,8.0,7.0,9.0,7.0,68.0,30479760
,,,,,,,30488589
,,,,,,,30488984
,,,,,,,30489606
10.0,10.0,10.0,10.0,10.0,10.0,100.0,30495625
4.0,10.0,10.0,10.0,8.0,6.0,20.0,30501335
,,,,,,,30504379
,,,,,,,30507198
,,,,,,,30507297
,,,,,,,30507309
10.0,10.0,10.0,10.0,10.0,10.0,100.0,30511700
,,,,,,,30515970
10.0,9.0,10.0,10.0,10.0,10.0,90.0,30518067
,,,,,,,30520863
8.0,10.0,8.0,10.0,10.0,8.0,80.0,30522015
10.0,9.0,8.0,9.0,9.0,8.0,90.0,305245
10.0,9.0,10.0,10.0,10.0,9.0,94.0,30528140
10.0,10.0,10.0,10.0,10.0,10.0,100.0,30531901
10.0,10.0,10.0,10.0,10.0,10.0,100.0,30533458
10.0,10.0,10.0,10.0,10.0,10.0,100.0,30537041
10.0,9.0,9.0,9.0,9.0,10.0,87.0,30538139
,,,,,,,30540700
9.0,10.0,10.0,9.0,10.0,10.0,100.0,30548281
,,,,,,,30549426
,,,,,,,30551204
10.0,10.0,10.0,10.0,10.0,8.0,100.0,30561422
,,,,,,,30562498
8.0,6.0,8.0,6.0,10.0,6.0,80.0,30573409
,,,,,,,30576569
9.0,10.0,10.0,10.0,10.0,10.0,98.0,30578696
,,,,,,,30588222
10.0,9.0,10.0,9.0,10.0,9.0,88.0,30589495
10.0,9.0,10.0,10.0,10.0,9.0,100.0,30606576
,,,,,,,30622150
10.0,10.0,10.0,10.0,10.0,10.0,100.0,30641024
10.0,10.0,9.0,10.0,10.0,10.0,98.0,306515
,,,,,,,30658206
8.0,8.0,10.0,10.0,8.0,10.0,80.0,30671405
,,,,,,,30672896
,,,,,,,30673003
10.0,10.0,10.0,10.0,10.0,10.0,100.0,30675540
,,,,,,,30675711
,,,,,,,30693606
,,,,,,,30702163
,,,,,,,30710358
,,,,,,,30716077
9.0,10.0,10.0,10.0,10.0,10.0,87.0,30721008
10.0,10.0,10.0,10.0,10.0,10.0,100.0,30722343
10.0,10.0,10.0,10.0,10.0,10.0,100.0,30729906
10.0,10.0,10.0,10.0,6.0,8.0,100.0,30756696
10.0,10.0,10.0,10.0,8.0,10.0,100.0,30759793
10.0,10.0,10.0,10.0,10.0,10.0,95.0,30763079
,,,,,,,30772567
,,,,,,,30780684
,,,,,,,30791322
10.0,9.0,10.0,10.0,10.0,10.0,100.0,30792780
8.0,8.0,9.0,9.0,9.0,8.0,83.0,30792893
,,,,,,,30810129
9.0,9.0,9.0,9.0,9.0,9.0,87.0,30815910
9.0,10.0,10.0,9.0,9.0,9.0,94.0,3081744
10.0,8.0,10.0,10.0,10.0,10.0,100.0,30817702
10.0,10.0,10.0,10.0,10.0,10.0,100.0,30824244
10.0,10.0,10.0,10.0,10.0,10.0,95.0,30826856
,,,,,,,30832921
10.0,10.0,10.0,10.0,10.0,8.0,100.0,30842723
10.0,10.0,10.0,10.0,10.0,10.0,100.0,30857458
10.0,10.0,10.0,10.0,10.0,10.0,100.0,30876582
,,,,,,,30882652
,,,,,,,30896492
,,,,,,,3090578
,,,,,,,309063
,,,,,,,3091450
9.0,8.0,9.0,10.0,10.0,8.0,80.0,30919312
9.0,9.0,9.0,9.0,10.0,9.0,87.0,30921897
10.0,10.0,10.0,10.0,10.0,10.0,100.0,30926186
,,,,,,,30950498
10.0,10.0,10.0,10.0,10.0,9.0,100.0,30951435
10.0,8.0,9.0,10.0,10.0,9.0,87.0,30956518
,,,,,,,30959409
,,,,,,,30962949
,,,,,,,30963309
,,,,,,,30963505
,,,,,,,30963540
,,,,,,,30963573
10.0,10.0,10.0,10.0,10.0,10.0,100.0,30973353
,,,,,,,30973388
10.0,10.0,10.0,10.0,10.0,10.0,90.0,30975819
10.0,10.0,10.0,10.0,10.0,10.0,100.0,30978373
,,,,,,,30979941
10.0,10.0,10.0,10.0,10.0,10.0,100.0,30982784
9.0,8.0,9.0,9.0,10.0,8.0,76.0,31002017
,,,,,,,31011177
10.0,10.0,10.0,10.0,10.0,10.0,93.0,31013832
9.0,10.0,10.0,10.0,9.0,9.0,93.0,3102202
,,,,,,,31022850
10.0,9.0,10.0,10.0,10.0,10.0,97.0,310233
10.0,10.0,10.0,10.0,10.0,9.0,90.0,31023724
,,,,,,,31034950
,,,,,,,31035946
10.0,10.0,10.0,10.0,10.0,10.0,100.0,31036628
10.0,10.0,10.0,10.0,8.0,10.0,100.0,31037891
,,,,,,,31039082
10.0,10.0,10.0,10.0,10.0,10.0,100.0,31040144
10.0,10.0,10.0,10.0,10.0,10.0,97.0,310414
,,,,,,,31045123
,,,,,,,31048054
10.0,9.0,10.0,10.0,8.0,10.0,90.0,31053412
10.0,10.0,10.0,8.0,8.0,10.0,80.0,31057135
,,,,,,,31057997
10.0,10.0,10.0,10.0,10.0,10.0,100.0,31058753
10.0,10.0,10.0,10.0,10.0,10.0,100.0,31059672
,,,,,,,31063824
10.0,10.0,10.0,10.0,10.0,10.0,100.0,31065702
10.0,10.0,10.0,10.0,10.0,10.0,100.0,31080472
,,,,,,,31081663
,,,,,,,31083177
,,,,,,,31085894
10.0,10.0,10.0,10.0,10.0,10.0,90.0,31086693
9.0,10.0,10.0,10.0,9.0,9.0,87.0,31088238
,,,,,,,31089327
10.0,10.0,10.0,10.0,10.0,10.0,100.0,31095245
2.0,2.0,10.0,2.0,10.0,2.0,40.0,31099467
9.0,9.0,10.0,10.0,10.0,9.0,87.0,31101349
,,,,,,,31110464
,,,,,,,31117363
10.0,9.0,8.0,10.0,9.0,9.0,87.0,31119279
,,,,,,,31121699
10.0,10.0,10.0,10.0,10.0,10.0,100.0,31123905
9.0,4.0,8.0,9.0,9.0,6.0,70.0,31125186
,,,,,,,31125291
10.0,10.0,10.0,10.0,10.0,10.0,100.0,31134257
10.0,10.0,9.0,9.0,9.0,9.0,87.0,31135824
10.0,10.0,10.0,10.0,10.0,10.0,100.0,3113661
10.0,9.0,10.0,10.0,10.0,10.0,96.0,3114202
,,,,,,,31144314
10.0,10.0,10.0,10.0,8.0,8.0,100.0,31144321
,,,,,,,31149060
,,,,,,,31156767
10.0,10.0,10.0,10.0,10.0,10.0,100.0,31164170
10.0,10.0,10.0,10.0,8.0,10.0,100.0,31167868
10.0,10.0,10.0,10.0,10.0,10.0,97.0,31173511
10.0,6.0,8.0,10.0,10.0,10.0,80.0,31176187
,,,,,,,31180534
10.0,10.0,10.0,10.0,10.0,10.0,100.0,31186053
,,,,,,,31191629
,,,,,,,31197980
,,,,,,,31200584
,,,,,,,31205337
10.0,10.0,10.0,10.0,10.0,10.0,96.0,31205947
9.0,6.0,9.0,9.0,10.0,8.0,80.0,3120723
10.0,10.0,10.0,10.0,10.0,10.0,100.0,31208538
,,,,,,,31215573
10.0,10.0,10.0,10.0,10.0,10.0,100.0,31217862
8.0,10.0,10.0,10.0,10.0,8.0,100.0,31217955
10.0,10.0,10.0,10.0,10.0,10.0,96.0,3121854
,,,,,,,31220751
,,,,,,,3122230
,,,,,,,31235308
9.0,9.0,10.0,10.0,9.0,10.0,87.0,31258001
10.0,8.0,10.0,10.0,8.0,8.0,100.0,31269732
,,,,,,,31270876
,,,,,,,31272924
8.0,8.0,8.0,9.0,8.0,8.0,79.0,3127809
,,,,,,,31279195
,,,,,,,31293980
10.0,9.0,10.0,10.0,10.0,9.0,91.0,31299012
,,,,,,,31301774
,,,,,,,31301794
,,,,,,,31302323
,,,,,,,31305846
9.0,9.0,10.0,10.0,9.0,10.0,93.0,31318633
10.0,10.0,10.0,10.0,10.0,9.0,95.0,313223
,,,,,,,31326897
,,,,,,,31328773
10.0,10.0,10.0,10.0,10.0,10.0,100.0,31332997
,,,,,,,31343008
9.0,9.0,10.0,10.0,9.0,9.0,93.0,31344231
,,,,,,,31346657
,,,,,,,31352359
,,,,,,,3136909
,,,,,,,31383645
,,,,,,,31385256
,,,,,,,31385559
8.0,7.0,8.0,8.0,7.0,8.0,84.0,31391139
10.0,10.0,10.0,10.0,10.0,10.0,100.0,31391462
10.0,10.0,10.0,10.0,9.0,10.0,96.0,3139489
,,,,,,,31399123
,,,,,,,31403026
10.0,10.0,10.0,10.0,10.0,9.0,93.0,31408169
10.0,10.0,10.0,10.0,10.0,10.0,100.0,31425079
,,,,,,,31431457
,,,,,,,3144266
,,,,,,,31443139
,,,,,,,31448135
,,,,,,,31454375
,,,,,,,31457975
,,,,,,,31459895
10.0,6.0,10.0,10.0,10.0,10.0,100.0,31460245
9.0,6.0,10.0,10.0,10.0,8.0,80.0,31461289
,,,,,,,31465474
10.0,10.0,10.0,10.0,10.0,9.0,98.0,3147146
,,,,,,,31486435
,,,,,,,31489144
,,,,,,,31490186
,,,,,,,31492265
10.0,10.0,10.0,10.0,10.0,10.0,95.0,314982
,,,,,,,31504921
,,,,,,,31505380
6.0,6.0,10.0,6.0,10.0,6.0,60.0,31506064
10.0,9.0,10.0,10.0,10.0,9.0,90.0,31507104
,,,,,,,31509992
10.0,10.0,10.0,10.0,10.0,10.0,100.0,31510270
,,,,,,,31517531
,,,,,,,31533365
,,,,,,,31538969
8.0,8.0,10.0,10.0,10.0,9.0,90.0,31548152
10.0,10.0,10.0,10.0,9.0,9.0,96.0,3155979
,,,,,,,31563921
,,,,,,,3157408
10.0,9.0,10.0,10.0,10.0,10.0,100.0,31582808
,,,,,,,31588317
,,,,,,,31589026
,,,,,,,31590340
,,,,,,,31598034
,,,,,,,31600196
,,,,,,,31613810
6.0,4.0,6.0,6.0,10.0,6.0,60.0,31630832
,,,,,,,31632468
,,,,,,,31633508
9.0,8.0,9.0,8.0,9.0,8.0,82.0,316355
,,,,,,,31639194
10.0,10.0,10.0,10.0,8.0,10.0,100.0,31644399
8.0,8.0,8.0,8.0,6.0,8.0,72.0,31644986
,,,,,,,3165920
10.0,10.0,10.0,10.0,10.0,9.0,95.0,31666595
10.0,10.0,10.0,10.0,10.0,10.0,100.0,31670584
,,,,,,,3167712
,,,,,,,31687084
,,,,,,,31693770
10.0,10.0,10.0,10.0,10.0,9.0,100.0,31696863
10.0,10.0,10.0,10.0,10.0,10.0,100.0,3170717
,,,,,,,31708004
,,,,,,,31728040
10.0,10.0,10.0,10.0,10.0,10.0,100.0,3173305
,,,,,,,31742674
,,,,,,,31761679
,,,,,,,31764157
10.0,10.0,10.0,10.0,9.0,9.0,93.0,3177173
,,,,,,,31771741
,,,,,,,31772760
,,,,,,,31773624
,,,,,,,31775003
,,,,,,,31776214
,,,,,,,31778909
,,,,,,,31794372
,,,,,,,31800265
10.0,10.0,10.0,10.0,10.0,10.0,97.0,318028
8.0,4.0,10.0,10.0,10.0,6.0,80.0,31804891
,,,,,,,31804969
,,,,,,,31806673
,,,,,,,31808341
10.0,10.0,10.0,10.0,8.0,10.0,80.0,31810829
,,,,,,,31812431
10.0,10.0,10.0,10.0,10.0,10.0,100.0,31819664
8.0,8.0,10.0,10.0,10.0,8.0,80.0,31827679
10.0,10.0,10.0,10.0,10.0,9.0,91.0,31840261
10.0,9.0,10.0,10.0,8.0,10.0,100.0,31845112
,,,,,,,31850676
,,,,,,,31860292
,,,,,,,31861001
,,,,,,,31864910
10.0,9.0,9.0,9.0,10.0,9.0,93.0,31866944
10.0,10.0,10.0,10.0,10.0,10.0,100.0,31867873
,,,,,,,31869859
,,,,,,,31876931
,,,,,,,31879987
,,,,,,,31886158
,,,,,,,31890994
,,,,,,,31900517
,,,,,,,31901908
,,,,,,,31905370
10.0,10.0,10.0,9.0,10.0,9.0,99.0,3190976
,,,,,,,31913823
,,,,,,,31913927
,,,,,,,31914885
,,,,,,,31921047
,,,,,,,31921848
,,,,,,,31922085
,,,,,,,31925067
,,,,,,,31925521
,,,,,,,31930748
,,,,,,,31941328
,,,,,,,31947832
9.0,9.0,10.0,10.0,8.0,9.0,96.0,31951146
10.0,10.0,10.0,10.0,9.0,9.0,100.0,31951390
10.0,10.0,10.0,10.0,10.0,10.0,100.0,31951516
,,,,,,,31960105
,,,,,,,31963125
,,,,,,,31970788
,,,,,,,31972844
,,,,,,,31974220
,,,,,,,31981770
,,,,,,,31984148
,,,,,,,31984651
,,,,,,,31989710
10.0,10.0,6.0,8.0,10.0,8.0,80.0,31995384
10.0,10.0,10.0,10.0,9.0,10.0,97.0,3200122
,,,,,,,3200487
,,,,,,,32008291
10.0,10.0,10.0,10.0,10.0,10.0,100.0,32008854
,,,,,,,3201230
,,,,,,,32014374
10.0,8.0,10.0,10.0,10.0,10.0,100.0,32023628
8.0,8.0,10.0,10.0,10.0,8.0,100.0,32024517
,,,,,,,32025949
,,,,,,,32028943
,,,,,,,32030782
,,,,,,,32037744
,,,,,,,32040085
8.0,8.0,9.0,9.0,9.0,8.0,86.0,320446
,,,,,,,32054255
,,,,,,,32074640
,,,,,,,32082784
,,,,,,,32087839
9.0,9.0,9.0,9.0,9.0,9.0,87.0,3208863
10.0,10.0,10.0,10.0,10.0,10.0,100.0,32092400
10.0,8.0,10.0,10.0,10.0,10.0,100.0,32092426
,,,,,,,32096193
,,,,,,,32099175
10.0,9.0,10.0,10.0,9.0,9.0,90.0,32099571
,,,,,,,32100680
,,,,,,,32101468
10.0,10.0,10.0,10.0,10.0,9.0,98.0,3210248
10.0,10.0,10.0,10.0,10.0,10.0,100.0,32102597
,,,,,,,32103922
9.0,9.0,8.0,9.0,10.0,9.0,87.0,32104281
10.0,6.0,10.0,10.0,10.0,6.0,80.0,32104830
,,,,,,,32106134
,,,,,,,32110024
,,,,,,,32112187
,,,,,,,32131343
,,,,,,,32137606
,,,,,,,32159739
8.0,10.0,8.0,8.0,10.0,8.0,100.0,32160778
,,,,,,,32165831
,,,,,,,32166129
9.0,9.0,9.0,10.0,10.0,10.0,100.0,32174629
,,,,,,,3217583
10.0,10.0,10.0,10.0,9.0,8.0,90.0,32178403
,,,,,,,321803
,,,,,,,32180516
,,,,,,,32180649
,,,,,,,32181448
,,,,,,,32189176
,,,,,,,32189927
,,,,,,,32195716
9.0,8.0,9.0,10.0,8.0,8.0,83.0,3220115
10.0,10.0,10.0,10.0,10.0,10.0,100.0,3220673
,,,,,,,32208912
,,,,,,,32209739
,,,,,,,32214610
,,,,,,,32224265
,,,,,,,32228569
,,,,,,,32232797
,,,,,,,32235219
,,,,,,,32235324
,,,,,,,32236818
,,,,,,,32237387
,,,,,,,32242177
,,,,,,,32254820
,,,,,,,32265418
,,,,,,,32268377
,,,,,,,32275673
,,,,,,,32275681
,,,,,,,32280408
,,,,,,,32281660
3.0,7.0,5.0,4.0,5.0,6.0,60.0,32287835
10.0,10.0,10.0,10.0,9.0,9.0,100.0,32297024
,,,,,,,32304461
,,,,,,,32307429
,,,,,,,32308714
,,,,,,,32309279
10.0,10.0,10.0,10.0,10.0,9.0,100.0,32312883
,,,,,,,32320880
9.0,9.0,9.0,10.0,10.0,10.0,96.0,323213
,,,,,,,32327341
8.0,8.0,10.0,10.0,8.0,10.0,100.0,32332063
,,,,,,,32338059
,,,,,,,32338168
,,,,,,,32338747
,,,,,,,32338760
,,,,,,,32338783
,,,,,,,32338886
,,,,,,,32338915
,,,,,,,32339084
,,,,,,,32340227
2.0,2.0,2.0,2.0,2.0,2.0,20.0,32341628
,,,,,,,32343800
,,,,,,,32351823
10.0,8.0,9.0,10.0,9.0,10.0,87.0,32355490
10.0,10.0,10.0,10.0,10.0,10.0,100.0,32361436
10.0,7.0,10.0,9.0,10.0,7.0,70.0,32362812
2.0,2.0,2.0,4.0,4.0,2.0,20.0,32369195
,,,,,,,32375230
9.0,9.0,10.0,10.0,10.0,9.0,94.0,3237666
,,,,,,,3237716
9.0,8.0,9.0,9.0,8.0,8.0,72.0,3238474
10.0,10.0,10.0,10.0,10.0,10.0,100.0,32385079
10.0,10.0,10.0,10.0,10.0,10.0,100.0,32388469
10.0,10.0,10.0,10.0,10.0,10.0,100.0,32401490
10.0,10.0,10.0,10.0,10.0,9.0,95.0,32418682
,,,,,,,32432419
,,,,,,,32433031
10.0,10.0,10.0,10.0,10.0,10.0,100.0,32436791
,,,,,,,32445856
,,,,,,,32447033
,,,,,,,32454803
,,,,,,,32456345
10.0,10.0,10.0,10.0,10.0,10.0,100.0,32459348
,,,,,,,32462982
,,,,,,,32476385
10.0,10.0,10.0,10.0,10.0,10.0,100.0,32481559
,,,,,,,32481979
,,,,,,,32503549
,,,,,,,32503574
10.0,10.0,10.0,10.0,10.0,10.0,100.0,32510052
,,,,,,,32528492
2.0,2.0,8.0,8.0,8.0,2.0,20.0,32537967
,,,,,,,3254016
,,,,,,,32541101
,,,,,,,32546106
,,,,,,,32546244
10.0,10.0,10.0,10.0,10.0,10.0,100.0,32546486
,,,,,,,32548455
,,,,,,,32603163
10.0,9.0,10.0,10.0,8.0,9.0,94.0,3261569
,,,,,,,32618302
,,,,,,,32636126
,,,,,,,32645900
,,,,,,,32649235
,,,,,,,32663016
,,,,,,,32663214
,,,,,,,32677257
,,,,,,,32678048
,,,,,,,32678211
,,,,,,,32679285
,,,,,,,32679705
,,,,,,,32679910
,,,,,,,32699333
,,,,,,,32699393
,,,,,,,32702406
,,,,,,,32707786
9.0,9.0,10.0,10.0,10.0,9.0,97.0,3270926
,,,,,,,3271418
10.0,10.0,10.0,10.0,10.0,8.0,100.0,32715595
,,,,,,,32717275
,,,,,,,32727861
,,,,,,,32734009
,,,,,,,32745053
,,,,,,,32745518
,,,,,,,32746163
,,,,,,,32748063
,,,,,,,32752615
,,,,,,,32759894
,,,,,,,32761256
,,,,,,,32774643
,,,,,,,32798068
,,,,,,,32805549
,,,,,,,32806919
10.0,10.0,10.0,10.0,10.0,10.0,100.0,32823084
,,,,,,,32829395
,,,,,,,32835270
,,,,,,,32838638
,,,,,,,32838748
10.0,10.0,10.0,10.0,10.0,10.0,100.0,32839070
,,,,,,,32843905
,,,,,,,32847674
,,,,,,,32856730
,,,,,,,32877018
10.0,10.0,10.0,10.0,10.0,10.0,100.0,3288363
,,,,,,,3288487
,,,,,,,32894465
,,,,,,,32896330
,,,,,,,32928274
,,,,,,,32932316
,,,,,,,32933572
,,,,,,,32934486
,,,,,,,3293479
,,,,,,,32948708
,,,,,,,32958737
10.0,10.0,10.0,10.0,10.0,10.0,100.0,32969
10.0,10.0,10.0,10.0,10.0,10.0,97.0,3301571
10.0,10.0,10.0,10.0,9.0,9.0,96.0,3308303
9.0,9.0,10.0,10.0,9.0,10.0,95.0,332150
10.0,9.0,10.0,10.0,10.0,9.0,93.0,3322110
10.0,10.0,10.0,10.0,10.0,10.0,96.0,333190
10.0,10.0,10.0,10.0,9.0,10.0,93.0,3332055
6.0,8.0,8.0,10.0,4.0,8.0,80.0,3335550
10.0,10.0,10.0,10.0,10.0,10.0,99.0,333624
8.0,9.0,10.0,9.0,10.0,10.0,90.0,3355353
10.0,10.0,10.0,9.0,9.0,9.0,91.0,336569
10.0,9.0,10.0,10.0,10.0,9.0,91.0,3374964
10.0,10.0,10.0,10.0,9.0,9.0,94.0,3376567
10.0,10.0,10.0,10.0,10.0,9.0,100.0,3382961
10.0,8.0,9.0,10.0,10.0,9.0,95.0,3383677
10.0,10.0,10.0,10.0,9.0,10.0,95.0,3404472
8.0,8.0,10.0,10.0,10.0,10.0,100.0,3410502
10.0,10.0,10.0,10.0,9.0,9.0,97.0,34177
7.0,7.0,8.0,9.0,9.0,7.0,69.0,342027
9.0,9.0,9.0,9.0,10.0,8.0,84.0,342139
10.0,9.0,10.0,10.0,10.0,8.0,93.0,3427741
9.0,9.0,10.0,9.0,10.0,8.0,83.0,3432115
10.0,9.0,10.0,10.0,10.0,10.0,92.0,3446689
10.0,9.0,10.0,10.0,10.0,9.0,94.0,3448897
9.0,9.0,10.0,9.0,10.0,9.0,91.0,3458439
9.0,7.0,9.0,9.0,8.0,9.0,83.0,3463465
10.0,10.0,10.0,10.0,10.0,10.0,98.0,3464992
10.0,9.0,10.0,10.0,9.0,9.0,93.0,3476105
9.0,6.0,7.0,10.0,8.0,8.0,70.0,3476107
9.0,9.0,9.0,10.0,10.0,9.0,88.0,347803
9.0,10.0,9.0,9.0,10.0,10.0,90.0,3485641
9.0,8.0,10.0,10.0,9.0,9.0,92.0,3494585
9.0,9.0,10.0,10.0,10.0,9.0,97.0,349618
8.0,8.0,8.0,8.0,8.0,8.0,75.0,3503965
10.0,9.0,10.0,9.0,9.0,9.0,93.0,3506859
10.0,10.0,10.0,10.0,10.0,10.0,97.0,3517150
10.0,10.0,10.0,10.0,10.0,10.0,97.0,3517568
9.0,9.0,10.0,10.0,10.0,9.0,91.0,3527622
10.0,10.0,10.0,10.0,10.0,10.0,100.0,3530395
10.0,10.0,10.0,10.0,10.0,10.0,100.0,3532235
9.0,9.0,10.0,10.0,10.0,9.0,93.0,3535812
10.0,9.0,10.0,10.0,9.0,9.0,94.0,35379
8.0,8.0,8.0,8.0,8.0,8.0,80.0,3544397
,,,,,,,3544610
10.0,9.0,10.0,10.0,10.0,9.0,93.0,3567993
10.0,10.0,10.0,10.0,10.0,10.0,96.0,357958
10.0,10.0,10.0,10.0,10.0,9.0,96.0,3580577
9.0,10.0,9.0,10.0,10.0,9.0,92.0,3581676
10.0,9.0,10.0,10.0,10.0,9.0,92.0,359969
10.0,10.0,10.0,10.0,10.0,10.0,100.0,3602073
,,,,,,,3616643
9.0,8.0,9.0,9.0,9.0,9.0,88.0,3618467
10.0,10.0,10.0,10.0,10.0,9.0,92.0,3631518
9.0,8.0,10.0,10.0,8.0,9.0,87.0,3632907
,,,,,,,3633808
9.0,9.0,9.0,9.0,9.0,9.0,87.0,3640004
10.0,10.0,10.0,10.0,10.0,10.0,100.0,3654407
10.0,10.0,10.0,10.0,9.0,9.0,98.0,3675957
9.0,10.0,10.0,9.0,10.0,9.0,94.0,369336
9.0,9.0,9.0,9.0,9.0,9.0,88.0,3729694
10.0,8.0,10.0,10.0,10.0,7.0,90.0,3731634
9.0,10.0,10.0,10.0,9.0,10.0,93.0,3735449
10.0,8.0,9.0,9.0,9.0,9.0,86.0,3760592
,,,,,,,3786402
6.0,6.0,5.0,6.0,9.0,7.0,60.0,3798786
9.0,9.0,10.0,9.0,10.0,9.0,93.0,3800450
10.0,10.0,10.0,10.0,10.0,10.0,97.0,3812222
8.0,8.0,9.0,9.0,9.0,9.0,85.0,3815305
10.0,9.0,9.0,10.0,8.0,9.0,90.0,3816200
10.0,10.0,10.0,10.0,9.0,9.0,93.0,3855119
10.0,10.0,10.0,10.0,10.0,9.0,97.0,3876850
9.0,9.0,10.0,10.0,10.0,9.0,89.0,3885090
9.0,9.0,10.0,10.0,10.0,9.0,92.0,3891064
10.0,10.0,10.0,10.0,10.0,9.0,95.0,3905849
,,,,,,,3920340
,,,,,,,3920836
,,,,,,,3930842
8.0,6.0,9.0,10.0,9.0,7.0,71.0,3930878
10.0,9.0,10.0,10.0,10.0,9.0,95.0,3936009
10.0,10.0,10.0,10.0,9.0,10.0,97.0,394428
10.0,8.0,10.0,10.0,10.0,10.0,90.0,3952093
10.0,9.0,10.0,10.0,9.0,10.0,98.0,3953585
10.0,10.0,10.0,10.0,9.0,9.0,92.0,3961051
9.0,8.0,10.0,9.0,9.0,9.0,91.0,3963635
10.0,9.0,10.0,10.0,10.0,10.0,96.0,3969482
10.0,9.0,10.0,10.0,10.0,9.0,93.0,3971325
10.0,10.0,10.0,10.0,9.0,10.0,98.0,3975630
9.0,9.0,10.0,10.0,10.0,9.0,100.0,3996080
10.0,10.0,10.0,10.0,9.0,10.0,96.0,4000621
8.0,8.0,9.0,9.0,9.0,8.0,83.0,4001099
10.0,10.0,10.0,10.0,10.0,10.0,100.0,4010246
10.0,10.0,10.0,10.0,10.0,10.0,100.0,4016121
10.0,9.0,10.0,10.0,10.0,10.0,96.0,4021526
9.0,9.0,10.0,10.0,9.0,9.0,91.0,4025329
8.0,10.0,10.0,10.0,8.0,10.0,100.0,4025482
,,,,,,,4031809
10.0,9.0,10.0,10.0,9.0,10.0,94.0,4037541
10.0,10.0,10.0,10.0,10.0,10.0,90.0,4044871
9.0,9.0,9.0,9.0,9.0,9.0,92.0,404688
9.0,10.0,10.0,9.0,8.0,9.0,91.0,4049958
10.0,10.0,10.0,10.0,9.0,10.0,98.0,4052514
10.0,10.0,10.0,10.0,9.0,10.0,94.0,4057320
10.0,10.0,10.0,10.0,10.0,10.0,95.0,4069429
10.0,10.0,10.0,10.0,10.0,10.0,80.0,4074453
10.0,10.0,10.0,10.0,10.0,9.0,97.0,4076976
10.0,10.0,10.0,10.0,10.0,10.0,97.0,4079030
10.0,10.0,10.0,10.0,10.0,10.0,100.0,4081276
9.0,9.0,10.0,10.0,8.0,9.0,90.0,4083049
10.0,10.0,10.0,10.0,10.0,10.0,100.0,4088691
10.0,10.0,9.0,10.0,9.0,10.0,98.0,4091190
,,,,,,,4116934
9.0,8.0,10.0,8.0,9.0,9.0,85.0,4120182
8.0,6.0,9.0,9.0,9.0,9.0,83.0,4138110
10.0,10.0,10.0,10.0,10.0,10.0,99.0,4138543
9.0,9.0,10.0,10.0,10.0,9.0,95.0,4144356
10.0,10.0,10.0,10.0,10.0,10.0,100.0,4150719
,,,,,,,4150857
10.0,10.0,10.0,10.0,10.0,10.0,100.0,4158278
10.0,10.0,10.0,10.0,10.0,10.0,98.0,4164487
9.0,9.0,10.0,10.0,9.0,9.0,87.0,4178152
10.0,9.0,10.0,10.0,10.0,9.0,91.0,4178954
10.0,10.0,10.0,10.0,10.0,10.0,100.0,4181852
10.0,10.0,10.0,10.0,10.0,10.0,97.0,4183200
,,,,,,,4185995
10.0,10.0,10.0,10.0,9.0,10.0,97.0,4194010
8.0,6.0,8.0,8.0,9.0,8.0,70.0,4204302
8.0,8.0,10.0,9.0,9.0,8.0,81.0,4211510
10.0,10.0,10.0,10.0,10.0,10.0,100.0,4217268
9.0,10.0,10.0,10.0,10.0,9.0,95.0,423275
10.0,10.0,10.0,10.0,10.0,10.0,96.0,424137
10.0,10.0,10.0,9.0,8.0,9.0,95.0,4241384
10.0,9.0,10.0,10.0,10.0,9.0,95.0,4241486
9.0,9.0,10.0,9.0,10.0,9.0,91.0,4270866
10.0,10.0,8.0,6.0,8.0,8.0,60.0,4272447
10.0,10.0,10.0,10.0,10.0,10.0,97.0,4294289
9.0,8.0,9.0,9.0,10.0,9.0,85.0,4297256
9.0,10.0,10.0,10.0,9.0,9.0,100.0,4304899
8.0,6.0,9.0,9.0,8.0,7.0,73.0,4318532
9.0,9.0,10.0,9.0,10.0,9.0,88.0,4318601
10.0,10.0,10.0,10.0,10.0,10.0,99.0,4334446
10.0,10.0,10.0,10.0,9.0,9.0,100.0,4348703
10.0,9.0,10.0,10.0,10.0,10.0,95.0,4354142
10.0,9.0,10.0,10.0,9.0,9.0,92.0,4354262
10.0,10.0,10.0,10.0,10.0,10.0,98.0,4365756
9.0,9.0,8.0,9.0,9.0,9.0,85.0,4372254
,,,,,,,4373803
,,,,,,,4374881
10.0,10.0,10.0,10.0,9.0,9.0,97.0,4379799
10.0,9.0,10.0,10.0,10.0,9.0,92.0,4382487
9.0,10.0,10.0,10.0,10.0,9.0,95.0,438923
10.0,9.0,10.0,10.0,10.0,9.0,92.0,4404740
10.0,10.0,10.0,10.0,10.0,10.0,96.0,440924
10.0,10.0,10.0,10.0,10.0,10.0,97.0,4412422
8.0,10.0,10.0,10.0,10.0,9.0,90.0,4413137
10.0,10.0,10.0,10.0,10.0,10.0,96.0,4430808
,,,,,,,4441805
9.0,10.0,10.0,10.0,10.0,9.0,95.0,4447107
10.0,10.0,10.0,10.0,10.0,10.0,98.0,4448723
10.0,9.0,10.0,10.0,10.0,9.0,95.0,4449066
10.0,9.0,10.0,9.0,10.0,10.0,94.0,4450120
10.0,10.0,10.0,10.0,10.0,10.0,98.0,4451485
10.0,10.0,10.0,10.0,10.0,10.0,96.0,4454553
,,,,,,,4458669
9.0,9.0,9.0,9.0,9.0,9.0,89.0,4466635
10.0,10.0,10.0,10.0,10.0,10.0,100.0,4467174
9.0,9.0,10.0,10.0,10.0,9.0,92.0,4471162
10.0,9.0,10.0,10.0,10.0,10.0,96.0,4499095
9.0,8.0,10.0,9.0,10.0,9.0,93.0,4502957
10.0,10.0,10.0,10.0,9.0,10.0,96.0,4505004
10.0,10.0,10.0,10.0,9.0,10.0,98.0,4505019
,,,,,,,4514503
,,,,,,,4515942
10.0,10.0,10.0,10.0,10.0,10.0,100.0,4523435
10.0,9.0,10.0,10.0,10.0,10.0,95.0,4532525
10.0,10.0,10.0,10.0,10.0,10.0,97.0,4532565
,,,,,,,454593
10.0,9.0,10.0,10.0,10.0,10.0,96.0,4555069
10.0,10.0,10.0,10.0,10.0,10.0,94.0,4556650
10.0,10.0,10.0,10.0,10.0,10.0,97.0,4563401
,,,,,,,4565981
9.0,9.0,10.0,9.0,10.0,9.0,88.0,4573398
8.0,8.0,9.0,9.0,10.0,8.0,84.0,457829
10.0,10.0,10.0,10.0,10.0,10.0,100.0,4580916
10.0,9.0,10.0,10.0,10.0,9.0,92.0,4586762
9.0,9.0,10.0,10.0,10.0,9.0,95.0,4589874
10.0,9.0,10.0,10.0,10.0,7.0,93.0,4591790
10.0,10.0,10.0,10.0,10.0,10.0,97.0,4593396
,,,,,,,4603224
9.0,7.0,10.0,10.0,10.0,8.0,80.0,4609521
,,,,,,,4619231
,,,,,,,4620058
10.0,10.0,10.0,10.0,10.0,10.0,100.0,4621190
9.0,10.0,10.0,10.0,10.0,9.0,96.0,4621926
,,,,,,,462902
10.0,10.0,10.0,10.0,10.0,10.0,95.0,4642565
,,,,,,,4652482
9.0,9.0,10.0,9.0,9.0,9.0,88.0,4657865
10.0,10.0,10.0,10.0,10.0,9.0,97.0,4659046
9.0,8.0,10.0,10.0,9.0,9.0,89.0,46626
10.0,10.0,10.0,10.0,10.0,10.0,96.0,466277
,,,,,,,4667913
10.0,10.0,10.0,10.0,10.0,10.0,100.0,4686678
10.0,10.0,10.0,10.0,9.0,9.0,96.0,4688573
10.0,10.0,10.0,10.0,10.0,10.0,100.0,4692378
10.0,9.0,10.0,10.0,10.0,10.0,95.0,469638
,,,,,,,4699061
10.0,10.0,10.0,10.0,10.0,9.0,98.0,4709568
9.0,10.0,10.0,10.0,10.0,9.0,93.0,4725257
,,,,,,,4734514
,,,,,,,4737477
9.0,9.0,10.0,9.0,9.0,9.0,89.0,4740503
10.0,10.0,10.0,9.0,9.0,10.0,100.0,4742607
10.0,10.0,10.0,10.0,9.0,10.0,96.0,4743645
9.0,9.0,10.0,10.0,10.0,9.0,93.0,4755673
10.0,10.0,10.0,10.0,10.0,10.0,100.0,4758009
10.0,9.0,10.0,10.0,10.0,9.0,93.0,4761793
,,,,,,,4766440
10.0,10.0,10.0,9.0,9.0,9.0,92.0,476983
9.0,9.0,9.0,9.0,10.0,8.0,89.0,4773338
10.0,10.0,10.0,10.0,10.0,10.0,97.0,4774436
,,,,,,,4774629
10.0,10.0,10.0,10.0,10.0,9.0,97.0,4774924
,,,,,,,4776488
10.0,10.0,10.0,10.0,10.0,10.0,100.0,4776811
8.0,9.0,9.0,9.0,8.0,9.0,83.0,4778098
9.0,9.0,10.0,9.0,10.0,9.0,87.0,4778849
9.0,9.0,10.0,9.0,9.0,9.0,95.0,478053
10.0,10.0,10.0,10.0,10.0,10.0,98.0,4790136
10.0,10.0,10.0,10.0,9.0,10.0,95.0,4790969
,,,,,,,4792875
10.0,10.0,10.0,10.0,10.0,9.0,96.0,4797773
9.0,9.0,9.0,10.0,10.0,9.0,93.0,4798216
9.0,9.0,10.0,10.0,9.0,10.0,90.0,4798749
,,,,,,,4800611
10.0,10.0,10.0,10.0,10.0,10.0,98.0,4802877
10.0,10.0,10.0,10.0,10.0,10.0,96.0,4807244
,,,,,,,4816450
,,,,,,,4823910
10.0,10.0,10.0,10.0,10.0,10.0,80.0,4826466
10.0,10.0,10.0,10.0,10.0,10.0,99.0,482765
9.0,9.0,9.0,9.0,10.0,8.0,88.0,48305
9.0,9.0,9.0,10.0,10.0,10.0,93.0,4838721
10.0,10.0,10.0,10.0,10.0,10.0,99.0,4840020
10.0,8.0,10.0,10.0,9.0,10.0,90.0,4840858
10.0,10.0,10.0,10.0,10.0,10.0,98.0,484267
9.0,9.0,10.0,10.0,10.0,9.0,93.0,484390
10.0,10.0,10.0,10.0,10.0,10.0,100.0,4846619
10.0,9.0,10.0,10.0,10.0,8.0,87.0,4856244
6.0,10.0,10.0,10.0,8.0,8.0,80.0,486337
9.0,8.0,9.0,9.0,10.0,9.0,84.0,4865672
9.0,10.0,9.0,9.0,9.0,9.0,93.0,4870358
10.0,10.0,10.0,10.0,10.0,9.0,96.0,4872526
10.0,9.0,10.0,10.0,10.0,9.0,95.0,4875052
10.0,10.0,10.0,10.0,9.0,9.0,93.0,4885595
9.0,8.0,9.0,9.0,10.0,9.0,90.0,4887250
10.0,10.0,9.0,10.0,10.0,9.0,93.0,4889801
9.0,9.0,10.0,10.0,10.0,10.0,93.0,4894520
10.0,10.0,10.0,10.0,9.0,10.0,100.0,4898509
10.0,9.0,10.0,10.0,10.0,10.0,98.0,490098
9.0,9.0,9.0,10.0,10.0,9.0,90.0,4901235
10.0,10.0,10.0,10.0,10.0,9.0,100.0,4902451
10.0,10.0,8.0,9.0,10.0,10.0,90.0,4906949
10.0,10.0,10.0,10.0,10.0,10.0,99.0,4915245
10.0,10.0,10.0,10.0,10.0,10.0,98.0,4919014
10.0,10.0,10.0,10.0,10.0,9.0,97.0,4924343
9.0,8.0,10.0,10.0,10.0,8.0,88.0,4940063
,,,,,,,4951001
10.0,9.0,10.0,10.0,10.0,10.0,94.0,4951402
10.0,10.0,10.0,10.0,10.0,10.0,98.0,4952989
10.0,10.0,10.0,10.0,9.0,9.0,97.0,4957358
10.0,10.0,10.0,10.0,10.0,10.0,100.0,4962247
,,,,,,,4962894
10.0,10.0,10.0,10.0,10.0,10.0,95.0,4964534
10.0,10.0,10.0,10.0,10.0,10.0,100.0,4974771
10.0,10.0,10.0,10.0,10.0,9.0,98.0,4987188
,,,,,,,4995138
10.0,10.0,10.0,10.0,10.0,10.0,100.0,5008643
9.0,10.0,10.0,9.0,9.0,9.0,94.0,501382
9.0,9.0,10.0,10.0,10.0,9.0,89.0,501693
10.0,10.0,10.0,10.0,10.0,10.0,100.0,5018276
8.0,8.0,9.0,10.0,9.0,8.0,81.0,5020358
,,,,,,,5029573
10.0,10.0,10.0,10.0,10.0,10.0,98.0,5037632
10.0,10.0,10.0,10.0,10.0,9.0,93.0,505456
10.0,10.0,10.0,8.0,9.0,9.0,90.0,5068892
10.0,10.0,10.0,10.0,10.0,10.0,100.0,507117
9.0,8.0,10.0,9.0,10.0,9.0,90.0,5071941
9.0,8.0,9.0,9.0,9.0,8.0,82.0,5075775
9.0,9.0,8.0,8.0,10.0,8.0,84.0,5080547
9.0,9.0,10.0,10.0,9.0,10.0,95.0,5083829
,,,,,,,5084164
10.0,10.0,10.0,10.0,10.0,10.0,100.0,5093778
9.0,8.0,9.0,8.0,9.0,9.0,100.0,510454
10.0,10.0,10.0,10.0,9.0,9.0,91.0,510923
10.0,9.0,10.0,10.0,10.0,9.0,92.0,5110775
,,,,,,,5112669
10.0,10.0,10.0,10.0,9.0,10.0,97.0,5114347
10.0,10.0,10.0,10.0,9.0,10.0,99.0,5116907
9.0,10.0,10.0,9.0,9.0,9.0,92.0,5121635
10.0,10.0,10.0,10.0,10.0,9.0,94.0,5122899
10.0,9.0,9.0,10.0,10.0,10.0,89.0,5127131
9.0,8.0,10.0,10.0,9.0,10.0,95.0,516720
,,,,,,,5169814
10.0,9.0,10.0,10.0,9.0,9.0,96.0,5170796
10.0,10.0,10.0,10.0,10.0,10.0,100.0,5172371
10.0,10.0,10.0,10.0,10.0,10.0,98.0,517626
,,,,,,,5177481
10.0,9.0,10.0,10.0,10.0,9.0,90.0,5178277
10.0,9.0,10.0,10.0,10.0,10.0,100.0,5186683
9.0,10.0,10.0,9.0,9.0,9.0,94.0,5189747
9.0,8.0,10.0,10.0,10.0,9.0,87.0,5192553
9.0,9.0,10.0,9.0,10.0,9.0,92.0,5194434
10.0,10.0,10.0,10.0,9.0,9.0,94.0,5208678
10.0,10.0,10.0,10.0,10.0,10.0,98.0,5222986
10.0,10.0,10.0,10.0,10.0,9.0,97.0,5224098
10.0,8.0,10.0,10.0,10.0,9.0,92.0,5247202
9.0,9.0,9.0,9.0,10.0,9.0,86.0,524729
10.0,9.0,10.0,10.0,9.0,9.0,90.0,5249793
10.0,9.0,10.0,10.0,10.0,9.0,92.0,5250762
5.0,5.0,5.0,3.0,9.0,3.0,40.0,5259407
10.0,10.0,10.0,10.0,10.0,10.0,98.0,5260247
10.0,10.0,10.0,10.0,10.0,9.0,97.0,5262710
9.0,9.0,10.0,9.0,10.0,9.0,93.0,5283892
10.0,10.0,10.0,10.0,10.0,10.0,99.0,5288332
10.0,10.0,10.0,10.0,10.0,10.0,100.0,5298896
,,,,,,,5305619
10.0,9.0,10.0,10.0,10.0,10.0,100.0,5307830
9.0,9.0,10.0,10.0,10.0,9.0,92.0,5313939
9.0,8.0,9.0,9.0,10.0,8.0,82.0,5315955
10.0,10.0,10.0,10.0,10.0,10.0,96.0,5327223
10.0,10.0,10.0,10.0,10.0,10.0,97.0,533168
9.0,10.0,9.0,10.0,10.0,9.0,94.0,5345273
8.0,8.0,9.0,9.0,9.0,9.0,84.0,5347035
10.0,10.0,10.0,10.0,9.0,10.0,95.0,535213
9.0,9.0,10.0,10.0,10.0,10.0,92.0,5357380
9.0,9.0,10.0,10.0,10.0,10.0,96.0,5361777
9.0,9.0,10.0,10.0,8.0,9.0,92.0,536526
,,,,,,,5365791
,,,,,,,5370935
10.0,10.0,10.0,10.0,10.0,10.0,100.0,539140
,,,,,,,5400643
10.0,10.0,10.0,10.0,10.0,10.0,95.0,5404095
,,,,,,,5406311
10.0,10.0,10.0,10.0,10.0,10.0,95.0,5407374
10.0,10.0,10.0,10.0,10.0,9.0,99.0,5410897
10.0,10.0,10.0,10.0,10.0,9.0,97.0,5434150
10.0,10.0,10.0,10.0,10.0,10.0,98.0,543962
9.0,10.0,10.0,10.0,9.0,9.0,92.0,5447255
10.0,9.0,10.0,10.0,10.0,9.0,95.0,5448834
6.0,8.0,8.0,8.0,10.0,7.0,64.0,5449320
,,,,,,,5451463
10.0,7.0,9.0,8.0,10.0,9.0,83.0,5451782
8.0,8.0,8.0,8.0,8.0,8.0,80.0,545658
10.0,10.0,10.0,10.0,10.0,9.0,100.0,5461928
10.0,9.0,10.0,10.0,10.0,10.0,95.0,5464028
9.0,8.0,9.0,9.0,9.0,8.0,85.0,5469086
10.0,9.0,10.0,8.0,10.0,9.0,97.0,5469770
10.0,9.0,10.0,10.0,10.0,9.0,96.0,5482864
8.0,9.0,9.0,10.0,7.0,8.0,83.0,5505414
10.0,10.0,10.0,9.0,9.0,9.0,92.0,5511614
9.0,8.0,9.0,10.0,10.0,9.0,89.0,552141
10.0,10.0,10.0,10.0,10.0,10.0,99.0,5549057
10.0,10.0,10.0,10.0,9.0,10.0,95.0,5551051
8.0,8.0,10.0,10.0,10.0,10.0,100.0,5554583
8.0,10.0,8.0,10.0,8.0,10.0,100.0,5555181
10.0,10.0,10.0,10.0,10.0,9.0,96.0,555588
10.0,10.0,10.0,10.0,10.0,9.0,96.0,55737
10.0,9.0,10.0,10.0,10.0,9.0,97.0,5574192
,,,,,,,5579838
10.0,10.0,10.0,10.0,10.0,10.0,97.0,5581269
10.0,10.0,10.0,10.0,10.0,10.0,99.0,5604994
10.0,10.0,10.0,9.0,10.0,10.0,98.0,5617551
10.0,9.0,10.0,9.0,10.0,9.0,86.0,5618084
9.0,9.0,10.0,10.0,9.0,9.0,88.0,5621357
,,,,,,,5621724
9.0,9.0,10.0,10.0,10.0,9.0,90.0,562251
10.0,10.0,10.0,10.0,10.0,9.0,98.0,5624887
10.0,10.0,10.0,10.0,10.0,10.0,100.0,5640127
10.0,10.0,10.0,10.0,10.0,10.0,100.0,5642546
10.0,9.0,10.0,10.0,10.0,9.0,86.0,564564
9.0,9.0,10.0,9.0,10.0,9.0,94.0,564578
10.0,10.0,10.0,10.0,10.0,10.0,95.0,5650901
10.0,10.0,10.0,10.0,10.0,9.0,96.0,5652195
9.0,8.0,10.0,9.0,10.0,9.0,92.0,5712086
10.0,10.0,10.0,10.0,10.0,10.0,96.0,571382
9.0,9.0,9.0,8.0,9.0,9.0,82.0,5716802
10.0,9.0,10.0,10.0,10.0,9.0,97.0,5725151
10.0,10.0,10.0,10.0,10.0,9.0,92.0,573086
10.0,10.0,10.0,10.0,10.0,9.0,93.0,5734122
10.0,9.0,10.0,10.0,9.0,9.0,94.0,573671
10.0,10.0,10.0,10.0,8.0,9.0,90.0,573924
,,,,,,,5739687
10.0,10.0,10.0,10.0,10.0,10.0,100.0,575662
10.0,9.0,10.0,10.0,10.0,10.0,97.0,5763156
10.0,9.0,9.0,9.0,8.0,10.0,94.0,577242
9.0,9.0,9.0,9.0,9.0,9.0,92.0,578396
10.0,10.0,10.0,10.0,10.0,10.0,94.0,5806416
10.0,10.0,10.0,10.0,10.0,9.0,98.0,5814254
10.0,10.0,10.0,10.0,9.0,10.0,97.0,582364
,,,,,,,5825251
,,,,,,,5837702
,,,,,,,5849291
10.0,9.0,10.0,10.0,10.0,10.0,99.0,5850712
8.0,8.0,9.0,9.0,10.0,9.0,89.0,5862093
10.0,10.0,10.0,10.0,9.0,10.0,99.0,5883037
10.0,10.0,9.0,9.0,10.0,10.0,96.0,59066
10.0,9.0,10.0,10.0,10.0,9.0,90.0,591106
10.0,10.0,10.0,10.0,10.0,10.0,98.0,5923031
10.0,10.0,10.0,10.0,10.0,10.0,99.0,5925343
10.0,9.0,10.0,10.0,9.0,9.0,93.0,5926953
10.0,10.0,10.0,10.0,10.0,9.0,93.0,5927726
,,,,,,,5940548
10.0,10.0,10.0,10.0,10.0,10.0,94.0,5960384
9.0,8.0,10.0,10.0,8.0,9.0,89.0,5979282
10.0,9.0,10.0,10.0,10.0,9.0,97.0,5980264
10.0,10.0,10.0,10.0,10.0,9.0,94.0,598612
10.0,10.0,10.0,10.0,10.0,10.0,96.0,5986898
9.0,9.0,9.0,9.0,9.0,9.0,90.0,598806
10.0,9.0,10.0,10.0,10.0,10.0,94.0,5993432
8.0,9.0,9.0,9.0,9.0,8.0,87.0,6004502
10.0,10.0,10.0,10.0,10.0,10.0,97.0,6006340
9.0,8.0,10.0,10.0,9.0,9.0,89.0,6006815
10.0,10.0,10.0,10.0,10.0,10.0,95.0,6007552
8.0,10.0,8.0,10.0,10.0,9.0,90.0,6026166
10.0,9.0,10.0,10.0,9.0,10.0,95.0,6027345
9.0,8.0,10.0,10.0,10.0,9.0,92.0,602888
9.0,9.0,10.0,10.0,10.0,9.0,92.0,6033723
9.0,7.0,10.0,10.0,10.0,8.0,87.0,6036714
10.0,10.0,10.0,10.0,10.0,10.0,99.0,6046461
10.0,10.0,10.0,10.0,10.0,9.0,100.0,6055546
10.0,10.0,10.0,10.0,10.0,9.0,94.0,6064471
10.0,9.0,10.0,10.0,10.0,10.0,100.0,6066694
10.0,10.0,10.0,10.0,10.0,10.0,100.0,6068649
2.0,2.0,2.0,2.0,2.0,2.0,20.0,6080522
10.0,10.0,10.0,10.0,10.0,10.0,100.0,608097
9.0,9.0,10.0,10.0,10.0,10.0,91.0,6081771
10.0,9.0,10.0,10.0,10.0,10.0,98.0,6100514
10.0,10.0,10.0,10.0,10.0,10.0,98.0,6105504
10.0,10.0,10.0,10.0,9.0,10.0,97.0,610596
10.0,10.0,10.0,10.0,10.0,10.0,97.0,6106370
10.0,9.0,10.0,10.0,10.0,10.0,96.0,6119840
10.0,9.0,9.0,10.0,10.0,8.0,90.0,613556
10.0,9.0,10.0,10.0,8.0,9.0,87.0,6140179
10.0,10.0,10.0,10.0,10.0,10.0,100.0,6143305
9.0,8.0,10.0,10.0,9.0,9.0,91.0,6146081
9.0,8.0,10.0,9.0,9.0,9.0,94.0,6147746
10.0,9.0,10.0,10.0,9.0,9.0,96.0,6152624
10.0,10.0,10.0,10.0,10.0,10.0,99.0,6170899
,,,,,,,6171211
10.0,10.0,10.0,10.0,9.0,9.0,96.0,6180741
10.0,10.0,10.0,10.0,10.0,10.0,97.0,6183610
10.0,10.0,10.0,10.0,9.0,9.0,95.0,6184600
10.0,10.0,10.0,10.0,10.0,9.0,95.0,6185608
9.0,8.0,9.0,9.0,10.0,9.0,86.0,6201263
10.0,9.0,10.0,10.0,10.0,10.0,96.0,6214138
,,,,,,,6216318
10.0,9.0,10.0,10.0,10.0,9.0,94.0,6225501
,,,,,,,6227387
,,,,,,,6228208
,,,,,,,6233015
,,,,,,,6235805
9.0,9.0,9.0,9.0,9.0,9.0,90.0,6240880
9.0,9.0,9.0,9.0,9.0,9.0,88.0,6242962
,,,,,,,6243157
8.0,2.0,8.0,10.0,8.0,6.0,80.0,6246681
10.0,9.0,10.0,10.0,10.0,10.0,93.0,6252815
10.0,8.0,7.0,9.0,9.0,8.0,80.0,6257961
10.0,9.0,10.0,10.0,10.0,10.0,94.0,6262269
10.0,10.0,10.0,10.0,10.0,10.0,100.0,6262536
10.0,9.0,9.0,10.0,10.0,9.0,95.0,6262821
10.0,10.0,10.0,10.0,10.0,10.0,100.0,6264804
,,,,,,,6265781
10.0,10.0,10.0,10.0,10.0,10.0,95.0,6269517
9.0,10.0,10.0,10.0,9.0,10.0,90.0,6269968
9.0,8.0,8.0,9.0,10.0,9.0,85.0,6270767
,,,,,,,6272817
,,,,,,,6274975
10.0,9.0,9.0,10.0,10.0,10.0,85.0,6277248
,,,,,,,6283933
9.0,9.0,10.0,10.0,8.0,9.0,89.0,6284249
10.0,10.0,10.0,10.0,10.0,10.0,100.0,6288998
10.0,10.0,10.0,10.0,10.0,10.0,100.0,6291063
10.0,10.0,10.0,10.0,10.0,10.0,96.0,6292364
10.0,9.0,10.0,10.0,9.0,10.0,90.0,6293102
,,,,,,,6302159
10.0,10.0,10.0,10.0,10.0,10.0,99.0,6303164
,,,,,,,6310609
,,,,,,,6313669
10.0,9.0,10.0,9.0,10.0,9.0,95.0,6314480
9.0,9.0,10.0,10.0,9.0,9.0,93.0,6314518
10.0,10.0,10.0,10.0,9.0,10.0,98.0,6316121
10.0,10.0,6.0,10.0,10.0,8.0,60.0,6316666
10.0,9.0,10.0,10.0,10.0,9.0,96.0,6333994
9.0,9.0,10.0,9.0,9.0,8.0,87.0,6342801
10.0,10.0,10.0,10.0,9.0,10.0,93.0,6345295
10.0,10.0,10.0,10.0,10.0,10.0,98.0,6349210
9.0,9.0,10.0,10.0,10.0,10.0,90.0,6355925
9.0,10.0,10.0,10.0,9.0,9.0,94.0,6357128
10.0,10.0,10.0,10.0,10.0,10.0,100.0,6357355
7.0,7.0,7.0,7.0,9.0,7.0,73.0,6357527
8.0,4.0,10.0,8.0,10.0,8.0,60.0,6358160
10.0,9.0,10.0,10.0,10.0,9.0,93.0,6360639
10.0,10.0,10.0,10.0,10.0,10.0,97.0,6361929
,,,,,,,6364408
10.0,10.0,10.0,10.0,10.0,10.0,100.0,6376606
10.0,10.0,10.0,10.0,10.0,9.0,90.0,6381542
9.0,9.0,10.0,9.0,9.0,9.0,87.0,6397672
10.0,10.0,10.0,10.0,10.0,10.0,96.0,6404761
10.0,10.0,9.0,9.0,10.0,10.0,95.0,640813
8.0,10.0,9.0,10.0,10.0,8.0,80.0,6410185
10.0,9.0,10.0,10.0,10.0,9.0,92.0,6418336
10.0,9.0,10.0,10.0,9.0,10.0,94.0,6422511
,,,,,,,6426580
9.0,8.0,9.0,9.0,10.0,8.0,83.0,6431502
10.0,10.0,10.0,10.0,10.0,10.0,94.0,643328
9.0,8.0,10.0,9.0,9.0,9.0,93.0,6434141
9.0,9.0,9.0,9.0,9.0,9.0,93.0,644054
9.0,9.0,7.0,9.0,8.0,8.0,80.0,6442604
10.0,10.0,10.0,10.0,10.0,9.0,98.0,644378
10.0,10.0,10.0,10.0,9.0,10.0,100.0,6447205
10.0,10.0,10.0,10.0,9.0,9.0,96.0,6457819
10.0,10.0,10.0,10.0,9.0,10.0,98.0,6457918
9.0,8.0,9.0,9.0,8.0,10.0,100.0,645976
10.0,10.0,10.0,10.0,9.0,9.0,95.0,6480490
9.0,8.0,10.0,10.0,10.0,8.0,84.0,6485067
,,,,,,,6486122
9.0,9.0,10.0,10.0,10.0,9.0,93.0,6486593
,,,,,,,6509658
9.0,9.0,10.0,10.0,10.0,10.0,100.0,6516405
9.0,9.0,9.0,9.0,10.0,8.0,84.0,6516773
10.0,10.0,10.0,10.0,9.0,10.0,95.0,652063
10.0,10.0,10.0,9.0,10.0,9.0,100.0,6526827
10.0,6.0,10.0,10.0,10.0,7.0,80.0,6530907
10.0,10.0,10.0,10.0,10.0,10.0,100.0,6534803
10.0,8.0,10.0,10.0,10.0,10.0,80.0,6541214
10.0,10.0,10.0,10.0,10.0,10.0,100.0,6542159
10.0,10.0,10.0,10.0,10.0,9.0,95.0,654519
8.0,8.0,6.0,8.0,10.0,10.0,80.0,6573436
9.0,9.0,9.0,10.0,8.0,9.0,89.0,6583887
10.0,10.0,10.0,10.0,10.0,10.0,98.0,6589965
10.0,10.0,10.0,10.0,10.0,9.0,94.0,6601944
10.0,10.0,10.0,10.0,10.0,9.0,98.0,660316
9.0,9.0,9.0,9.0,10.0,9.0,89.0,6609516
8.0,10.0,10.0,9.0,10.0,10.0,100.0,6610629
10.0,10.0,10.0,10.0,10.0,10.0,93.0,6611547
10.0,7.0,9.0,9.0,10.0,9.0,87.0,6612354
,,,,,,,6623365
,,,,,,,662403
,,,,,,,6626223
8.0,7.0,10.0,9.0,10.0,9.0,87.0,6627075
,,,,,,,6630139
9.0,8.0,10.0,9.0,10.0,9.0,89.0,6639953
10.0,9.0,10.0,10.0,10.0,9.0,94.0,664017
,,,,,,,6663848
,,,,,,,6663867
,,,,,,,6665504
10.0,10.0,9.0,8.0,10.0,10.0,90.0,6666674
10.0,10.0,9.0,10.0,10.0,9.0,93.0,6667210
,,,,,,,6670191
10.0,10.0,10.0,10.0,10.0,10.0,99.0,6670684
,,,,,,,6671678
9.0,9.0,10.0,9.0,8.0,9.0,92.0,6685814
10.0,10.0,9.0,10.0,10.0,10.0,100.0,6694877
10.0,10.0,10.0,10.0,10.0,10.0,100.0,6708622
,,,,,,,6748884
9.0,8.0,9.0,9.0,8.0,8.0,84.0,6757263
10.0,10.0,10.0,10.0,10.0,10.0,95.0,6767563
9.0,9.0,10.0,10.0,9.0,9.0,89.0,6771249
8.0,8.0,9.0,9.0,8.0,10.0,83.0,6774703
9.0,9.0,10.0,10.0,9.0,9.0,95.0,677850
10.0,10.0,10.0,10.0,10.0,9.0,96.0,6778993
10.0,10.0,10.0,10.0,10.0,10.0,97.0,6785160
10.0,9.0,10.0,10.0,10.0,9.0,92.0,6795568
9.0,9.0,10.0,10.0,10.0,9.0,93.0,6799814
10.0,10.0,10.0,10.0,10.0,10.0,96.0,6807419
,,,,,,,6808336
9.0,8.0,10.0,9.0,8.0,8.0,82.0,6811251
,,,,,,,6813470
8.0,8.0,9.0,8.0,8.0,8.0,75.0,6813540
10.0,9.0,10.0,10.0,9.0,10.0,92.0,6836536
10.0,9.0,9.0,10.0,10.0,10.0,97.0,6837529
4.0,8.0,6.0,8.0,6.0,4.0,60.0,6844367
9.0,9.0,10.0,10.0,10.0,9.0,94.0,685373
10.0,10.0,10.0,10.0,10.0,10.0,94.0,6868273
10.0,10.0,10.0,10.0,10.0,9.0,97.0,6871500
,,,,,,,688528
,,,,,,,6893344
10.0,10.0,10.0,10.0,10.0,10.0,99.0,6897911
10.0,10.0,10.0,10.0,10.0,10.0,100.0,6898449
,,,,,,,6903190
10.0,10.0,10.0,10.0,10.0,10.0,100.0,6908603
9.0,10.0,10.0,10.0,10.0,10.0,100.0,690895
9.0,10.0,10.0,10.0,10.0,10.0,92.0,6922924
10.0,10.0,10.0,10.0,10.0,10.0,100.0,6924099
,,,,,,,6924400
10.0,10.0,9.0,10.0,10.0,10.0,100.0,6925961
10.0,8.0,10.0,10.0,10.0,9.0,93.0,6944286
10.0,4.0,6.0,6.0,10.0,8.0,70.0,6945434
8.0,8.0,9.0,9.0,9.0,8.0,85.0,695002
8.0,8.0,9.0,9.0,10.0,8.0,86.0,6958924
10.0,7.0,10.0,10.0,10.0,10.0,90.0,6972534
10.0,10.0,10.0,10.0,10.0,10.0,100.0,6972673
10.0,10.0,10.0,10.0,9.0,10.0,100.0,6974185
10.0,10.0,9.0,10.0,10.0,9.0,93.0,6977204
,,,,,,,6985845
,,,,,,,6986272
,,,,,,,6990524
10.0,10.0,10.0,10.0,9.0,10.0,98.0,69935
,,,,,,,6995275
,,,,,,,6995662
10.0,10.0,10.0,10.0,10.0,10.0,97.0,7002304
10.0,10.0,10.0,10.0,9.0,10.0,98.0,7008712
7.0,8.0,10.0,8.0,9.0,7.0,65.0,7014635
9.0,6.0,10.0,10.0,10.0,9.0,84.0,7019534
10.0,10.0,10.0,10.0,9.0,9.0,96.0,7032855
9.0,9.0,10.0,10.0,10.0,9.0,95.0,7037584
9.0,9.0,9.0,9.0,10.0,9.0,88.0,7069636
10.0,10.0,10.0,10.0,10.0,10.0,98.0,7073250
,,,,,,,7080271
10.0,10.0,10.0,10.0,10.0,10.0,96.0,7099038
,,,,,,,7100969
10.0,10.0,10.0,10.0,10.0,10.0,97.0,7110749
8.0,6.0,8.0,8.0,10.0,8.0,80.0,7112634
10.0,10.0,10.0,10.0,10.0,10.0,94.0,7112790
,,,,,,,711348
9.0,9.0,9.0,9.0,10.0,9.0,92.0,7116864
10.0,9.0,10.0,10.0,10.0,9.0,92.0,712077
,,,,,,,7127684
9.0,9.0,9.0,10.0,10.0,9.0,90.0,7132426
10.0,10.0,10.0,10.0,10.0,10.0,95.0,7136708
9.0,10.0,10.0,10.0,9.0,9.0,94.0,7154153
,,,,,,,7168578
9.0,9.0,10.0,10.0,10.0,9.0,95.0,717081
,,,,,,,7173135
,,,,,,,718628
10.0,9.0,10.0,10.0,10.0,9.0,95.0,7187653
9.0,10.0,9.0,9.0,10.0,9.0,91.0,7203643
10.0,8.0,10.0,10.0,9.0,10.0,91.0,7205861
,,,,,,,7212218
9.0,9.0,7.0,7.0,9.0,8.0,87.0,721473
,,,,,,,7242041
10.0,8.0,10.0,10.0,10.0,10.0,95.0,7242823
9.0,8.0,9.0,8.0,9.0,8.0,80.0,7243098
10.0,9.0,10.0,10.0,9.0,9.0,92.0,7246903
10.0,9.0,10.0,10.0,10.0,9.0,96.0,7247033
10.0,10.0,10.0,10.0,10.0,10.0,100.0,7265155
9.0,10.0,9.0,9.0,9.0,9.0,93.0,7270389
9.0,9.0,10.0,9.0,10.0,10.0,80.0,7276469
,,,,,,,7280022
,,,,,,,7281373
9.0,9.0,9.0,10.0,10.0,9.0,100.0,728222
10.0,9.0,9.0,10.0,9.0,9.0,92.0,728493
,,,,,,,7285721
9.0,9.0,10.0,10.0,10.0,9.0,92.0,7286036
10.0,10.0,10.0,10.0,9.0,9.0,97.0,7301537
10.0,10.0,10.0,10.0,9.0,10.0,99.0,7311170
10.0,10.0,10.0,10.0,10.0,10.0,100.0,7317863
10.0,10.0,10.0,10.0,10.0,10.0,100.0,7318730
8.0,9.0,9.0,9.0,10.0,9.0,83.0,7322621
9.0,10.0,8.0,10.0,9.0,9.0,87.0,7340902
9.0,9.0,9.0,9.0,9.0,9.0,88.0,7349008
9.0,9.0,10.0,9.0,8.0,10.0,90.0,7364008
10.0,10.0,9.0,9.0,9.0,10.0,92.0,736472
9.0,9.0,10.0,10.0,10.0,9.0,92.0,73683
8.0,7.0,9.0,9.0,9.0,8.0,78.0,7369437
9.0,9.0,10.0,10.0,10.0,9.0,91.0,7375957
10.0,10.0,10.0,10.0,10.0,9.0,90.0,7376321
9.0,9.0,9.0,9.0,9.0,9.0,85.0,7382564
10.0,9.0,10.0,10.0,9.0,9.0,90.0,7382567
9.0,9.0,10.0,10.0,9.0,9.0,88.0,7388842
10.0,10.0,10.0,10.0,10.0,10.0,97.0,7394730
,,,,,,,7397649
9.0,9.0,10.0,10.0,9.0,10.0,91.0,7398141
8.0,8.0,10.0,10.0,10.0,10.0,100.0,7403613
9.0,9.0,10.0,10.0,10.0,9.0,88.0,7405576
10.0,10.0,10.0,10.0,10.0,10.0,100.0,7417444
9.0,8.0,10.0,10.0,9.0,8.0,90.0,7418073
9.0,8.0,9.0,10.0,10.0,9.0,89.0,741955
9.0,7.0,9.0,9.0,9.0,8.0,80.0,7421930
10.0,10.0,10.0,10.0,9.0,9.0,96.0,7427199
,,,,,,,743417
10.0,10.0,9.0,10.0,10.0,9.0,96.0,7434750
,,,,,,,7435171
10.0,9.0,10.0,10.0,10.0,9.0,96.0,7439246
9.0,9.0,9.0,9.0,9.0,9.0,91.0,744242
9.0,8.0,10.0,10.0,10.0,10.0,92.0,7450326
,,,,,,,745575
8.0,8.0,10.0,10.0,8.0,8.0,80.0,745923
,,,,,,,7459725
10.0,9.0,10.0,10.0,10.0,9.0,94.0,746088
10.0,10.0,10.0,10.0,10.0,9.0,96.0,746187
10.0,10.0,10.0,10.0,10.0,10.0,100.0,747029
,,,,,,,7471787
,,,,,,,7489637
,,,,,,,7489679
10.0,10.0,10.0,10.0,10.0,10.0,100.0,7494035
9.0,9.0,10.0,10.0,10.0,9.0,90.0,7500390
8.0,6.0,8.0,10.0,10.0,8.0,70.0,7503081
10.0,10.0,10.0,10.0,10.0,10.0,100.0,7517268
9.0,9.0,9.0,9.0,9.0,9.0,93.0,7536867
9.0,9.0,10.0,10.0,9.0,9.0,90.0,753687
9.0,9.0,10.0,10.0,9.0,9.0,90.0,7543508
9.0,9.0,9.0,10.0,9.0,9.0,93.0,7546623
10.0,10.0,10.0,10.0,10.0,10.0,100.0,7549277
9.0,9.0,10.0,10.0,9.0,10.0,95.0,7555536
8.0,6.0,8.0,9.0,9.0,8.0,79.0,7564603
,,,,,,,757385
,,,,,,,7596078
10.0,9.0,10.0,10.0,10.0,9.0,95.0,7610100
8.0,6.0,9.0,8.0,8.0,8.0,80.0,761986
9.0,9.0,9.0,9.0,10.0,9.0,85.0,7624051
10.0,9.0,10.0,10.0,9.0,9.0,91.0,7624525
9.0,9.0,9.0,8.0,9.0,9.0,89.0,7624878
8.0,9.0,9.0,10.0,9.0,9.0,90.0,7650220
10.0,9.0,10.0,10.0,10.0,10.0,96.0,7660936
9.0,9.0,9.0,9.0,10.0,9.0,90.0,7667264
,,,,,,,7672867
10.0,9.0,10.0,10.0,10.0,10.0,96.0,7674190
,,,,,,,767967
9.0,9.0,9.0,9.0,9.0,9.0,91.0,7686940
10.0,10.0,10.0,10.0,9.0,9.0,94.0,7697720
,,,,,,,7698344
10.0,9.0,10.0,10.0,9.0,10.0,93.0,7714434
10.0,10.0,10.0,10.0,10.0,10.0,93.0,7715270
9.0,9.0,10.0,10.0,10.0,9.0,100.0,7718248
10.0,10.0,10.0,10.0,10.0,10.0,100.0,7723494
10.0,10.0,10.0,10.0,10.0,9.0,97.0,7725154
10.0,10.0,10.0,10.0,10.0,9.0,94.0,7743391
10.0,10.0,10.0,10.0,10.0,10.0,97.0,7760228
9.0,10.0,10.0,9.0,10.0,9.0,87.0,7762339
10.0,10.0,10.0,10.0,9.0,10.0,100.0,7773322
9.0,9.0,10.0,10.0,9.0,9.0,93.0,7774167
9.0,9.0,9.0,9.0,10.0,9.0,89.0,7777283
8.0,8.0,9.0,9.0,9.0,8.0,86.0,7779069
10.0,10.0,10.0,10.0,10.0,9.0,93.0,7780335
10.0,10.0,10.0,10.0,9.0,9.0,95.0,7786510
10.0,10.0,10.0,10.0,10.0,10.0,94.0,7793422
10.0,9.0,10.0,10.0,10.0,10.0,100.0,7801169
10.0,10.0,10.0,10.0,10.0,10.0,94.0,780430
,,,,,,,7811718
10.0,9.0,10.0,9.0,10.0,9.0,100.0,7815865
9.0,9.0,10.0,10.0,10.0,9.0,92.0,781631
,,,,,,,7818456
10.0,10.0,10.0,10.0,9.0,10.0,97.0,7837816
10.0,10.0,10.0,10.0,10.0,10.0,98.0,7837952
10.0,9.0,10.0,10.0,9.0,10.0,100.0,7840953
9.0,9.0,10.0,9.0,10.0,9.0,83.0,7841907
10.0,10.0,10.0,10.0,9.0,10.0,100.0,7843851
8.0,2.0,4.0,6.0,6.0,6.0,60.0,7849235
8.0,8.0,8.0,10.0,10.0,8.0,80.0,7853584
9.0,9.0,10.0,9.0,10.0,9.0,91.0,7859077
10.0,7.0,10.0,10.0,8.0,10.0,80.0,7864877
10.0,10.0,10.0,10.0,10.0,10.0,100.0,7867805
,,,,,,,7868248
,,,,,,,7890165
10.0,10.0,10.0,10.0,10.0,10.0,100.0,7901220
,,,,,,,7901546
7.0,9.0,8.0,9.0,9.0,7.0,76.0,790482
9.0,9.0,7.0,8.0,9.0,9.0,80.0,7912090
10.0,9.0,10.0,10.0,10.0,8.0,70.0,7918194
10.0,10.0,10.0,10.0,9.0,10.0,98.0,7920463
10.0,10.0,10.0,10.0,10.0,10.0,100.0,7926712
,,,,,,,7927160
,,,,,,,7928490
,,,,,,,7935493
10.0,10.0,10.0,10.0,10.0,10.0,95.0,7936159
9.0,9.0,10.0,10.0,10.0,9.0,94.0,794910
10.0,10.0,9.0,10.0,9.0,10.0,100.0,7952347
8.0,8.0,10.0,10.0,10.0,8.0,80.0,7958920
,,,,,,,7964249
10.0,10.0,7.0,5.0,10.0,7.0,80.0,7970000
9.0,8.0,9.0,10.0,10.0,8.0,85.0,7976534
9.0,9.0,10.0,10.0,8.0,9.0,89.0,7981579
10.0,9.0,10.0,10.0,9.0,9.0,93.0,7983543
10.0,10.0,10.0,10.0,10.0,10.0,100.0,7988259
9.0,9.0,10.0,10.0,8.0,9.0,91.0,7997236
10.0,10.0,10.0,10.0,10.0,9.0,93.0,8013090
,,,,,,,8020792
6.0,10.0,10.0,10.0,10.0,10.0,100.0,8027341
10.0,10.0,10.0,10.0,10.0,10.0,97.0,8032676
8.0,7.0,9.0,9.0,8.0,8.0,74.0,8035801
10.0,9.0,10.0,9.0,10.0,10.0,96.0,8043869
9.0,9.0,10.0,10.0,9.0,9.0,92.0,8051911
,,,,,,,8061316
,,,,,,,8077110
,,,,,,,8082577
10.0,10.0,10.0,10.0,10.0,9.0,98.0,808705
10.0,10.0,10.0,10.0,10.0,10.0,96.0,808744
8.0,6.0,8.0,8.0,8.0,4.0,,8092787
10.0,10.0,10.0,10.0,9.0,10.0,98.0,8104448
10.0,10.0,10.0,10.0,9.0,9.0,98.0,8106459
,,,,,,,8118147
10.0,10.0,10.0,10.0,10.0,8.0,80.0,8118692
10.0,10.0,10.0,10.0,10.0,9.0,97.0,8121226
9.0,9.0,9.0,9.0,9.0,9.0,96.0,8130620
9.0,9.0,9.0,9.0,10.0,9.0,84.0,8144456
,,,,,,,815172
10.0,10.0,10.0,10.0,9.0,9.0,100.0,815265
9.0,8.0,9.0,9.0,9.0,8.0,86.0,8152655
,,,,,,,8152879
,,,,,,,8153627
,,,,,,,815654
10.0,10.0,9.0,9.0,10.0,9.0,91.0,8168496
,,,,,,,8171965
10.0,10.0,10.0,10.0,10.0,9.0,95.0,8190277
10.0,10.0,10.0,10.0,10.0,10.0,99.0,823520
10.0,10.0,10.0,10.0,10.0,9.0,94.0,8238432
10.0,8.0,10.0,10.0,10.0,10.0,93.0,8242333
10.0,10.0,10.0,10.0,10.0,10.0,99.0,8246966
,,,,,,,8253685
10.0,9.0,10.0,10.0,10.0,10.0,98.0,8256435
,,,,,,,8260935
9.0,10.0,10.0,10.0,9.0,9.0,94.0,8263542
10.0,10.0,10.0,10.0,10.0,10.0,99.0,827250
10.0,10.0,10.0,10.0,10.0,10.0,100.0,8277472
,,,,,,,8281579
,,,,,,,8290919
10.0,10.0,10.0,10.0,10.0,10.0,100.0,8293756
9.0,9.0,9.0,9.0,9.0,8.0,90.0,8297905
10.0,10.0,10.0,10.0,9.0,10.0,94.0,8301532
,,,,,,,8308145
,,,,,,,8308697
9.0,9.0,9.0,9.0,9.0,9.0,85.0,8315458
,,,,,,,832596
10.0,10.0,10.0,10.0,10.0,10.0,100.0,8326369
10.0,10.0,10.0,10.0,9.0,10.0,99.0,8327773
10.0,10.0,10.0,10.0,10.0,10.0,99.0,8341415
,,,,,,,8349536
9.0,9.0,10.0,10.0,10.0,9.0,91.0,8356824
10.0,10.0,10.0,10.0,10.0,10.0,90.0,8358372
,,,,,,,8359801
9.0,10.0,10.0,10.0,9.0,9.0,85.0,836433
10.0,10.0,10.0,10.0,10.0,10.0,100.0,8365099
9.0,9.0,10.0,10.0,9.0,9.0,95.0,8365172
10.0,10.0,10.0,10.0,9.0,8.0,100.0,8386906
10.0,10.0,10.0,10.0,10.0,9.0,100.0,8392955
,,,,,,,839334
10.0,10.0,10.0,10.0,10.0,10.0,97.0,8397068
10.0,9.0,10.0,9.0,9.0,9.0,90.0,8402207
10.0,9.0,10.0,10.0,10.0,9.0,97.0,840731
10.0,10.0,10.0,10.0,10.0,10.0,100.0,8408379
9.0,7.0,9.0,8.0,9.0,8.0,74.0,8414008
10.0,10.0,10.0,10.0,10.0,10.0,97.0,8426566
9.0,9.0,10.0,10.0,9.0,9.0,94.0,8427787
9.0,9.0,9.0,10.0,9.0,9.0,93.0,8432091
,,,,,,,8432900
8.0,8.0,8.0,8.0,10.0,8.0,80.0,8441969
,,,,,,,8443251
,,,,,,,8461086
10.0,10.0,10.0,10.0,9.0,10.0,98.0,8463872
10.0,10.0,10.0,10.0,10.0,10.0,98.0,846689
10.0,10.0,10.0,10.0,10.0,10.0,99.0,846854
9.0,9.0,9.0,9.0,10.0,9.0,89.0,8473997
10.0,9.0,10.0,10.0,10.0,10.0,93.0,8474806
10.0,9.0,9.0,9.0,10.0,9.0,95.0,8505920
9.0,10.0,9.0,10.0,10.0,10.0,95.0,8521963
9.0,9.0,9.0,9.0,10.0,9.0,88.0,8537109
10.0,10.0,10.0,10.0,10.0,10.0,97.0,8543198
10.0,9.0,10.0,9.0,10.0,9.0,89.0,8553863
10.0,10.0,10.0,10.0,10.0,10.0,98.0,8556777
10.0,10.0,10.0,10.0,10.0,10.0,98.0,8558940
10.0,10.0,10.0,10.0,10.0,10.0,97.0,8559496
,,,,,,,8566106
,,,,,,,8567327
10.0,10.0,10.0,10.0,10.0,10.0,98.0,8571561
10.0,10.0,10.0,10.0,10.0,9.0,96.0,8581508
9.0,9.0,10.0,10.0,10.0,9.0,94.0,8582685
9.0,9.0,9.0,9.0,9.0,9.0,92.0,858695
10.0,10.0,10.0,10.0,9.0,9.0,95.0,8593656
10.0,8.0,10.0,10.0,10.0,9.0,89.0,859686
10.0,10.0,10.0,10.0,10.0,10.0,95.0,8597222
9.0,9.0,9.0,10.0,9.0,9.0,88.0,8598424
,,,,,,,8606636
10.0,10.0,10.0,9.0,10.0,10.0,98.0,8606900
10.0,10.0,10.0,10.0,10.0,10.0,100.0,8608841
9.0,8.0,10.0,10.0,9.0,8.0,84.0,861172
,,,,,,,8616844
10.0,10.0,10.0,10.0,10.0,10.0,100.0,8624104
9.0,9.0,10.0,10.0,10.0,9.0,90.0,8627986
9.0,9.0,9.0,10.0,10.0,9.0,96.0,8628309
10.0,9.0,10.0,10.0,10.0,10.0,98.0,8634239
8.0,7.0,9.0,9.0,8.0,8.0,84.0,8650800
9.0,9.0,10.0,9.0,10.0,9.0,89.0,865148
9.0,9.0,10.0,9.0,10.0,9.0,88.0,865367
10.0,10.0,10.0,10.0,10.0,9.0,94.0,8662829
9.0,8.0,10.0,10.0,10.0,7.0,84.0,8664238
10.0,10.0,10.0,10.0,10.0,10.0,97.0,8672496
10.0,9.0,10.0,10.0,10.0,9.0,93.0,867745
10.0,9.0,10.0,10.0,10.0,9.0,93.0,8698671
,,,,,,,8705489
9.0,10.0,9.0,10.0,9.0,9.0,87.0,8708285
10.0,10.0,10.0,10.0,10.0,10.0,100.0,8710268
,,,,,,,8719788
10.0,10.0,10.0,10.0,10.0,9.0,97.0,8725519
8.0,8.0,9.0,9.0,9.0,9.0,78.0,8736847
10.0,9.0,10.0,9.0,9.0,9.0,80.0,8738605
8.0,9.0,10.0,10.0,10.0,8.0,86.0,8746817
10.0,10.0,10.0,10.0,9.0,10.0,95.0,8747128
9.0,8.0,8.0,9.0,10.0,9.0,87.0,875567
10.0,10.0,10.0,10.0,10.0,10.0,97.0,8764966
10.0,10.0,10.0,10.0,10.0,9.0,98.0,8777931
10.0,10.0,9.0,10.0,10.0,9.0,92.0,8778128
9.0,9.0,10.0,10.0,9.0,8.0,90.0,8778827
10.0,9.0,10.0,10.0,10.0,9.0,93.0,878307
10.0,10.0,10.0,10.0,10.0,9.0,95.0,8783653
9.0,10.0,9.0,10.0,10.0,9.0,91.0,8797439
10.0,8.0,9.0,10.0,10.0,10.0,96.0,8799546
10.0,10.0,10.0,10.0,10.0,9.0,97.0,880678
10.0,10.0,10.0,10.0,10.0,10.0,99.0,8806783
10.0,10.0,10.0,10.0,10.0,9.0,95.0,8809414
,,,,,,,8822107
10.0,10.0,10.0,10.0,10.0,10.0,100.0,8830290
10.0,10.0,10.0,10.0,10.0,9.0,94.0,8831109
9.0,9.0,9.0,9.0,10.0,9.0,88.0,8834274
10.0,10.0,10.0,10.0,9.0,9.0,91.0,884057
9.0,9.0,10.0,9.0,9.0,9.0,89.0,8844419
10.0,10.0,10.0,10.0,10.0,10.0,93.0,8844994
10.0,10.0,10.0,10.0,10.0,10.0,100.0,8847051
9.0,9.0,9.0,9.0,10.0,9.0,89.0,8847497
8.0,9.0,8.0,8.0,9.0,9.0,84.0,8861779
9.0,8.0,10.0,10.0,10.0,9.0,93.0,8863253
10.0,9.0,10.0,10.0,10.0,10.0,96.0,8877086
9.0,9.0,10.0,10.0,9.0,9.0,91.0,888107
,,,,,,,8884155
,,,,,,,8892366
10.0,10.0,10.0,10.0,9.0,10.0,97.0,890444
10.0,10.0,10.0,10.0,10.0,10.0,97.0,8905515
,,,,,,,8905626
10.0,10.0,10.0,10.0,10.0,10.0,98.0,8923160
,,,,,,,892349
10.0,9.0,10.0,10.0,10.0,9.0,95.0,894063
10.0,10.0,10.0,10.0,10.0,10.0,100.0,8942282
10.0,10.0,10.0,10.0,10.0,10.0,94.0,8958638
10.0,10.0,10.0,10.0,10.0,10.0,96.0,8977830
10.0,10.0,10.0,10.0,10.0,10.0,100.0,8980230
9.0,10.0,10.0,10.0,9.0,10.0,93.0,8985856
10.0,10.0,10.0,10.0,10.0,10.0,100.0,901441
,,,,,,,9015251
10.0,9.0,10.0,10.0,10.0,9.0,95.0,902482
,,,,,,,9028599
9.0,8.0,9.0,9.0,9.0,8.0,87.0,9039792
,,,,,,,9040313
10.0,9.0,10.0,10.0,10.0,9.0,95.0,9056827
10.0,10.0,10.0,10.0,10.0,10.0,99.0,9061835
,,,,,,,9068299
10.0,10.0,10.0,10.0,9.0,9.0,96.0,9080393
9.0,9.0,10.0,10.0,9.0,9.0,96.0,9094914
10.0,10.0,10.0,10.0,10.0,10.0,99.0,9098095
10.0,10.0,10.0,10.0,10.0,10.0,96.0,9099615
,,,,,,,9101212
,,,,,,,9117426
10.0,9.0,10.0,10.0,10.0,9.0,93.0,9118090
9.0,9.0,10.0,10.0,10.0,9.0,90.0,9138303
10.0,10.0,10.0,10.0,10.0,10.0,95.0,91439
10.0,10.0,10.0,10.0,9.0,9.0,96.0,9152841
10.0,10.0,10.0,10.0,10.0,10.0,99.0,9155739
9.0,9.0,9.0,9.0,9.0,9.0,91.0,9156574
10.0,10.0,10.0,10.0,10.0,9.0,97.0,9172046
9.0,10.0,9.0,9.0,10.0,9.0,89.0,9174474
,,,,,,,9179294
10.0,10.0,10.0,10.0,10.0,9.0,94.0,9181831
10.0,10.0,10.0,10.0,10.0,10.0,98.0,918451
10.0,9.0,10.0,10.0,10.0,10.0,94.0,919491
8.0,7.0,9.0,10.0,10.0,9.0,77.0,9195855
10.0,10.0,10.0,10.0,10.0,9.0,100.0,9200371
10.0,9.0,9.0,10.0,9.0,9.0,93.0,921585
10.0,9.0,10.0,10.0,10.0,10.0,95.0,9223554
9.0,8.0,9.0,10.0,10.0,9.0,89.0,9236451
10.0,10.0,10.0,10.0,9.0,10.0,99.0,9248616
,,,,,,,9256000
10.0,10.0,10.0,10.0,10.0,10.0,96.0,9256784
10.0,10.0,10.0,10.0,10.0,10.0,98.0,9258101
,,,,,,,9260303
10.0,10.0,10.0,10.0,10.0,9.0,94.0,926669
10.0,10.0,10.0,10.0,9.0,10.0,100.0,927923
10.0,9.0,10.0,10.0,9.0,9.0,91.0,9280084
10.0,9.0,10.0,10.0,10.0,9.0,96.0,928035
9.0,9.0,10.0,10.0,10.0,9.0,93.0,928725
9.0,9.0,10.0,10.0,10.0,9.0,90.0,9290560
10.0,10.0,10.0,10.0,10.0,10.0,96.0,929583
10.0,10.0,10.0,10.0,10.0,10.0,95.0,9296889
10.0,10.0,10.0,10.0,10.0,10.0,99.0,9297414
10.0,10.0,9.0,10.0,10.0,10.0,98.0,9310959
10.0,10.0,10.0,10.0,10.0,10.0,98.0,9313155
10.0,10.0,10.0,10.0,9.0,9.0,95.0,932205
9.0,8.0,9.0,8.0,8.0,9.0,75.0,9326847
10.0,10.0,10.0,10.0,10.0,10.0,94.0,9334038
10.0,10.0,10.0,10.0,10.0,10.0,100.0,9347161
10.0,10.0,10.0,10.0,10.0,10.0,99.0,935796
10.0,10.0,10.0,10.0,10.0,9.0,97.0,9358770
,,,,,,,936001
10.0,10.0,10.0,10.0,10.0,8.0,100.0,9369576
9.0,9.0,10.0,10.0,10.0,9.0,89.0,9372696
10.0,10.0,10.0,10.0,9.0,10.0,96.0,9379065
10.0,9.0,10.0,10.0,10.0,10.0,92.0,9379792
,,,,,,,9393332
10.0,10.0,10.0,10.0,10.0,10.0,98.0,9395165
10.0,10.0,10.0,10.0,9.0,9.0,94.0,939657
10.0,10.0,10.0,10.0,9.0,10.0,97.0,940374
,,,,,,,9404853
10.0,10.0,10.0,10.0,10.0,10.0,99.0,941361
10.0,10.0,10.0,10.0,10.0,10.0,100.0,9415438
9.0,9.0,9.0,10.0,10.0,9.0,87.0,9421482
9.0,9.0,10.0,10.0,10.0,9.0,92.0,9422452
,,,,,,,9434432
,,,,,,,9436729
10.0,10.0,10.0,10.0,10.0,10.0,97.0,9444630
,,,,,,,944736
10.0,10.0,10.0,10.0,10.0,10.0,100.0,9448927
10.0,10.0,10.0,10.0,10.0,9.0,97.0,9451492
10.0,9.0,10.0,10.0,10.0,10.0,95.0,9473275
,,,,,,,9485566
,,,,,,,9493192
,,,,,,,9497614
8.0,7.0,9.0,8.0,9.0,8.0,77.0,9498918
10.0,10.0,10.0,10.0,10.0,10.0,100.0,9504767
10.0,10.0,10.0,10.0,10.0,10.0,100.0,9505003
,,,,,,,9511484
10.0,10.0,10.0,10.0,10.0,10.0,97.0,9516607
9.0,9.0,9.0,9.0,9.0,9.0,89.0,951837
10.0,10.0,10.0,10.0,10.0,9.0,97.0,9524926
9.0,10.0,9.0,9.0,10.0,9.0,85.0,95560
9.0,8.0,9.0,9.0,8.0,9.0,79.0,9557097
9.0,8.0,10.0,10.0,10.0,9.0,90.0,9562872
,,,,,,,9564669
9.0,9.0,9.0,9.0,10.0,9.0,89.0,9567840
10.0,10.0,10.0,9.0,9.0,9.0,90.0,9577006
10.0,10.0,10.0,10.0,10.0,10.0,100.0,9577071
10.0,10.0,10.0,10.0,10.0,9.0,96.0,9578325
10.0,10.0,10.0,10.0,10.0,10.0,100.0,9580041
10.0,10.0,10.0,10.0,10.0,10.0,99.0,958849
10.0,10.0,10.0,10.0,10.0,10.0,98.0,9589395
9.0,9.0,10.0,10.0,10.0,9.0,90.0,9590078
,,,,,,,9590866
9.0,9.0,9.0,10.0,9.0,9.0,92.0,959349
10.0,9.0,10.0,9.0,10.0,10.0,96.0,9597872
10.0,10.0,10.0,10.0,10.0,10.0,97.0,9599384
10.0,9.0,10.0,10.0,10.0,10.0,95.0,9611825
10.0,10.0,10.0,10.0,10.0,10.0,98.0,9612902
9.0,6.0,10.0,10.0,10.0,7.0,74.0,9614181
,,,,,,,9614672
9.0,9.0,9.0,9.0,9.0,9.0,92.0,961596
,,,,,,,9624500
,,,,,,,9631766
10.0,10.0,10.0,10.0,8.0,10.0,100.0,9639849
10.0,10.0,10.0,10.0,10.0,10.0,99.0,9643051
10.0,4.0,8.0,6.0,10.0,10.0,60.0,9667647
9.0,8.0,9.0,8.0,9.0,8.0,83.0,9672507
9.0,9.0,9.0,9.0,10.0,9.0,88.0,967346
,,,,,,,9677123
10.0,10.0,10.0,10.0,10.0,10.0,100.0,9686887
9.0,10.0,10.0,10.0,10.0,9.0,90.0,9688838
,,,,,,,9691680
10.0,9.0,10.0,9.0,10.0,9.0,92.0,9696653
,,,,,,,9698778
10.0,9.0,10.0,10.0,10.0,9.0,96.0,9701620
10.0,10.0,10.0,10.0,9.0,10.0,97.0,9703075
,,,,,,,9708020
,,,,,,,9712329
10.0,10.0,10.0,10.0,10.0,9.0,94.0,9714401
9.0,9.0,9.0,9.0,10.0,8.0,85.0,9721256
,,,,,,,9733671
10.0,9.0,10.0,10.0,10.0,9.0,90.0,9735397
10.0,10.0,10.0,10.0,9.0,10.0,98.0,9736844
,,,,,,,9738789
10.0,10.0,10.0,10.0,10.0,10.0,97.0,9740895
10.0,10.0,10.0,10.0,10.0,9.0,96.0,9744478
10.0,10.0,8.0,8.0,8.0,10.0,80.0,9746950
,,,,,,,9755908
,,,,,,,9759181
10.0,9.0,10.0,10.0,10.0,10.0,97.0,9759372
6.0,6.0,6.0,5.0,7.0,7.0,60.0,9762946
,,,,,,,9765083
10.0,9.0,10.0,10.0,9.0,9.0,96.0,9767864
,,,,,,,9774127
10.0,10.0,10.0,10.0,10.0,10.0,100.0,9789520
10.0,10.0,10.0,10.0,9.0,9.0,91.0,9794124
10.0,10.0,10.0,10.0,10.0,10.0,98.0,9795621
,,,,,,,9796437
10.0,10.0,10.0,9.0,10.0,10.0,100.0,9799412
10.0,10.0,10.0,10.0,10.0,10.0,96.0,9802077
10.0,10.0,10.0,10.0,10.0,10.0,97.0,9807529
,,,,,,,9807679
9.0,9.0,9.0,10.0,10.0,9.0,93.0,9810515
10.0,10.0,10.0,10.0,10.0,10.0,100.0,9815988
10.0,10.0,10.0,10.0,10.0,10.0,97.0,9834391
6.0,8.0,6.0,6.0,9.0,7.0,60.0,9834713
,,,,,,,9846545
9.0,10.0,10.0,10.0,10.0,9.0,97.0,9848595
10.0,10.0,10.0,8.0,10.0,10.0,80.0,9848837
10.0,10.0,10.0,10.0,10.0,10.0,98.0,9849915
10.0,10.0,10.0,10.0,10.0,10.0,92.0,9853331
9.0,9.0,10.0,10.0,10.0,9.0,92.0,9867316
10.0,9.0,10.0,10.0,10.0,9.0,85.0,9887054
10.0,10.0,10.0,10.0,10.0,10.0,100.0,9895628
10.0,10.0,10.0,10.0,10.0,10.0,99.0,9907103
,,,,,,,9907907
,,,,,,,9908871
9.0,9.0,9.0,9.0,9.0,8.0,89.0,9917859
,,,,,,,9936016
10.0,10.0,10.0,10.0,10.0,9.0,96.0,9937100
10.0,10.0,10.0,10.0,8.0,8.0,100.0,9944044
10.0,10.0,10.0,10.0,10.0,10.0,100.0,9951865
10.0,10.0,10.0,9.0,9.0,10.0,97.0,9969335
,,,,,,,9979991
8.0,9.0,10.0,10.0,8.0,7.0,80.0,9981541
10.0,10.0,10.0,10.0,10.0,10.0,98.0,9983221
,,,,,,,9985696
10.0,10.0,10.0,10.0,10.0,9.0,97.0,9987200
10.0,10.0,10.0,10.0,10.0,9.0,97.0,9990304
10.0,9.0,10.0,10.0,10.0,9.0,92.0,9993190
